# id, s, p
1.000000,0.673708,0.250248
2.000000,0.531256,0.297621
3.000000,0.866134,0.193208
4.000000,0.848315,0.198131
5.000000,0.853498,0.196692
6.000000,0.297030,0.383222
7.000000,0.576949,0.281987
8.000000,1.070129,0.142281
9.000000,0.654956,0.256248
10.000000,0.556057,0.289086
11.000000,-0.906325,0.182382
12.000000,-0.384402,0.350340
13.000000,-0.450702,0.326102
14.000000,1.273655,0.101393
15.000000,1.441328,0.074746
16.000000,0.820792,0.205882
17.000000,1.102455,0.135132
18.000000,1.142949,0.126530
19.000000,1.178182,0.119362
20.000000,0.795561,0.213144
21.000000,1.298279,0.097096
22.000000,0.807361,0.209729
23.000000,1.033448,0.150697
24.000000,0.658980,0.254954
25.000000,-0.707792,0.239537
26.000000,0.066616,0.473444
27.000000,-0.705740,0.240175
28.000000,1.763228,0.038931
29.000000,1.910671,0.028023
30.000000,0.808119,0.209511
31.000000,1.230035,0.109342
32.000000,1.145792,0.125941
33.000000,1.145623,0.125976
34.000000,1.448412,0.073751
35.000000,1.793780,0.036424
36.000000,1.433802,0.075814
37.000000,1.444002,0.074369
38.000000,1.066484,0.143103
39.000000,1.024585,0.152779
40.000000,0.900070,0.184041
41.000000,1.032228,0.150983
42.000000,-0.122914,0.451088
43.000000,0.805477,0.210272
44.000000,-1.476237,0.069940
45.000000,1.078892,0.140318
46.000000,1.352909,0.088042
47.000000,1.595488,0.055302
48.000000,1.340923,0.089973
49.000000,1.373419,0.084811
50.000000,1.209119,0.113309
51.000000,1.050634,0.146713
52.000000,1.528995,0.063133
53.000000,1.767578,0.038566
54.000000,1.767578,0.038566
55.000000,1.683391,0.046150
56.000000,1.423654,0.077273
57.000000,1.145340,0.126034
58.000000,1.010586,0.156107
59.000000,0.750619,0.226441
60.000000,0.723267,0.234758
61.000000,0.612230,0.270193
62.000000,1.024341,0.152837
63.000000,0.852271,0.197032
64.000000,1.014652,0.155136
65.000000,1.183461,0.118313
66.000000,0.408317,0.341520
67.000000,0.636152,0.262339
68.000000,1.196955,0.115662
69.000000,0.822299,0.205453
70.000000,-0.202043,0.419942
71.000000,-0.892013,0.186193
72.000000,-0.397408,0.345533
73.000000,-0.784534,0.216363
74.000000,1.010991,0.156010
75.000000,1.216377,0.111921
76.000000,1.534494,0.062454
77.000000,1.685670,0.045930
78.000000,1.632249,0.051314
79.000000,1.564390,0.058863
80.000000,1.270876,0.101886
81.000000,1.201474,0.114784
82.000000,1.130011,0.129236
83.000000,1.380616,0.083698
84.000000,0.934271,0.175082
85.000000,1.165796,0.121848
86.000000,1.001099,0.158389
87.000000,1.275826,0.101009
88.000000,1.224600,0.110363
89.000000,1.302525,0.096368
90.000000,0.823042,0.205242
91.000000,0.859196,0.195116
92.000000,0.845658,0.198872
93.000000,1.308396,0.095369
94.000000,0.709256,0.239083
95.000000,1.087484,0.138411
96.000000,1.093766,0.137029
97.000000,1.583440,0.056661
98.000000,0.721649,0.235255
99.000000,0.371850,0.355002
100.000000,-0.105684,0.457917
101.000000,-0.623887,0.266351
102.000000,0.964086,0.167501
103.000000,0.897374,0.184760
104.000000,1.523700,0.063792
105.000000,1.709049,0.043721
106.000000,1.457086,0.072546
107.000000,1.464699,0.071502
108.000000,1.185606,0.117889
109.000000,1.232041,0.108967
110.000000,1.053188,0.146127
111.000000,1.298248,0.097101
112.000000,1.279615,0.100340
113.000000,1.183829,0.118240
114.000000,1.263783,0.103154
115.000000,1.187249,0.117565
116.000000,1.419346,0.077899
117.000000,1.607198,0.054006
118.000000,1.212906,0.112583
119.000000,0.752595,0.225847
120.000000,0.976614,0.164380
121.000000,1.328333,0.092034
122.000000,1.004382,0.157597
123.000000,1.196522,0.115746
124.000000,1.132518,0.128708
125.000000,0.761644,0.223136
126.000000,-0.100349,0.460034
127.000000,1.160071,0.123010
128.000000,-0.134511,0.446499
129.000000,0.313088,0.377107
130.000000,2.712012,0.003344
131.000000,0.610714,0.270695
132.000000,0.365126,0.357509
133.000000,1.735142,0.041358
134.000000,2.078779,0.018819
135.000000,-1.174830,0.120031
136.000000,0.781125,0.217364
137.000000,0.753242,0.225652
138.000000,1.114894,0.132448
139.000000,1.424827,0.077104
140.000000,1.742415,0.040718
141.000000,1.685285,0.045967
142.000000,1.231353,0.109095
143.000000,1.048992,0.147091
144.000000,1.472899,0.070389
145.000000,1.349303,0.088620
146.000000,1.119394,0.131486
147.000000,1.047944,0.147332
148.000000,1.346185,0.089121
149.000000,1.182532,0.118497
150.000000,1.320268,0.093373
151.000000,1.480749,0.069337
152.000000,1.701105,0.044462
153.000000,1.261633,0.103540
154.000000,0.985214,0.162260
155.000000,1.026702,0.152280
156.000000,1.194045,0.116230
157.000000,1.271649,0.101749
158.000000,1.440759,0.074826
159.000000,1.311668,0.094816
160.000000,1.553129,0.060196
161.000000,1.316110,0.094069
162.000000,1.046237,0.147726
163.000000,1.131424,0.128938
164.000000,0.775621,0.218986
165.000000,-0.148738,0.440880
166.000000,1.635296,0.050994
167.000000,0.484740,0.313930
168.000000,2.842298,0.002239
169.000000,1.613756,0.053290
170.000000,3.746972,0.000089
171.000000,1.988103,0.023400
172.000000,2.379784,0.008661
173.000000,0.613076,0.269913
174.000000,2.943498,0.001623
175.000000,1.382104,0.083470
176.000000,0.251183,0.400836
177.000000,0.713109,0.237889
178.000000,0.817651,0.206778
179.000000,1.585287,0.056451
180.000000,1.739499,0.040974
181.000000,1.589896,0.055929
182.000000,1.013110,0.155504
183.000000,1.058381,0.144941
184.000000,1.163314,0.122351
185.000000,0.949907,0.171080
186.000000,1.332563,0.091338
187.000000,1.341915,0.089812
188.000000,1.360134,0.086894
189.000000,1.347244,0.088951
190.000000,1.343261,0.089594
191.000000,1.418343,0.078045
192.000000,1.577151,0.057380
193.000000,1.421110,0.077642
194.000000,1.049742,0.146918
195.000000,0.614344,0.269494
196.000000,1.369823,0.085371
197.000000,1.579939,0.057060
198.000000,1.727847,0.042008
199.000000,1.638881,0.050619
200.000000,1.706304,0.043976
201.000000,1.646185,0.049863
202.000000,1.644414,0.050045
203.000000,1.359833,0.086941
204.000000,1.498675,0.066979
205.000000,1.179845,0.119031
206.000000,0.614986,0.269282
207.000000,0.362131,0.358627
208.000000,2.878786,0.001996
209.000000,1.586144,0.056353
210.000000,2.680961,0.003671
211.000000,2.390757,0.008407
212.000000,0.210280,0.416725
213.000000,0.786803,0.215699
214.000000,1.635158,0.051008
215.000000,2.753029,0.002952
216.000000,-1.275771,0.101018
217.000000,3.125010,0.000889
218.000000,1.517135,0.064616
219.000000,1.299927,0.096813
220.000000,0.729945,0.232712
221.000000,1.405856,0.079883
222.000000,1.728104,0.041985
223.000000,1.237290,0.107990
224.000000,0.590151,0.277545
225.000000,0.625062,0.265965
226.000000,2.310444,0.010432
227.000000,0.139588,0.444493
228.000000,1.109164,0.133680
229.000000,1.194966,0.116050
230.000000,1.159979,0.123029
231.000000,1.258361,0.104131
232.000000,1.364320,0.086233
233.000000,1.341934,0.089809
234.000000,1.421815,0.077540
235.000000,1.388817,0.082444
236.000000,1.360469,0.086841
237.000000,1.212157,0.112726
238.000000,1.652400,0.049227
239.000000,1.738736,0.041041
240.000000,1.765977,0.038700
241.000000,1.750090,0.040051
242.000000,1.559633,0.059423
243.000000,1.739949,0.040934
244.000000,1.783188,0.037278
245.000000,1.649166,0.049557
246.000000,1.699862,0.044578
247.000000,1.391933,0.081971
248.000000,0.844862,0.199094
249.000000,1.981339,0.023777
250.000000,2.428108,0.007589
251.000000,-0.136350,0.445772
252.000000,-0.584459,0.279456
253.000000,2.197087,0.014007
254.000000,1.349469,0.088593
255.000000,2.104349,0.017674
256.000000,0.703638,0.240829
257.000000,2.757642,0.002911
258.000000,3.185597,0.000722
259.000000,3.155662,0.000801
260.000000,2.252743,0.012138
261.000000,0.901292,0.183717
262.000000,0.675476,0.249687
263.000000,1.223421,0.110585
264.000000,1.708161,0.043803
265.000000,1.328016,0.092086
266.000000,0.748662,0.227030
267.000000,1.373865,0.084742
268.000000,2.096273,0.018029
269.000000,1.059610,0.144661
270.000000,1.176420,0.119714
271.000000,1.140608,0.127017
272.000000,0.988663,0.161414
273.000000,0.932327,0.175584
274.000000,1.274779,0.101194
275.000000,1.331906,0.091445
276.000000,1.099476,0.135780
277.000000,1.327659,0.092145
278.000000,1.292633,0.098069
279.000000,1.548453,0.060757
280.000000,1.741276,0.040818
281.000000,1.714279,0.043239
282.000000,1.644727,0.050013
283.000000,1.635866,0.050934
284.000000,1.521225,0.064102
285.000000,1.734203,0.041441
286.000000,1.777893,0.037711
287.000000,1.744408,0.040544
288.000000,1.715155,0.043158
289.000000,1.441810,0.074678
290.000000,0.671521,0.250944
291.000000,1.164063,0.122199
292.000000,2.020929,0.021644
293.000000,0.414744,0.339165
294.000000,2.240612,0.012526
295.000000,0.104049,0.458565
296.000000,-0.167243,0.433589
297.000000,0.881307,0.189076
298.000000,2.569731,0.005089
299.000000,-0.246544,0.402630
300.000000,1.818775,0.034473
301.000000,4.533970,0.000003
302.000000,4.398357,0.000005
303.000000,0.690801,0.244845
304.000000,0.058508,0.476672
305.000000,0.728081,0.233282
306.000000,0.988835,0.161372
307.000000,1.592738,0.055610
308.000000,1.464139,0.071578
309.000000,0.464895,0.321003
310.000000,0.630822,0.264079
311.000000,1.321211,0.093215
312.000000,0.890564,0.186581
313.000000,1.373439,0.084808
314.000000,0.575817,0.282370
315.000000,1.271582,0.101761
316.000000,1.407474,0.079643
317.000000,1.139702,0.127205
318.000000,0.872027,0.191597
319.000000,1.188724,0.117274
320.000000,1.273626,0.101398
321.000000,1.592687,0.055615
322.000000,1.659440,0.048514
323.000000,1.652449,0.049222
324.000000,1.244428,0.106671
325.000000,1.428837,0.076526
326.000000,1.358872,0.087094
327.000000,1.638340,0.050675
328.000000,1.674318,0.047034
329.000000,1.623799,0.052209
330.000000,1.448274,0.073770
331.000000,1.415849,0.078410
332.000000,0.818716,0.206474
333.000000,0.724544,0.234366
334.000000,0.864947,0.193534
335.000000,0.174335,0.430801
336.000000,1.069079,0.142517
337.000000,0.152828,0.439267
338.000000,2.487011,0.006441
339.000000,4.003106,0.000031
340.000000,1.714602,0.043209
341.000000,3.337811,0.000422
342.000000,-0.195625,0.422452
343.000000,2.995768,0.001369
344.000000,6.666896,0.000000
345.000000,6.226504,0.000000
346.000000,4.135308,0.000018
347.000000,3.852764,0.000058
348.000000,-0.753630,0.225536
349.000000,-0.316789,0.375702
350.000000,0.730087,0.232669
351.000000,0.149500,0.440579
352.000000,1.325555,0.092494
353.000000,1.252985,0.105106
354.000000,0.504537,0.306942
355.000000,1.358810,0.087103
356.000000,1.078160,0.140481
357.000000,1.277535,0.100707
358.000000,1.276587,0.100874
359.000000,1.251837,0.105315
360.000000,0.652903,0.256909
361.000000,0.717773,0.236449
362.000000,0.788694,0.215145
363.000000,1.128401,0.129575
364.000000,1.584091,0.056586
365.000000,1.345308,0.089263
366.000000,1.027886,0.152002
367.000000,0.742114,0.229009
368.000000,1.142646,0.126593
369.000000,1.342576,0.089705
370.000000,1.519728,0.064290
371.000000,1.487862,0.068394
372.000000,1.248262,0.105968
373.000000,1.072239,0.141806
374.000000,1.221749,0.110901
375.000000,0.655039,0.256221
376.000000,0.661209,0.254239
377.000000,0.654709,0.256327
378.000000,-0.192976,0.423489
379.000000,-0.168016,0.433285
380.000000,0.179517,0.428766
381.000000,2.748780,0.002991
382.000000,3.890821,0.000050
383.000000,0.533977,0.296679
384.000000,1.690235,0.045491
385.000000,4.785824,0.000001
386.000000,5.471837,0.000000
387.000000,5.328032,0.000000
388.000000,-1.291219,0.098314
389.000000,2.062658,0.019573
390.000000,5.043612,0.000000
391.000000,3.247623,0.000582
392.000000,3.283111,0.000513
393.000000,-0.566953,0.285373
394.000000,2.418731,0.007787
395.000000,-0.027996,0.488833
396.000000,0.652678,0.256982
397.000000,0.549137,0.291456
398.000000,1.281654,0.099982
399.000000,1.160666,0.122889
400.000000,0.372037,0.354932
401.000000,1.000905,0.158436
402.000000,1.082084,0.139608
403.000000,0.534585,0.296468
404.000000,-0.050511,0.479858
405.000000,1.017011,0.154574
406.000000,0.968418,0.166418
407.000000,1.522300,0.063967
408.000000,0.728721,0.233086
409.000000,0.691533,0.244615
410.000000,0.086416,0.465568
411.000000,1.115508,0.132316
412.000000,1.337804,0.090480
413.000000,1.296019,0.097485
414.000000,1.250541,0.105551
415.000000,1.306679,0.095661
416.000000,1.148451,0.125391
417.000000,1.228124,0.109700
418.000000,0.224374,0.411233
419.000000,0.109124,0.456552
420.000000,2.093274,0.018162
421.000000,2.496545,0.006270
422.000000,0.594433,0.276111
423.000000,3.229862,0.000619
424.000000,3.185598,0.000722
425.000000,5.242736,0.000000
426.000000,4.636377,0.000002
427.000000,-0.534808,0.296391
428.000000,5.830145,0.000000
429.000000,4.246829,0.000011
430.000000,2.201804,0.013840
431.000000,-0.840856,0.200214
432.000000,-0.146340,0.441827
433.000000,-1.582480,0.056770
434.000000,3.377204,0.000366
435.000000,4.915087,0.000000
436.000000,2.954195,0.001567
437.000000,5.157946,0.000000
438.000000,0.271077,0.393166
439.000000,-0.253345,0.400001
440.000000,0.752571,0.225854
441.000000,-0.733565,0.231607
442.000000,-0.634521,0.262870
443.000000,0.453679,0.325030
444.000000,0.824373,0.204864
445.000000,1.772724,0.038137
446.000000,0.244581,0.403390
447.000000,1.757080,0.039452
448.000000,-0.077529,0.469101
449.000000,0.528942,0.298423
450.000000,1.324013,0.092749
451.000000,0.576683,0.282077
452.000000,0.882188,0.188838
453.000000,0.296664,0.383362
454.000000,0.778016,0.218280
455.000000,0.355125,0.361248
456.000000,1.129288,0.129388
457.000000,0.841450,0.200048
458.000000,1.277362,0.100737
459.000000,0.757191,0.224468
460.000000,1.089958,0.137866
461.000000,-1.286090,0.099206
462.000000,0.825614,0.204512
463.000000,-0.539416,0.294800
464.000000,1.915790,0.027696
465.000000,0.747079,0.227508
466.000000,2.651281,0.004009
467.000000,3.317020,0.000455
468.000000,1.398771,0.080941
469.000000,-0.324724,0.372695
470.000000,3.512673,0.000222
471.000000,5.041522,0.000000
472.000000,5.928806,0.000000
473.000000,-0.322310,0.373609
474.000000,5.001075,0.000000
475.000000,4.457686,0.000004
476.000000,6.412964,0.000000
477.000000,3.808912,0.000070
478.000000,-4.983377,0.000000
479.000000,2.727570,0.003190
480.000000,4.615002,0.000002
481.000000,-1.233165,0.108757
482.000000,1.820710,0.034325
483.000000,0.692576,0.244288
484.000000,-0.643560,0.259930
485.000000,1.407942,0.079574
486.000000,2.394420,0.008323
487.000000,0.068143,0.472836
488.000000,1.006798,0.157016
489.000000,0.650127,0.257805
490.000000,0.433195,0.332437
491.000000,1.346427,0.089082
492.000000,-0.140076,0.444300
493.000000,1.353565,0.087938
494.000000,0.936898,0.174405
495.000000,1.012453,0.155661
496.000000,0.482774,0.314628
497.000000,0.284873,0.387871
498.000000,0.288589,0.386448
499.000000,1.110353,0.133423
500.000000,1.302816,0.096319
501.000000,0.550602,0.290953
502.000000,1.009088,0.156466
503.000000,1.024229,0.152864
504.000000,0.497470,0.309429
505.000000,-0.564574,0.286182
506.000000,-0.482901,0.314583
507.000000,-0.171411,0.431950
508.000000,-0.198293,0.421408
509.000000,-0.285487,0.387636
510.000000,1.229583,0.109427
511.000000,0.595229,0.275845
512.000000,-0.636554,0.262208
513.000000,-0.920194,0.178736
514.000000,-1.836463,0.033145
515.000000,3.117534,0.000912
516.000000,3.196722,0.000695
517.000000,3.965246,0.000037
518.000000,7.327191,0.000000
519.000000,-0.505043,0.306764
520.000000,3.148252,0.000821
521.000000,5.354285,0.000000
522.000000,4.867290,0.000001
523.000000,-0.123890,0.450701
524.000000,-1.270822,0.101896
525.000000,0.870151,0.192109
526.000000,1.029305,0.151668
527.000000,0.162122,0.435605
528.000000,0.655621,0.256034
529.000000,0.081954,0.467342
530.000000,0.889189,0.186951
531.000000,2.821778,0.002388
532.000000,1.271842,0.101715
533.000000,-0.091236,0.463653
534.000000,-0.818266,0.206603
535.000000,0.209219,0.417139
536.000000,0.489065,0.312398
537.000000,1.548683,0.060729
538.000000,1.447346,0.073900
539.000000,0.923534,0.177864
540.000000,1.082989,0.139407
541.000000,0.737168,0.230510
542.000000,1.102950,0.135025
543.000000,1.231905,0.108992
544.000000,0.891438,0.186347
545.000000,0.864997,0.193520
546.000000,0.961324,0.168195
547.000000,1.208924,0.113346
548.000000,0.992304,0.160525
549.000000,1.223562,0.110559
550.000000,0.813173,0.208060
551.000000,0.643003,0.260111
552.000000,1.091520,0.137522
553.000000,0.883700,0.188429
554.000000,1.677589,0.046714
555.000000,1.680561,0.046424
556.000000,1.156431,0.123752
557.000000,1.225702,0.110155
558.000000,-0.260654,0.397180
559.000000,-0.987059,0.161807
560.000000,3.933511,0.000042
561.000000,-4.899147,0.000000
562.000000,3.779766,0.000078
563.000000,9.140332,0.000000
564.000000,8.589832,0.000000
565.000000,1.747126,0.040308
566.000000,-7.182724,0.000000
567.000000,6.885451,0.000000
568.000000,-0.412501,0.339986
569.000000,4.357737,0.000007
570.000000,1.807417,0.035349
571.000000,1.450586,0.073448
572.000000,-0.172495,0.431524
573.000000,0.145649,0.442099
574.000000,3.907378,0.000047
575.000000,3.192038,0.000706
576.000000,1.007147,0.156932
577.000000,0.758083,0.224201
578.000000,1.283794,0.099607
579.000000,-0.865808,0.193298
580.000000,0.402021,0.343834
581.000000,1.455422,0.072776
582.000000,1.634467,0.051080
583.000000,1.343697,0.089523
584.000000,1.536165,0.062249
585.000000,1.274797,0.101191
586.000000,1.369464,0.085427
587.000000,1.059591,0.144665
588.000000,1.141690,0.126792
589.000000,1.086258,0.138682
590.000000,0.766240,0.221767
591.000000,0.974975,0.164786
592.000000,0.952692,0.170373
593.000000,1.225199,0.110250
594.000000,1.143541,0.126407
595.000000,1.290916,0.098366
596.000000,1.683048,0.046183
597.000000,1.859253,0.031496
598.000000,1.705708,0.044031
599.000000,1.604705,0.054279
600.000000,0.794357,0.213494
601.000000,1.516492,0.064697
602.000000,2.357077,0.009210
603.000000,-1.259573,0.103912
604.000000,3.153841,0.000806
605.000000,2.614790,0.004464
606.000000,2.235278,0.012700
607.000000,6.253792,0.000000
608.000000,0.983317,0.162726
609.000000,6.338810,0.000000
610.000000,6.312990,0.000000
611.000000,8.423486,0.000000
612.000000,6.488522,0.000000
613.000000,2.867370,0.002069
614.000000,3.202199,0.000682
615.000000,-0.929900,0.176211
616.000000,1.858107,0.031577
617.000000,3.947200,0.000040
618.000000,2.013597,0.022026
619.000000,0.672985,0.250478
620.000000,1.210471,0.113049
621.000000,2.302717,0.010647
622.000000,0.273448,0.392254
623.000000,0.422721,0.336249
624.000000,0.626975,0.265338
625.000000,1.286581,0.099120
626.000000,1.351735,0.088230
627.000000,1.698932,0.044666
628.000000,1.535782,0.062296
629.000000,1.647146,0.049764
630.000000,1.640188,0.050483
631.000000,1.508008,0.065776
632.000000,1.646860,0.049793
633.000000,1.094749,0.136813
634.000000,1.396438,0.081291
635.000000,1.065364,0.143356
636.000000,0.882711,0.188696
637.000000,1.003041,0.157921
638.000000,1.302431,0.096385
639.000000,1.184750,0.118058
640.000000,0.860438,0.194774
641.000000,1.630966,0.051449
642.000000,0.444781,0.328239
643.000000,0.734653,0.231275
644.000000,2.282786,0.011221
645.000000,0.733691,0.231569
646.000000,0.158837,0.436899
647.000000,2.632074,0.004243
648.000000,-3.531090,0.000207
649.000000,5.452592,0.000000
650.000000,5.978866,0.000000
651.000000,2.327885,0.009959
652.000000,1.180728,0.118855
653.000000,-3.403568,0.000333
654.000000,-1.118833,0.131606
655.000000,4.768260,0.000001
656.000000,5.293535,0.000000
657.000000,-2.939203,0.001645
658.000000,4.736850,0.000001
659.000000,5.490045,0.000000
660.000000,3.230768,0.000617
661.000000,0.083710,0.466643
662.000000,1.912066,0.027934
663.000000,0.634104,0.263007
664.000000,1.286016,0.099219
665.000000,0.896768,0.184921
666.000000,0.882621,0.188720
667.000000,0.341081,0.366521
668.000000,0.882537,0.188743
669.000000,1.301019,0.096626
670.000000,1.316590,0.093988
671.000000,1.223871,0.110501
672.000000,1.083572,0.139277
673.000000,1.291798,0.098213
674.000000,1.507812,0.065801
675.000000,1.791132,0.036636
676.000000,1.661631,0.048293
677.000000,1.622994,0.052295
678.000000,1.714344,0.043233
679.000000,1.436942,0.075367
680.000000,0.587619,0.278394
681.000000,0.761017,0.223323
682.000000,0.574974,0.282654
683.000000,0.969002,0.166272
684.000000,1.603221,0.054443
685.000000,1.496301,0.067288
686.000000,1.389920,0.082277
687.000000,0.929060,0.176429
688.000000,2.015836,0.021909
689.000000,-0.618460,0.268136
690.000000,2.232224,0.012800
691.000000,2.439333,0.007357
692.000000,3.165460,0.000774
693.000000,-4.590377,0.000002
694.000000,3.723904,0.000098
695.000000,5.307358,0.000000
696.000000,-0.651162,0.257471
697.000000,-0.051663,0.479399
698.000000,1.749380,0.040113
699.000000,1.622152,0.052385
700.000000,-0.933183,0.175363
701.000000,-2.368414,0.008932
702.000000,1.261379,0.103586
703.000000,-1.682320,0.046253
704.000000,0.484255,0.314102
705.000000,0.110393,0.456049
706.000000,0.765303,0.222046
707.000000,0.796716,0.212808
708.000000,1.279239,0.100406
709.000000,1.345577,0.089219
710.000000,1.174068,0.120184
711.000000,1.409241,0.079382
712.000000,1.256720,0.104428
713.000000,1.181768,0.118649
714.000000,1.267295,0.102525
715.000000,1.263108,0.103275
716.000000,1.170092,0.120982
717.000000,1.159844,0.123056
718.000000,1.534291,0.062479
719.000000,1.420821,0.077684
720.000000,1.394474,0.081587
721.000000,1.631696,0.051372
722.000000,1.441810,0.074678
723.000000,0.192377,0.423723
724.000000,0.794592,0.213425
725.000000,0.900018,0.184055
726.000000,1.271985,0.101689
727.000000,1.562093,0.059133
728.000000,1.434250,0.075750
729.000000,0.897471,0.184734
730.000000,0.976442,0.164423
731.000000,0.138562,0.444898
732.000000,0.798163,0.212388
733.000000,1.296902,0.097332
734.000000,0.200486,0.420550
735.000000,-0.758375,0.224113
736.000000,-1.394318,0.081611
737.000000,5.462180,0.000000
738.000000,3.236195,0.000606
739.000000,2.841393,0.002246
740.000000,1.474550,0.070167
741.000000,0.948584,0.171416
742.000000,3.796075,0.000074
743.000000,2.150407,0.015762
744.000000,1.630131,0.051537
745.000000,-0.205586,0.418557
746.000000,0.971960,0.165535
747.000000,0.341523,0.366355
748.000000,0.875117,0.190755
749.000000,1.040468,0.149061
750.000000,0.999426,0.158794
751.000000,0.663782,0.253415
752.000000,1.024197,0.152871
753.000000,1.700204,0.044546
754.000000,1.235901,0.108248
755.000000,1.400150,0.080734
756.000000,1.286219,0.099183
757.000000,1.580093,0.057043
758.000000,1.359960,0.086921
759.000000,1.057503,0.145141
760.000000,1.234470,0.108514
761.000000,1.208356,0.113455
762.000000,1.214247,0.112327
763.000000,1.461156,0.071986
764.000000,1.710373,0.043598
765.000000,1.442601,0.074566
766.000000,0.486995,0.313131
767.000000,0.887769,0.187332
768.000000,0.768134,0.221204
769.000000,0.725822,0.233974
770.000000,1.296839,0.097343
771.000000,0.189291,0.424933
772.000000,1.232648,0.108853
773.000000,1.111282,0.133224
774.000000,0.314707,0.376492
775.000000,0.653874,0.256597
776.000000,-0.356769,0.360632
777.000000,2.485010,0.006477
778.000000,1.846324,0.032423
779.000000,3.353034,0.000400
780.000000,1.820418,0.034348
781.000000,1.980746,0.023810
782.000000,2.406761,0.008047
783.000000,2.734527,0.003123
784.000000,3.156458,0.000798
785.000000,3.540184,0.000200
786.000000,-1.815978,0.034687
787.000000,3.418911,0.000314
788.000000,2.567074,0.005128
789.000000,3.318120,0.000453
790.000000,0.417725,0.338074
791.000000,0.721248,0.235378
792.000000,-0.020855,0.491681
793.000000,-0.157607,0.437383
794.000000,0.884981,0.188083
795.000000,1.083640,0.139262
796.000000,0.863264,0.193996
797.000000,1.374163,0.084696
798.000000,1.150942,0.124878
799.000000,0.872703,0.191413
800.000000,0.868693,0.192508
801.000000,1.336480,0.090696
802.000000,1.258623,0.104083
803.000000,1.255978,0.104562
804.000000,1.115075,0.132409
805.000000,1.211811,0.112792
806.000000,1.428180,0.076620
807.000000,1.419277,0.077909
808.000000,1.465177,0.071436
809.000000,1.186655,0.117682
810.000000,0.863424,0.193952
811.000000,-0.046909,0.481293
812.000000,0.564038,0.286364
813.000000,0.174480,0.430744
814.000000,0.673555,0.250297
815.000000,1.031842,0.151073
816.000000,1.318117,0.093732
817.000000,1.470936,0.070654
818.000000,1.655635,0.048898
819.000000,2.253368,0.012118
820.000000,1.278746,0.100493
821.000000,-0.340272,0.366826
822.000000,-2.643916,0.004098
823.000000,0.592707,0.276689
824.000000,3.867980,0.000055
825.000000,0.138321,0.444993
826.000000,3.169909,0.000762
827.000000,-1.796923,0.036174
828.000000,2.776229,0.002750
829.000000,-2.320274,0.010163
830.000000,3.544484,0.000197
831.000000,-0.534993,0.296327
832.000000,1.782186,0.037359
833.000000,1.354346,0.087813
834.000000,1.498530,0.066998
835.000000,0.487671,0.312891
836.000000,0.615465,0.269124
837.000000,1.019285,0.154034
838.000000,1.204895,0.114122
839.000000,1.210691,0.113007
840.000000,0.908410,0.181831
841.000000,0.942496,0.172969
842.000000,1.045264,0.147950
843.000000,1.369185,0.085471
844.000000,1.175338,0.119930
845.000000,1.328919,0.091937
846.000000,1.212523,0.112656
847.000000,1.437714,0.075258
848.000000,1.308471,0.095357
849.000000,0.750189,0.226571
850.000000,1.152336,0.124592
851.000000,1.196468,0.115757
852.000000,0.981134,0.163263
853.000000,1.011231,0.155953
854.000000,0.309262,0.378561
855.000000,0.847304,0.198413
856.000000,1.238308,0.107801
857.000000,1.400115,0.080739
858.000000,1.967004,0.024591
859.000000,1.602760,0.054494
860.000000,2.008809,0.022279
861.000000,2.318729,0.010205
862.000000,0.462952,0.321699
863.000000,-2.678795,0.003694
864.000000,1.689260,0.045585
865.000000,-1.394730,0.081549
866.000000,3.390900,0.000348
867.000000,0.285616,0.387586
868.000000,2.514045,0.005968
869.000000,1.518193,0.064483
870.000000,1.838137,0.033021
871.000000,2.502251,0.006170
872.000000,1.014268,0.155227
873.000000,1.407407,0.079653
874.000000,-0.337764,0.367771
875.000000,0.222972,0.411779
876.000000,2.299262,0.010745
877.000000,2.103127,0.017727
878.000000,0.621512,0.267131
879.000000,0.931657,0.175757
880.000000,1.395279,0.081466
881.000000,1.465629,0.071375
882.000000,1.185762,0.117858
883.000000,1.408828,0.079443
884.000000,1.493678,0.067630
885.000000,1.334915,0.090952
886.000000,1.275256,0.101109
887.000000,1.349064,0.088658
888.000000,1.380496,0.083717
889.000000,1.437769,0.075250
890.000000,1.363109,0.086424
891.000000,1.312274,0.094714
892.000000,1.096644,0.136399
893.000000,1.265413,0.102862
894.000000,1.457888,0.072436
895.000000,1.340275,0.090078
896.000000,1.249819,0.105683
897.000000,1.294851,0.097686
898.000000,1.177426,0.119513
899.000000,1.421044,0.077652
900.000000,1.214792,0.112223
901.000000,2.014327,0.021988
902.000000,1.844467,0.032558
903.000000,0.447573,0.327231
904.000000,1.630584,0.051489
905.000000,1.541698,0.061573
906.000000,0.725157,0.234178
907.000000,0.776088,0.218849
908.000000,2.360080,0.009135
909.000000,2.235642,0.012688
910.000000,1.548208,0.060786
911.000000,3.222367,0.000636
912.000000,2.644688,0.004088
913.000000,1.217011,0.111800
914.000000,-1.370387,0.085283
915.000000,-0.262445,0.396489
916.000000,-0.459357,0.322989
917.000000,2.292114,0.010950
918.000000,0.755179,0.225071
919.000000,0.621401,0.267168
920.000000,0.764802,0.222195
921.000000,1.230258,0.109300
922.000000,1.509481,0.065588
923.000000,1.588572,0.056079
924.000000,1.251678,0.105344
925.000000,1.164161,0.122179
926.000000,1.265828,0.102787
927.000000,1.225209,0.110248
928.000000,1.432367,0.076019
929.000000,1.242389,0.107047
930.000000,1.237036,0.108037
931.000000,1.467069,0.071179
932.000000,1.313047,0.094584
933.000000,1.606714,0.054059
934.000000,1.381939,0.083495
935.000000,1.392672,0.081859
936.000000,1.609334,0.053772
937.000000,1.572596,0.057906
938.000000,1.484097,0.068892
939.000000,1.637283,0.050786
940.000000,1.123246,0.130667
941.000000,1.076213,0.140916
942.000000,1.376373,0.084353
943.000000,1.029777,0.151557
944.000000,1.766144,0.038686
945.000000,1.023360,0.153069
946.000000,0.547832,0.291904
947.000000,0.961711,0.168097
948.000000,-0.155892,0.438059
949.000000,0.170663,0.432244
950.000000,1.559881,0.059394
951.000000,2.954255,0.001567
952.000000,2.820599,0.002397
953.000000,3.397227,0.000340
954.000000,1.369401,0.085437
955.000000,-0.149163,0.440713
956.000000,2.241846,0.012486
957.000000,0.537279,0.295538
958.000000,2.015493,0.021926
959.000000,1.754520,0.039671
960.000000,1.159850,0.123055
961.000000,1.675944,0.046875
962.000000,0.438339,0.330570
963.000000,0.885133,0.188042
964.000000,1.440997,0.074793
965.000000,1.668007,0.047657
966.000000,1.387935,0.082578
967.000000,1.199719,0.115124
968.000000,0.672358,0.250678
969.000000,1.068175,0.142721
970.000000,1.271180,0.101832
971.000000,1.046846,0.147585
972.000000,1.342808,0.089667
973.000000,1.518892,0.064395
974.000000,1.466536,0.071251
975.000000,1.744795,0.040510
976.000000,1.434490,0.075716
977.000000,1.440187,0.074907
978.000000,1.685942,0.045904
979.000000,1.450135,0.073510
980.000000,1.672953,0.047168
981.000000,1.575519,0.057568
982.000000,1.318547,0.093660
983.000000,0.910702,0.181226
984.000000,0.740308,0.229556
985.000000,0.550268,0.291068
986.000000,1.390429,0.082199
987.000000,1.129136,0.129420
988.000000,1.216965,0.111809
989.000000,1.406468,0.079793
990.000000,0.677832,0.248939
991.000000,0.497375,0.309462
992.000000,0.868769,0.192487
993.000000,2.684402,0.003633
994.000000,1.815491,0.034724
995.000000,1.302220,0.096421
996.000000,1.623821,0.052207
997.000000,0.251352,0.400771
998.000000,2.410854,0.007958
999.000000,-0.518349,0.302107
1000.000000,2.298880,0.010756
1001.000000,-1.205588,0.113988
1002.000000,2.284192,0.011180
1003.000000,1.125489,0.130191
1004.000000,0.840347,0.200357
1005.000000,1.169125,0.121177
1006.000000,1.515687,0.064799
1007.000000,1.533430,0.062585
1008.000000,1.477072,0.069828
1009.000000,1.238476,0.107770
1010.000000,1.199042,0.115256
1011.000000,1.600711,0.054720
1012.000000,1.110463,0.133400
1013.000000,1.058758,0.144855
1014.000000,1.241994,0.107119
1015.000000,1.652792,0.049187
1016.000000,1.685285,0.045967
1017.000000,1.796428,0.036213
1018.000000,1.460007,0.072144
1019.000000,1.405838,0.079886
1020.000000,1.661388,0.048318
1021.000000,1.421937,0.077522
1022.000000,1.591971,0.055696
1023.000000,1.336479,0.090696
1024.000000,1.230340,0.109285
1025.000000,1.195885,0.115871
1026.000000,0.424508,0.335598
1027.000000,0.932781,0.175466
1028.000000,0.984407,0.162458
1029.000000,1.154276,0.124194
1030.000000,0.357915,0.360204
1031.000000,0.690456,0.244954
1032.000000,-0.189356,0.424907
1033.000000,0.662701,0.253761
1034.000000,1.598768,0.054936
1035.000000,1.278382,0.100557
1036.000000,1.027049,0.152199
1037.000000,2.650253,0.004022
1038.000000,-1.485650,0.068686
1039.000000,1.862042,0.031299
1040.000000,0.110779,0.455896
1041.000000,2.006109,0.022422
1042.000000,-2.889120,0.001932
1043.000000,1.762629,0.038982
1044.000000,1.911047,0.027999
1045.000000,0.589110,0.277894
1046.000000,0.874373,0.190958
1047.000000,1.730232,0.041794
1048.000000,1.730232,0.041794
1049.000000,1.644210,0.050066
1050.000000,1.458025,0.072417
1051.000000,1.468923,0.070927
1052.000000,1.569751,0.058236
1053.000000,1.544882,0.061187
1054.000000,1.299703,0.096851
1055.000000,1.369871,0.085364
1056.000000,1.403763,0.080195
1057.000000,1.675379,0.046930
1058.000000,1.746388,0.040372
1059.000000,1.771551,0.038235
1060.000000,1.456938,0.072567
1061.000000,1.395854,0.081379
1062.000000,1.452451,0.073188
1063.000000,0.962025,0.168019
1064.000000,1.363599,0.086347
1065.000000,1.329326,0.091870
1066.000000,1.261705,0.103527
1067.000000,1.119436,0.131477
1068.000000,0.943669,0.172669
1069.000000,1.538263,0.061992
1070.000000,1.010057,0.156234
1071.000000,0.379964,0.351986
1072.000000,1.320894,0.093268
1073.000000,2.833956,0.002299
1074.000000,0.358052,0.360152
1075.000000,1.458794,0.072311
1076.000000,1.727736,0.042018
1077.000000,0.236507,0.406520
1078.000000,1.990696,0.023257
1079.000000,1.087279,0.138457
1080.000000,1.297659,0.097202
1081.000000,0.447411,0.327289
1082.000000,-0.714463,0.237470
1083.000000,-3.172399,0.000756
1084.000000,-3.681434,0.000116
1085.000000,2.051112,0.020128
1086.000000,2.000741,0.022710
1087.000000,0.954910,0.169812
1088.000000,1.241395,0.107230
1089.000000,1.663827,0.048073
1090.000000,1.766253,0.038677
1091.000000,1.664519,0.048004
1092.000000,1.547075,0.060923
1093.000000,1.471738,0.070546
1094.000000,1.417191,0.078214
1095.000000,1.594089,0.055458
1096.000000,1.343373,0.089576
1097.000000,1.454751,0.072869
1098.000000,1.564954,0.058797
1099.000000,1.634137,0.051115
1100.000000,1.628160,0.051745
1101.000000,1.759358,0.039258
1102.000000,1.465177,0.071436
1103.000000,1.440872,0.074810
1104.000000,1.440645,0.074842
1105.000000,1.318762,0.093624
1106.000000,1.385563,0.082940
1107.000000,1.443609,0.074424
1108.000000,1.289260,0.098654
1109.000000,1.349849,0.088532
1110.000000,1.378445,0.084033
1111.000000,1.590766,0.055831
1112.000000,1.290590,0.098423
1113.000000,0.598451,0.274769
1114.000000,1.784707,0.037154
1115.000000,2.236595,0.012656
1116.000000,2.356246,0.009230
1117.000000,1.871677,0.030626
1118.000000,1.110193,0.133458
1119.000000,0.729789,0.232760
1120.000000,0.338407,0.367528
1121.000000,1.308494,0.095353
1122.000000,0.970097,0.165999
1123.000000,0.834880,0.201893
1124.000000,0.009698,0.496131
1125.000000,0.157388,0.437469
1126.000000,2.357174,0.009207
1127.000000,1.281314,0.100042
1128.000000,1.378328,0.084051
1129.000000,0.753775,0.225492
1130.000000,1.180145,0.118971
1131.000000,1.718577,0.042846
1132.000000,1.768625,0.038478
1133.000000,1.766253,0.038677
1134.000000,1.640110,0.050491
1135.000000,1.567595,0.058488
1136.000000,1.603463,0.054416
1137.000000,1.547530,0.060868
1138.000000,1.360207,0.086882
1139.000000,1.367338,0.085760
1140.000000,1.535324,0.062352
1141.000000,1.625477,0.052031
1142.000000,1.679491,0.046528
1143.000000,1.597862,0.055037
1144.000000,1.258481,0.104109
1145.000000,1.271695,0.101741
1146.000000,1.699781,0.044586
1147.000000,1.531710,0.062797
1148.000000,1.137321,0.127702
1149.000000,1.452094,0.073238
1150.000000,1.516685,0.064673
1151.000000,1.383268,0.083291
1152.000000,1.630937,0.051452
1153.000000,1.559534,0.059435
1154.000000,1.063038,0.143882
1155.000000,0.970164,0.165982
1156.000000,2.215838,0.013351
1157.000000,2.244497,0.012400
1158.000000,0.685933,0.246378
1159.000000,1.429894,0.076374
1160.000000,1.338659,0.090341
1161.000000,1.264361,0.103050
1162.000000,1.115784,0.132257
1163.000000,0.969974,0.166030
1164.000000,1.094763,0.136810
1165.000000,1.441772,0.074683
1166.000000,1.044763,0.148066
1167.000000,0.492713,0.311108
1168.000000,1.209171,0.113299
1169.000000,2.433054,0.007486
1170.000000,1.470706,0.070685
1171.000000,0.654670,0.256340
1172.000000,1.495812,0.067351
1173.000000,1.763330,0.038922
1174.000000,1.783333,0.037266
1175.000000,1.771273,0.038258
1176.000000,1.718011,0.042897
1177.000000,1.667041,0.047753
1178.000000,1.676046,0.046865
1179.000000,1.165674,0.121873
1180.000000,0.887926,0.187290
1181.000000,1.157422,0.123550
1182.000000,1.403193,0.080280
1183.000000,1.544002,0.061294
1184.000000,1.664890,0.047967
1185.000000,1.241771,0.107161
1186.000000,1.439358,0.075025
1187.000000,1.439252,0.075040
1188.000000,1.583495,0.056654
1189.000000,1.618158,0.052814
1190.000000,1.394254,0.081620
1191.000000,1.363135,0.086420
1192.000000,1.605783,0.054161
1193.000000,1.603431,0.054420
1194.000000,0.918300,0.179231
1195.000000,0.773725,0.219547
1196.000000,1.962671,0.024842
1197.000000,1.622304,0.052369
1198.000000,0.908536,0.181798
1199.000000,1.567766,0.058468
1200.000000,1.004120,0.157660
1201.000000,1.233213,0.108748
1202.000000,0.563946,0.286395
1203.000000,1.105913,0.134382
1204.000000,1.315944,0.094096
1205.000000,1.424175,0.077198
1206.000000,1.438309,0.075173
1207.000000,1.194459,0.116149
1208.000000,0.527286,0.298997
1209.000000,1.407264,0.079674
1210.000000,1.411993,0.078976
1211.000000,0.682995,0.247305
1212.000000,1.536201,0.062244
1213.000000,1.728826,0.041920
1214.000000,1.778033,0.037699
1215.000000,1.743473,0.040626
1216.000000,1.673528,0.047112
1217.000000,1.539211,0.061876
1218.000000,1.650113,0.049460
1219.000000,1.277405,0.100730
1220.000000,0.396058,0.346031
1221.000000,1.142125,0.126701
1222.000000,1.491113,0.067966
1223.000000,1.550316,0.060533
1224.000000,1.394053,0.081651
1225.000000,1.409146,0.079396
1226.000000,1.208897,0.113351
1227.000000,1.428510,0.076573
1228.000000,1.522575,0.063933
1229.000000,1.679712,0.046507
1230.000000,1.639828,0.050520
1231.000000,1.175242,0.119949
1232.000000,0.542189,0.293844
1233.000000,1.599092,0.054900
1234.000000,1.568280,0.058408
1235.000000,2.318718,0.010205
1236.000000,0.946984,0.171824
1237.000000,0.949745,0.171121
1238.000000,1.174638,0.120070
1239.000000,1.045345,0.147932
1240.000000,1.199680,0.115132
1241.000000,1.217757,0.111658
1242.000000,1.385978,0.082877
1243.000000,1.461246,0.071974
1244.000000,1.397988,0.081058
1245.000000,0.983250,0.162742
1246.000000,0.728708,0.233090
1247.000000,0.738628,0.230066
1248.000000,1.189312,0.117158
1249.000000,1.624229,0.052163
1250.000000,1.788484,0.036849
1251.000000,1.751433,0.039936
1252.000000,1.627291,0.051838
1253.000000,1.657467,0.048713
1254.000000,1.505960,0.066039
1255.000000,1.592407,0.055647
1256.000000,1.600403,0.054755
1257.000000,1.235621,0.108300
1258.000000,1.643537,0.050136
1259.000000,1.672335,0.047229
1260.000000,1.258603,0.104087
1261.000000,0.715686,0.237093
1262.000000,1.227026,0.109906
1263.000000,1.694739,0.045062
1264.000000,1.063878,0.143692
1265.000000,1.128191,0.129620
1266.000000,0.901934,0.183546
1267.000000,0.630805,0.264084
1268.000000,0.819026,0.206386
1269.000000,0.939440,0.173752
1270.000000,1.126808,0.129912
1271.000000,0.980893,0.163323
1272.000000,0.943819,0.172631
1273.000000,1.355306,0.087660
1274.000000,1.255292,0.104686
1275.000000,1.153324,0.124389
1276.000000,1.428418,0.076586
1277.000000,1.514357,0.064968
1278.000000,1.508093,0.065765
1279.000000,1.379134,0.083927
1280.000000,1.586091,0.056359
1281.000000,1.205982,0.113912
1282.000000,1.727684,0.042022
1283.000000,1.781864,0.037386
1284.000000,1.789808,0.036742
1285.000000,1.706401,0.043967
1286.000000,1.456696,0.072600
1287.000000,1.460692,0.072050
1288.000000,1.248433,0.105936
1289.000000,1.519068,0.064373
1290.000000,1.497514,0.067130
1291.000000,1.641790,0.050317
1292.000000,1.431391,0.076159
1293.000000,1.448661,0.073716
1294.000000,1.292987,0.098008
1295.000000,0.802005,0.211275
1296.000000,0.418810,0.337678
1297.000000,0.820690,0.205911
1298.000000,1.231113,0.109140
1299.000000,1.644210,0.050066
1300.000000,1.245025,0.106561
1301.000000,1.636808,0.050835
1302.000000,1.679943,0.046484
1303.000000,1.654768,0.048986
1304.000000,1.043573,0.148342
1305.000000,1.186878,0.117638
1306.000000,1.261696,0.103529
1307.000000,1.511750,0.065299
1308.000000,1.528294,0.063220
1309.000000,1.705334,0.044066
1310.000000,1.711955,0.043452
1311.000000,1.732001,0.041637
1312.000000,1.477596,0.069758
1313.000000,1.737118,0.041183
1314.000000,1.791132,0.036636
1315.000000,1.743236,0.040646
1316.000000,1.647631,0.049714
1317.000000,1.504151,0.066271
1318.000000,1.332642,0.091325
1319.000000,1.418796,0.077979
1320.000000,1.483340,0.068992
1321.000000,1.321303,0.093200
1322.000000,1.379301,0.083901
1323.000000,0.708277,0.239387
1324.000000,1.027422,0.152111
1325.000000,1.441616,0.074705
1326.000000,1.560779,0.059288
1327.000000,1.732875,0.041559
1328.000000,1.751686,0.039914
1329.000000,1.777893,0.037711
1330.000000,1.805695,0.035483
1331.000000,1.592544,0.055631
1332.000000,1.593867,0.055483
1333.000000,1.418801,0.077978
1334.000000,1.679922,0.046486
1335.000000,1.731555,0.041676
1336.000000,1.801723,0.035794
1337.000000,1.800399,0.035899
1338.000000,1.784512,0.037170
1339.000000,1.671631,0.047299
1340.000000,1.779217,0.037602
1341.000000,1.771767,0.038217
1342.000000,1.742477,0.040713
1343.000000,1.648442,0.049631
1344.000000,1.688964,0.045613
1345.000000,1.499881,0.066823
1346.000000,1.052942,0.146184
1347.000000,1.246779,0.106239
1348.000000,0.982655,0.162889
1349.000000,1.374709,0.084611
1350.000000,1.424416,0.077163
1351.000000,1.791132,0.036636
1352.000000,1.576732,0.057429
1353.000000,1.746119,0.040395
1354.000000,1.551711,0.060366
1355.000000,1.558066,0.059609
1356.000000,1.764653,0.038811
1357.000000,1.804371,0.035587
1358.000000,1.792740,0.036507
1359.000000,1.792740,0.036507
1360.000000,1.784512,0.037170
1361.000000,1.748779,0.040165
1362.000000,1.777893,0.037711
1363.000000,1.780683,0.037482
1364.000000,1.786118,0.037040
1365.000000,1.768625,0.038478
1366.000000,1.456765,0.072591
1367.000000,1.327101,0.092238
1368.000000,1.237156,0.108015
1369.000000,1.076909,0.140761
1370.000000,0.913252,0.180555
1371.000000,1.426255,0.076897
1372.000000,1.634909,0.051034
1373.000000,1.804371,0.035587
1374.000000,1.801723,0.035794
1375.000000,1.797752,0.036108
1376.000000,1.770083,0.038357
1377.000000,1.706021,0.044002
1378.000000,1.609309,0.053774
1379.000000,1.773092,0.038107
1380.000000,1.466797,0.071216
1381.000000,1.470038,0.070776
1382.000000,0.803857,0.210740
1383.000000,1.051002,0.146629
1384.000000,1.647771,0.049700
1385.000000,1.271695,0.101741
1386.000000,1.625866,0.051989
1387.000000,1.264214,0.103077
1388.000000,1.439131,0.075057
1389.000000,1.264214,0.103077
