3,0,0,0,0,3,6,5,9,5,9,6,3,3,2,7,1,0,5,4,3,1,2,0
4,0,0,0,0,0,1,2,0,3,1,1,2,4,3,1,0,2,3,2,2,1,1,1
2,3,0,0,0,5,7,6,5,12,6,4,7,5,3,6,4,6,3,4,3,4,8,3
5,7,2,2,1,2,8,0,2,5,7,5,4,12,9,9,6,6,7,8,4,7,10,1
5,1,1,0,0,8,6,2,7,12,5,9,8,12,4,7,5,2,3,6,5,2,0,3
0,1,0,1,0,0,0,0,0,0,2,0,1,1,2,1,0,0,1,0,1,0,0,0
5,1,7,3,0,5,7,4,7,9,1,10,8,8,7,7,7,5,7,13,6,6,2,3
2,1,2,3,0,1,4,1,2,2,2,1,0,3,2,1,2,3,3,9,4,3,3,0
3,1,0,0,0,4,2,2,2,3,3,3,4,2,3,3,1,1,0,0,0,3,0,0
6,5,2,2,0,7,16,15,24,18,16,16,24,13,10,15,13,16,13,12,8,10,6,4
11,3,1,1,0,2,5,1,1,5,4,3,6,6,2,4,4,5,3,7,8,5,3,1
5,0,1,2,2,5,15,14,8,24,15,14,19,14,16,11,9,20,13,13,8,7,5,1
10,3,2,0,1,0,4,8,5,5,7,10,5,8,7,2,7,6,9,11,10,9,3,3
16,9,10,5,5,10,11,12,10,16,15,19,19,19,17,14,12,7,7,12,12,13,5,9
17,14,4,5,3,2,8,4,3,9,23,14,18,15,24,12,15,14,17,21,9,14,11,12
3,0,1,1,0,0,0,3,1,4,4,0,0,3,2,1,5,0,1,0,3,2,2,0
0,0,1,1,0,1,1,0,0,0,3,0,1,2,1,2,2,1,2,1,1,0,0,0
2,4,1,0,0,1,5,0,0,3,2,0,2,0,0,1,3,6,2,4,2,4,1,0
4,2,3,0,1,2,5,3,3,3,4,6,6,5,11,8,5,8,6,7,3,7,4,2
4,4,4,2,5,4,11,4,1,8,3,3,4,6,2,3,6,5,7,1,4,1,4,3
0,0,0,0,0,0,0,0,0,0,1,0,0,0,0,0,0,0,0,0,1,0,0,0
5,3,5,0,2,5,11,14,14,11,11,5,6,2,4,7,6,4,4,4,3,0,2,1
5,4,2,1,1,8,15,10,14,24,13,12,11,7,7,20,7,18,7,10,13,9,5,4
4,0,3,1,1,4,5,11,12,4,3,9,10,3,7,7,7,3,2,3,1,1,1,0
14,4,1,2,0,6,18,11,12,16,19,16,24,23,24,17,19,26,19,37,35,41,20,7
53,14,6,1,3,12,27,23,38,47,46,45,74,71,54,72,73,55,54,81,101,91,71,22
13,5,1,1,0,4,9,7,3,8,8,13,10,12,4,12,4,7,4,9,5,5,9,1
22,9,5,0,1,5,14,9,13,9,13,9,15,15,13,14,16,11,7,11,15,17,11,5
20,10,5,3,2,7,15,10,13,8,12,17,13,21,12,10,16,11,13,24,13,14,12,9
5,1,2,1,0,5,12,5,5,3,10,9,9,9,9,4,4,8,10,10,6,8,3,3
3,2,2,0,0,3,6,9,9,12,9,20,13,15,18,15,19,10,7,22,14,14,6,4
2,3,1,1,1,3,8,4,2,1,4,2,1,3,4,1,6,2,8,6,10,7,5,2
0,0,0,0,0,3,3,5,1,4,3,0,6,2,3,6,0,4,3,4,5,3,1,2
0,0,0,0,0,0,0,0,0,0,1,0,0,0,0,0,0,0,0,0,0,0,0,0
0,0,0,0,0,0,0,0,0,0,0,0,0,0,0,0,0,0,0,0,0,0,0,0
0,0,0,0,0,0,0,0,0,0,0,0,0,0,0,0,2,0,0,0,1,0,1,0
2,0,0,0,0,0,0,0,0,0,0,0,0,0,0,0,0,0,0,0,0,0,0,0
0,2,0,1,0,0,0,0,1,1,0,2,0,0,1,0,0,1,0,2,0,0,0,1
2,0,0,0,0,2,3,2,5,6,2,4,3,2,2,3,2,4,2,2,2,2,1,0
2,3,2,0,0,3,2,5,2,3,1,2,6,4,5,4,4,3,4,6,6,3,4,0
7,1,2,0,0,12,15,10,8,18,10,12,13,12,8,12,18,16,11,23,7,10,6,5
0,0,0,0,1,2,4,1,1,4,4,6,6,4,1,4,1,0,2,0,2,3,0,0
5,3,1,0,1,6,15,29,37,43,47,44,46,28,34,52,50,21,27,18,16,10,6,5
9,3,3,1,1,4,3,4,6,9,6,6,9,19,8,13,9,9,14,6,7,8,7,6
28,9,2,1,2,5,4,10,14,17,31,30,41,25,33,27,28,24,10,29,34,23,23,13
12,3,0,0,3,5,16,7,6,9,19,15,29,20,18,24,18,12,10,18,15,16,13,5
9,5,4,0,1,3,16,10,8,4,20,12,17,26,21,23,19,26,15,17,27,17,9,8
7,1,1,2,3,3,13,9,11,17,16,13,16,11,11,12,8,9,11,7,18,7,4,3
11,1,4,1,2,6,11,18,13,13,14,11,18,20,22,15,25,16,14,21,6,20,5,5
5,1,0,0,3,8,5,6,7,5,7,9,13,14,9,12,13,13,13,13,10,7,9,1
8,3,1,1,2,4,6,6,4,6,4,13,5,5,8,10,8,11,11,10,7,4,5,6
0,0,0,0,0,0,0,0,0,0,0,0,0,0,0,0,0,0,0,0,0,0,0,0
0,0,0,0,0,0,0,0,0,0,0,0,0,0,1,0,0,0,0,0,0,0,0,0
0,0,0,0,0,0,0,0,0,0,0,0,1,0,0,0,0,0,0,0,0,0,0,0
1,0,0,0,0,0,0,0,0,0,0,0,1,1,0,0,0,0,0,0,0,0,0,0
1,1,1,0,0,0,0,0,0,0,0,0,0,1,1,0,0,0,0,0,0,1,0,0
5,2,0,0,0,0,1,2,4,1,3,5,3,6,12,3,5,5,1,5,1,5,3,5
4,1,1,1,0,2,3,1,2,0,1,1,1,1,3,1,0,1,0,1,0,1,1,3
1,3,0,0,0,2,2,1,1,2,1,2,0,4,1,0,2,3,1,3,2,5,3,6
3,1,1,0,0,1,1,2,0,1,2,1,2,0,0,1,2,1,2,1,1,0,0,3
3,1,0,0,0,0,1,0,3,0,0,0,0,0,0,1,0,2,0,1,1,2,0,1
2,0,0,0,0,1,1,4,0,0,0,1,2,1,0,2,0,0,0,0,0,0,0,0
3,0,0,0,0,0,0,0,1,0,0,0,1,0,1,1,1,0,0,0,0,0,0,0
1,0,0,0,0,0,3,2,1,1,4,4,3,5,7,1,4,7,2,1,1,1,2,1
6,1,2,2,2,4,9,20,7,12,12,14,14,14,13,13,12,11,12,5,9,8,3,5
2,0,0,0,0,0,5,7,2,3,5,9,6,4,9,4,10,0,2,3,1,1,0,1
2,0,2,1,1,5,9,15,15,14,13,7,8,11,10,12,13,6,8,7,5,7,5,2
9,8,4,2,0,7,13,18,14,21,20,12,26,25,19,22,15,14,16,17,11,7,15,7
7,2,2,0,3,5,11,17,6,12,5,5,5,11,12,7,17,11,10,20,9,5,5,5
4,1,0,0,0,0,2,3,1,0,4,2,2,2,2,0,0,3,1,0,2,1,0,1
11,3,2,1,0,5,10,8,7,6,10,9,10,12,11,15,9,8,12,12,5,7,3,5
5,6,1,1,1,5,18,6,9,10,6,11,10,21,10,12,18,19,12,25,13,9,4,8
2,0,0,0,0,2,2,6,0,4,1,1,2,0,5,1,1,3,1,7,1,2,2,0
5,2,1,0,0,3,4,4,6,7,3,5,3,6,4,16,10,5,5,4,5,3,3,1
7,0,0,0,0,2,3,3,2,0,1,6,1,2,3,5,3,3,0,0,1,1,1,2
0,0,0,0,0,0,0,0,0,0,0,0,0,0,1,0,0,0,0,0,0,0,0,0
2,0,0,0,0,1,0,1,0,0,0,0,0,1,1,0,0,0,0,1,0,0,0,0
3,0,0,0,0,1,0,0,1,0,0,4,5,1,0,0,1,1,0,0,0,0,0,0
1,0,0,0,0,0,0,0,0,0,0,0,0,2,1,0,1,2,1,1,1,0,0,1
5,0,0,0,0,1,3,5,4,3,3,1,2,4,2,1,2,3,2,2,2,6,4,0
5,1,0,2,1,5,11,16,11,15,5,15,11,12,2,4,13,7,4,10,9,10,12,2
6,3,0,0,0,1,4,9,10,7,8,8,9,12,13,12,9,12,15,11,12,6,9,7
9,6,2,0,1,1,5,8,3,5,6,10,11,20,9,6,5,12,19,20,13,8,13,6
9,3,3,1,3,5,6,8,13,9,11,13,18,18,14,14,18,12,12,13,16,15,14,5
8,2,0,1,2,8,13,13,12,15,14,10,7,12,9,7,15,10,13,24,13,12,6,4
5,4,2,1,1,3,5,5,4,0,3,3,1,3,0,3,0,3,0,1,2,1,1,1
4,1,0,2,0,1,8,9,6,5,4,1,4,1,5,3,3,4,4,4,2,2,4,3
2,1,0,0,0,0,0,0,0,0,0,0,0,0,0,0,0,0,0,0,0,0,0,0
1,1,0,0,0,0,0,0,0,1,1,0,1,1,2,2,3,3,3,0,2,1,4,0
0,0,0,0,0,0,0,1,2,2,0,1,2,2,3,3,1,0,1,0,0,1,0,0
10,1,3,1,2,4,6,9,14,9,7,7,11,9,11,15,13,7,8,12,8,5,4,2
6,3,3,0,0,1,4,4,5,2,2,6,7,7,16,6,7,8,4,5,6,7,3,2
8,5,2,1,1,6,11,11,4,18,11,12,15,6,12,10,15,9,9,15,15,5,10,4
2,1,0,0,0,0,2,10,5,2,7,5,8,4,7,4,4,8,2,2,3,1,2,1
6,9,2,1,0,8,14,19,15,24,19,15,24,16,18,13,21,14,14,21,20,11,11,5
4,3,0,2,0,1,10,8,11,18,5,12,8,8,9,12,10,4,9,8,7,7,6,5
6,2,0,1,0,7,10,17,15,22,17,11,19,16,16,19,22,14,15,11,19,2,5,3
5,1,0,0,1,2,9,9,8,11,10,11,11,15,2,5,14,13,6,7,9,4,2,2
37,21,3,1,12,26,18,16,19,19,22,34,18,17,21,27,23,22,15,15,17,20,12,5
128,64,7,1,1,9,23,35,39,51,74,66,80,66,77,57,63,63,62,64,75,62,61,37
3,9,0,0,0,0,0,0,0,4,2,8,2,5,10,6,4,6,3,4,1,3,9,4
0,0,0,0,0,1,1,0,0,0,0,0,0,1,3,1,1,0,0,3,1,0,2,0
5,3,1,1,2,4,4,4,3,9,5,7,9,9,17,5,7,13,3,9,10,0,4,1
0,0,0,0,0,0,0,0,0,0,0,0,0,0,0,0,0,0,0,0,0,0,0,0
0,0,0,0,0,0,0,0,0,0,0,0,0,0,0,0,0,0,0,0,0,0,0,0
1,0,0,0,0,0,1,1,5,3,2,4,2,2,3,4,3,1,2,1,2,0,2,0
0,0,0,0,0,0,0,1,0,0,0,0,0,0,1,0,1,1,2,0,1,0,0,1
4,1,1,0,0,2,1,4,1,3,3,4,8,5,3,2,2,4,0,5,6,1,1,3
7,1,1,0,2,5,9,8,3,7,7,6,6,7,7,5,12,7,9,8,6,13,4,5
10,0,0,1,0,2,5,9,5,3,3,5,6,7,2,5,9,9,4,7,2,5,2,4
13,3,0,2,0,0,6,10,11,4,8,8,3,15,8,11,13,10,21,13,18,10,9,5
4,0,0,0,0,1,6,6,8,10,15,19,14,13,11,10,16,15,6,9,4,8,4,0
4,5,1,0,0,4,9,15,10,10,9,8,2,8,8,5,4,7,4,8,11,5,3,0
4,1,2,0,1,4,7,15,8,14,14,6,7,2,3,8,4,10,7,5,10,4,7,2
0,0,1,0,0,0,5,11,7,10,6,9,2,8,2,8,4,7,11,8,8,2,7,1
1,0,0,0,0,1,1,2,6,1,3,0,2,2,0,1,4,2,3,3,4,0,0,1
0,0,0,0,0,0,0,0,1,1,0,1,0,1,0,1,2,3,6,1,1,1,2,0
0,0,0,0,0,0,0,0,0,2,1,0,2,0,0,3,2,1,6,8,2,5,0,0
18,2,5,2,5,2,5,14,10,13,10,6,8,7,10,10,9,10,8,12,14,8,8,4
4,4,0,2,0,0,0,1,3,0,1,0,0,2,3,2,1,0,1,1,2,2,1,0
0,0,0,1,0,0,7,6,6,2,2,0,5,1,0,1,0,1,0,3,3,1,2,1
0,0,0,0,0,0,0,1,0,0,0,1,1,1,0,1,0,0,0,0,0,0,0,0
0,0,0,0,0,0,0,0,1,3,0,0,4,0,0,0,4,1,4,3,4,1,0,0
0,0,0,0,0,0,0,0,0,0,0,0,0,0,0,0,0,0,0,0,1,0,0,0
15,12,9,2,0,5,2,5,4,8,5,8,9,7,9,6,10,10,1,5,5,5,4,2
1,2,1,0,0,1,1,3,3,2,3,2,4,2,3,1,2,3,2,4,3,5,1,3
18,10,5,3,1,11,12,16,14,17,20,18,15,25,11,15,20,14,16,14,20,15,12,9
7,2,0,0,1,1,8,6,12,12,7,8,8,4,7,8,5,1,3,1,1,10,4,3
10,6,2,0,0,1,5,2,5,5,3,6,15,11,15,15,10,8,9,12,5,7,8,3
10,3,5,2,3,1,7,8,16,22,36,28,29,33,38,26,27,35,20,46,53,50,44,12
10,7,1,0,0,3,5,7,12,14,23,13,13,8,9,8,9,11,8,13,6,7,11,8
4,3,2,0,1,2,3,5,8,6,15,11,13,6,11,5,13,9,11,13,6,7,3,3
9,6,4,0,1,6,10,22,11,17,20,6,16,22,26,21,19,13,12,15,16,16,14,7
15,3,0,0,1,7,9,18,19,24,23,22,21,21,27,24,23,20,12,26,20,18,12,9
24,4,2,0,0,3,2,6,5,7,9,6,9,17,9,7,6,5,15,14,9,9,7,6
2,1,1,0,1,0,1,4,9,6,2,3,4,10,5,3,11,10,8,10,10,3,12,3
16,2,1,1,1,6,7,11,7,11,13,25,15,19,13,12,10,14,16,15,11,15,12,9
5,0,0,0,0,3,8,2,0,2,2,0,5,4,2,3,3,4,4,6,6,2,1,0
0,0,0,0,0,1,0,0,0,2,2,0,1,6,1,0,2,1,2,2,0,1,3,0
0,1,0,0,0,0,0,0,0,0,0,0,0,0,0,0,0,0,0,0,0,0,0,0
0,0,0,0,0,0,0,0,0,0,0,0,1,0,0,0,1,0,0,0,0,0,0,0
2,1,0,1,0,0,1,1,1,2,2,5,3,2,1,3,1,2,2,2,1,0,0,3
7,3,1,0,1,3,4,9,11,3,4,3,6,7,7,2,6,9,5,2,5,3,5,5
11,9,2,0,0,7,8,11,16,12,8,14,12,15,15,23,10,19,26,23,15,16,19,10
11,4,2,1,0,4,11,17,8,6,4,11,11,10,11,7,9,9,13,10,11,14,5,9
2,2,1,0,2,1,3,6,2,5,4,0,3,5,2,1,5,2,2,5,8,4,1,1
2,1,0,1,2,1,0,4,4,3,1,2,5,7,1,3,2,3,1,2,0,3,3,1
4,2,0,0,0,1,0,0,1,3,1,3,3,6,2,2,2,4,3,10,2,2,3,1
3,1,0,0,0,1,2,4,4,3,3,3,2,1,3,0,3,3,0,2,1,1,0,0
2,3,0,1,1,1,3,5,6,1,2,3,0,1,2,1,4,2,1,5,3,1,1,2
0,0,1,1,0,0,2,0,0,0,1,0,0,1,1,2,0,0,0,1,0,0,0,0
0,0,0,0,0,0,0,0,0,0,0,0,0,0,0,0,0,0,0,0,0,0,0,0
1,0,0,0,0,0,0,0,0,0,0,1,0,0,1,0,0,0,0,0,0,0,1,0
6,3,1,0,0,1,7,4,7,12,12,7,6,5,9,7,15,7,4,10,12,3,3,3
2,4,3,1,0,1,5,12,6,8,4,4,1,3,7,7,0,3,2,2,2,3,1,1
0,0,0,0,0,1,3,4,2,3,1,2,0,2,0,0,2,1,0,1,2,1,0,0
1,0,0,0,0,0,5,6,8,8,3,3,7,8,3,2,2,2,6,4,4,3,4,4
0,0,0,0,0,0,0,7,9,4,2,2,1,2,1,0,3,2,1,5,2,0,4,0
1,0,0,0,0,0,1,5,7,1,3,2,1,2,2,3,5,3,3,3,2,2,5,0
1,0,0,0,0,1,2,3,4,2,0,0,0,2,1,0,1,4,1,2,0,0,0,0
0,0,0,0,0,0,0,0,0,0,0,0,0,0,0,0,0,0,0,0,0,0,0,0
1,0,0,0,0,1,0,1,0,0,2,1,5,6,3,4,4,4,5,4,5,11,7,1
0,0,0,0,0,0,0,0,0,0,0,0,0,0,0,0,0,0,0,0,0,0,0,0
10,1,2,3,0,5,12,14,18,16,9,8,10,12,18,13,7,11,3,8,7,8,8,9
3,0,0,0,0,1,0,1,1,0,0,0,0,0,2,0,1,0,0,0,0,1,1,0
35,21,6,1,2,5,27,20,14,21,21,17,32,42,39,41,22,20,21,32,38,37,38,24
3,0,1,1,2,6,27,21,23,23,16,16,22,18,11,12,7,4,13,18,14,13,9,6
3,2,0,0,0,1,4,11,21,30,25,25,40,30,45,38,38,36,30,43,45,40,35,8
0,0,0,0,0,1,1,1,5,11,19,17,32,15,24,27,30,37,24,35,46,38,25,4
5,4,4,0,0,3,4,5,23,39,40,35,33,35,46,36,38,27,22,53,53,80,72,35
8,4,1,0,0,1,3,4,15,14,14,17,24,31,28,46,30,21,11,24,32,42,50,15
16,7,5,1,0,0,7,4,7,8,18,27,26,27,30,23,23,29,27,28,37,32,33,29
6,1,0,0,1,3,2,7,10,12,18,23,14,16,21,25,14,16,21,16,14,10,7,4
14,7,4,1,1,6,6,19,16,29,33,20,34,27,41,45,38,29,34,33,31,27,30,20
18,4,2,0,0,4,16,21,17,17,35,24,35,29,30,24,23,17,10,15,17,12,10,7
7,0,1,0,0,5,11,15,10,19,15,15,10,13,18,14,9,8,10,11,13,4,7,4
7,1,1,0,0,2,2,5,7,10,7,6,12,8,8,1,4,6,2,6,1,1,3,2
2,0,0,0,0,4,2,0,1,0,0,3,1,1,4,3,3,0,5,1,0,4,2,0
0,0,0,0,0,0,0,0,0,1,1,1,2,0,2,0,0,2,2,2,1,1,2,0
0,0,0,0,0,0,0,0,0,0,0,0,0,0,0,0,0,0,0,0,0,0,0,0
0,0,0,0,0,0,0,0,0,0,0,0,0,0,0,0,0,0,0,0,0,0,0,0
14,3,0,0,1,3,7,3,4,2,6,5,10,6,7,3,6,4,6,7,4,1,6,4
12,4,4,0,0,4,3,14,5,2,6,11,9,12,7,6,7,2,13,10,7,6,4,4
15,9,1,3,2,6,6,3,6,9,14,14,14,21,19,15,13,25,26,20,13,16,14,12
7,2,1,0,0,4,4,7,6,7,7,4,6,6,4,5,8,6,6,8,5,9,12,4
4,2,0,0,2,1,1,3,2,2,5,3,6,4,2,3,3,6,5,1,2,3,2,2
1,2,1,0,0,0,1,1,5,4,5,2,4,7,5,6,5,8,10,19,4,7,7,1
1,2,0,1,0,0,7,1,1,2,2,4,3,5,3,3,5,2,1,3,4,1,0,0
1,0,1,0,1,3,7,8,8,8,7,4,2,5,6,1,6,5,4,8,4,4,2,4
3,0,0,0,1,5,4,7,9,11,1,6,8,8,9,6,5,8,10,10,3,5,1,3
5,0,1,0,0,1,2,2,0,1,1,0,0,1,0,2,0,1,2,2,2,0,0,1
6,0,0,0,0,0,0,0,0,0,0,0,0,0,0,0,1,1,0,1,0,0,0,0
1,0,0,0,0,0,0,0,0,0,0,1,2,1,1,1,2,0,0,1,0,0,0,1
4,3,4,1,2,1,1,0,3,3,3,2,5,3,14,8,5,6,5,9,4,4,2,1
3,2,1,1,2,4,19,33,33,21,7,8,12,4,6,5,14,9,17,16,14,8,15,1
0,0,0,0,0,0,3,2,2,1,0,0,0,2,1,0,0,0,0,0,0,0,0,0
0,0,0,0,0,0,1,0,1,1,1,0,0,0,0,0,0,0,0,0,0,1,0,0
0,0,0,0,0,0,0,0,0,0,0,0,0,0,1,0,0,0,0,0,0,0,0,0
0,0,0,0,0,0,0,0,0,0,0,0,0,0,0,0,0,0,0,0,0,0,0,0
1,0,0,0,0,0,0,0,0,1,0,0,0,1,0,0,0,0,0,2,0,0,0,0
0,0,0,0,0,0,0,0,1,1,0,1,0,0,0,0,2,0,0,0,0,2,0,0
0,0,0,0,0,0,0,0,0,0,0,0,0,0,0,0,0,0,1,0,0,0,0,0
0,0,0,0,0,0,4,0,1,0,2,5,3,1,4,1,3,7,0,2,0,1,1,1
1,0,0,0,0,0,0,0,0,1,2,3,0,6,4,4,3,1,3,3,1,2,0,1
0,0,0,0,0,0,0,1,0,0,0,0,1,2,0,1,0,0,1,0,0,0,0,0
9,4,0,2,2,4,14,13,23,19,12,6,5,10,7,3,6,3,2,5,6,4,6,2
11,7,4,1,0,5,11,13,12,11,13,12,18,15,16,12,8,11,7,14,11,25,23,8
26,15,8,3,2,3,13,21,13,28,17,20,25,36,34,40,31,22,30,33,43,43,29,30
13,5,8,1,0,6,25,19,21,16,15,20,19,16,19,14,24,23,18,21,35,29,22,13
28,9,7,2,0,10,13,16,17,30,24,27,38,23,35,34,26,20,22,33,37,30,34,27
6,6,0,1,0,2,14,15,22,36,22,27,25,24,37,23,21,17,16,31,30,32,28,5
0,0,0,0,0,0,0,1,6,9,10,20,12,22,20,18,19,14,7,21,18,17,9,9
2,0,0,1,0,0,1,1,1,7,9,16,15,16,15,27,24,16,10,21,19,19,36,14
5,3,3,0,0,1,4,12,8,25,18,30,20,32,29,20,17,12,16,31,32,23,25,39
33,8,9,3,3,5,5,21,18,33,22,38,35,36,29,37,31,28,20,28,57,34,34,15
7,2,0,0,1,2,12,7,11,12,31,18,20,14,19,20,16,7,16,15,14,19,7,4
24,5,4,0,0,3,6,10,20,38,51,46,42,45,57,55,55,25,31,33,37,35,26,14
8,7,2,1,2,3,17,6,13,33,23,20,22,28,27,17,17,19,21,12,21,23,23,9
13,2,1,1,2,7,10,18,20,26,21,27,23,22,29,18,27,24,21,26,15,15,15,10
7,1,0,0,0,1,5,5,9,5,15,13,18,14,13,19,12,10,12,14,10,8,7,6
4,1,0,0,0,0,0,0,0,0,0,0,3,2,0,0,0,0,0,0,1,3,1,1
0,0,0,0,0,0,0,0,0,0,0,0,0,0,0,0,0,0,1,0,1,2,0,0
4,1,0,0,0,0,0,0,0,2,0,1,0,0,0,0,1,1,0,0,0,0,2,0
15,7,2,0,2,4,11,13,9,15,16,20,13,16,20,12,11,15,14,13,18,10,8,7
13,3,2,0,1,3,10,7,3,7,8,9,4,19,7,10,3,8,14,4,15,8,12,6
21,6,4,1,5,9,11,12,19,16,17,18,25,25,24,18,27,36,46,49,36,38,30,14
1,1,0,0,0,1,5,1,5,4,6,3,2,6,1,3,2,1,1,3,2,3,0,1
4,4,1,0,0,2,2,5,4,1,8,10,10,7,7,7,10,9,18,9,10,6,9,3
0,1,2,0,0,0,2,1,0,0,3,1,2,1,3,5,6,3,1,1,0,1,1,0
3,0,0,0,0,3,0,0,1,0,1,1,2,1,2,0,0,1,1,3,3,2,2,0
6,2,0,0,2,0,3,2,5,7,7,3,6,8,8,7,10,11,11,2,10,7,6,2
4,1,1,1,1,2,5,9,11,3,6,5,5,8,5,5,9,9,5,6,6,5,4,4
3,1,2,0,0,0,3,7,1,7,5,3,4,3,3,4,6,3,4,3,3,4,4,1
7,0,2,0,0,4,6,7,1,1,1,1,2,3,2,3,2,1,1,6,5,3,0,1
0,0,0,0,0,0,0,0,0,0,0,0,0,0,0,0,0,1,0,0,0,0,0,0
0,1,0,0,0,0,1,3,4,3,3,1,7,8,5,4,5,5,9,4,3,0,1,1
0,0,0,0,0,0,2,3,3,2,2,2,0,0,1,4,1,0,0,0,2,1,1,0
1,0,1,0,0,0,0,0,1,0,2,0,2,1,0,1,3,3,0,0,1,1,0,0
0,0,0,0,0,0,0,2,0,0,1,0,0,0,0,0,1,0,0,0,0,0,0,0
0,0,0,0,0,0,0,0,0,0,0,0,0,0,0,0,0,0,0,0,0,0,0,0
0,0,0,0,0,0,0,0,0,0,0,0,0,0,0,0,0,0,0,0,0,0,0,0
0,0,0,0,0,0,0,1,0,0,1,1,3,0,4,4,1,6,0,1,0,1,3,0
0,0,0,0,0,0,0,0,1,1,0,1,0,0,0,0,0,0,0,0,0,0,0,0
0,0,0,0,0,0,0,0,0,0,0,0,0,0,0,0,0,0,0,0,0,0,0,0
0,0,0,0,0,0,0,1,1,0,1,1,0,0,1,0,0,2,0,1,2,0,0,0
0,0,0,0,0,0,0,3,0,0,1,1,0,1,0,0,0,0,0,1,0,0,0,0
0,0,0,0,0,0,0,0,0,0,0,0,0,0,0,0,0,1,0,0,0,0,0,0
18,8,1,1,1,11,17,27,20,15,15,4,7,11,7,9,6,4,7,11,3,3,6,1
9,12,6,2,0,11,32,36,21,26,33,20,24,32,17,22,19,15,20,19,20,21,16,9
14,13,2,3,3,11,25,29,28,27,17,20,18,30,17,28,15,15,19,15,25,25,27,12
4,0,1,0,0,1,4,2,4,15,12,12,10,22,19,16,17,12,10,6,4,8,6,3
7,4,0,1,0,2,7,3,6,10,9,12,12,9,12,10,5,6,7,8,6,8,9,3
26,16,12,4,4,9,18,20,26,20,33,28,31,37,27,24,20,15,11,16,22,31,22,13
10,3,5,1,1,2,21,12,12,21,19,17,17,14,17,5,13,9,12,10,13,13,18,6
2,1,0,1,0,0,3,4,6,10,18,28,31,31,26,31,39,23,23,28,27,40,18,5
11,2,0,0,1,3,22,23,24,31,21,18,12,15,14,12,15,7,16,18,18,12,7,7
9,6,2,0,1,9,28,40,28,56,54,59,74,71,63,66,45,17,26,38,33,36,22,17
21,15,5,1,0,4,12,16,12,23,34,37,29,52,50,50,30,17,25,23,40,31,36,27
22,5,4,1,0,3,10,11,11,21,22,29,36,45,42,35,38,24,25,34,34,33,30,11
27,11,5,4,0,5,12,20,13,31,19,18,29,29,27,30,36,24,26,38,27,27,29,25
4,2,1,0,1,7,18,21,12,12,18,29,21,22,18,17,10,5,7,5,7,5,3,3
4,3,1,1,0,0,13,7,7,17,10,19,18,12,12,8,9,13,10,10,8,8,10,1
0,0,0,0,0,0,0,0,1,0,0,0,1,0,0,0,0,0,1,0,0,0,1,0
1,0,0,0,0,0,0,0,0,0,0,1,1,0,0,0,1,0,1,0,1,0,0,0
2,0,0,0,0,0,0,0,0,1,1,2,1,1,1,0,3,1,0,1,1,0,0,2
7,0,0,0,0,0,2,4,1,0,2,1,0,0,2,1,0,3,0,2,2,0,0,0
13,9,2,1,1,7,12,7,12,12,19,19,21,24,19,26,25,22,32,30,23,24,18,12
21,4,0,0,3,3,6,14,16,17,17,15,30,31,31,22,27,31,37,34,26,22,36,8
17,3,1,0,1,4,8,10,12,5,17,11,12,17,16,21,23,17,18,13,18,15,16,11
8,6,1,0,0,5,7,7,6,9,12,10,16,12,4,15,17,10,9,10,9,7,6,4
15,6,1,1,0,3,5,3,4,6,11,9,6,6,9,14,13,11,7,11,4,9,5,7
4,4,1,0,0,3,6,3,8,5,12,4,11,7,23,6,9,9,10,10,5,7,5,3
2,0,0,0,1,0,2,3,1,1,1,2,1,2,2,2,0,1,0,2,1,0,0,0
3,0,1,0,0,1,5,7,2,5,9,6,5,10,8,12,9,10,7,8,8,10,7,5
3,0,2,0,0,1,6,4,4,6,3,1,2,2,3,1,0,3,2,4,2,2,0,0
3,0,0,0,0,2,5,2,1,4,5,1,2,3,1,4,0,1,2,1,1,4,0,1
3,0,0,0,0,1,1,3,12,4,4,3,3,6,3,5,6,5,5,3,3,5,1,0
4,0,1,2,0,2,4,8,7,11,6,5,1,3,3,2,1,2,5,8,2,0,2,0
0,0,0,0,0,0,0,0,0,1,0,1,0,0,0,0,0,1,0,0,1,0,0,0
1,0,0,0,0,0,0,0,0,0,0,0,0,0,0,0,0,0,0,0,0,0,0,0
1,0,0,0,0,0,0,2,0,2,0,0,0,0,0,0,1,1,0,2,0,0,0,0
2,0,0,0,0,0,0,1,0,0,0,0,0,1,0,0,1,1,0,0,0,0,0,0
2,0,0,0,0,0,0,0,1,1,0,0,2,0,0,0,1,0,1,0,1,1,0,0
1,1,0,0,0,0,0,0,1,3,1,3,1,1,1,1,1,0,1,3,0,0,0,2
0,0,0,0,0,0,0,0,0,0,0,0,0,0,0,0,0,0,0,0,0,0,0,0
0,0,0,0,0,0,0,0,0,0,0,0,0,0,0,0,0,0,0,0,0,0,0,0
1,0,0,0,0,0,0,1,0,1,0,0,0,0,0,0,0,0,0,0,0,0,0,0
0,0,0,0,0,1,0,0,0,2,3,0,0,0,0,0,1,0,1,0,0,0,0,0
0,0,0,0,0,0,0,0,1,0,0,0,0,0,1,0,1,0,0,0,0,0,0,0
3,2,1,0,0,2,1,7,4,5,3,5,5,4,2,3,1,3,3,3,2,4,4,1
11,5,1,1,0,3,12,24,27,20,15,14,19,11,12,8,9,13,9,13,10,12,15,9
19,12,2,1,0,3,24,34,18,21,19,22,16,24,21,20,16,39,21,25,22,24,19,10
5,4,1,2,0,3,16,18,15,17,20,14,21,17,12,10,14,11,12,8,15,8,11,6
21,12,7,2,1,9,24,39,36,45,41,44,41,42,34,34,30,30,28,46,50,51,43,15
12,4,2,1,2,2,2,10,15,14,5,9,20,9,10,17,10,16,17,10,23,13,20,8
9,6,2,0,0,2,16,13,15,17,15,7,12,4,21,13,18,10,8,10,10,8,12,11
5,6,3,1,1,1,16,14,12,13,10,18,13,13,19,13,14,6,11,19,6,14,8,6
25,8,3,5,0,2,20,14,16,24,30,25,26,30,33,28,18,25,18,33,34,19,20,18
5,5,1,0,1,2,7,6,11,24,15,14,21,23,19,15,15,9,6,9,12,13,18,13
6,4,3,0,2,5,14,11,17,29,33,31,42,40,35,48,36,15,16,24,32,35,43,29
25,4,5,0,3,4,17,15,22,36,55,52,48,68,61,61,46,32,37,43,46,40,48,22
30,18,4,3,2,10,21,21,20,41,50,50,59,67,48,53,49,33,45,45,62,74,69,33
13,13,0,0,1,5,20,18,11,26,31,21,25,28,20,21,30,20,16,15,26,23,18,10
24,5,0,0,0,3,4,6,18,9,22,13,25,22,24,20,29,13,19,20,19,25,24,17
0,0,0,0,0,0,1,2,1,0,1,1,2,3,1,2,0,0,0,0,0,0,0,0
0,0,0,0,0,0,0,0,0,0,0,0,0,0,0,0,0,0,0,0,0,0,0,0
0,0,0,0,0,0,0,0,0,0,0,3,1,1,1,1,0,2,4,1,3,4,1,2
5,0,0,0,0,0,0,0,0,0,0,0,0,0,0,0,0,1,0,0,0,2,2,1
1,0,0,0,0,0,1,2,0,0,3,5,6,8,6,6,3,11,5,10,4,8,19,2
3,0,0,0,0,1,2,1,1,0,2,2,7,8,3,4,7,5,2,3,3,12,32,2
17,14,5,1,0,3,13,10,12,25,13,20,25,26,31,23,28,17,19,15,20,15,13,5
10,0,1,0,0,2,4,8,4,6,16,6,8,13,9,8,13,12,20,13,5,6,7,4
21,9,2,1,2,8,9,11,15,10,14,17,9,18,9,20,20,21,26,15,15,13,17,6
2,1,0,1,0,4,3,6,2,3,6,5,5,2,2,3,3,1,3,4,2,2,4,1
7,3,0,0,0,1,6,11,4,6,3,9,18,11,9,7,8,7,11,10,12,12,9,3
7,3,1,0,1,7,9,13,7,10,8,16,6,12,6,11,5,10,6,19,12,7,5,6
2,0,0,0,0,4,4,5,3,4,6,4,7,3,11,7,4,4,6,7,7,3,5,2
11,4,3,1,0,5,9,13,6,16,13,19,17,20,11,11,12,12,9,19,14,19,11,9
7,5,0,2,2,2,5,11,12,9,6,4,5,5,8,13,2,4,8,3,6,7,9,2
0,0,0,0,1,0,2,4,4,4,4,4,3,2,4,3,3,6,3,3,0,2,1,1
0,0,0,0,0,0,0,0,1,0,0,0,0,0,2,0,0,0,0,0,0,1,0,0
1,0,0,0,0,0,1,2,0,2,1,0,0,0,0,0,1,3,0,0,0,1,0,0
0,0,0,0,0,0,0,0,0,1,0,0,0,0,0,1,0,1,0,0,0,0,0,0
2,0,0,0,0,0,0,0,1,1,3,2,3,5,2,7,4,3,3,2,3,4,1,0
1,0,0,0,0,0,1,1,3,2,5,1,3,2,4,4,1,4,1,6,3,5,3,0
0,0,0,0,0,0,0,0,1,0,2,1,4,2,2,2,2,1,3,3,5,37,13,6
2,0,0,0,0,0,0,0,0,0,0,0,0,0,0,0,0,0,0,0,0,1,0,1
3,0,0,0,0,0,0,0,0,0,0,0,0,0,0,0,0,0,0,1,0,1,0,0
0,0,0,0,0,0,0,3,1,0,0,0,1,0,0,0,2,1,1,0,0,0,0,0
0,2,0,1,0,0,3,1,3,1,0,1,1,0,0,0,0,0,3,0,2,1,0,4
0,0,0,0,0,0,0,0,0,0,0,0,0,0,0,0,1,1,0,1,0,0,0,0
5,3,4,0,0,2,0,4,3,5,4,6,8,6,6,8,12,8,11,8,10,3,3,1
1,0,1,0,1,0,1,7,5,1,5,7,4,3,4,2,5,4,0,0,1,2,2,0
5,1,1,0,0,3,3,11,17,20,10,13,8,14,11,11,11,20,4,6,17,14,11,4
2,0,0,0,0,2,1,6,12,5,5,4,3,6,1,4,2,2,7,7,2,1,2,0
15,6,1,0,1,1,7,30,21,33,21,25,24,18,30,33,30,18,19,23,22,27,16,10
30,21,6,3,1,2,9,15,9,9,19,19,16,18,24,21,19,11,4,12,24,24,15,8
18,9,4,0,2,5,18,34,38,47,38,35,30,32,32,41,29,19,28,25,35,31,19,25
7,8,6,0,1,0,29,41,48,55,51,58,51,54,61,64,42,49,42,52,58,45,37,20
20,7,4,1,0,6,17,28,38,28,20,27,30,18,14,23,22,18,16,23,21,25,22,24
13,7,0,0,1,6,16,22,28,43,33,46,32,31,44,38,26,31,21,30,38,29,15,8
31,7,3,1,3,3,9,9,9,19,17,25,22,26,11,26,20,10,5,14,9,18,20,10
9,5,5,2,4,6,20,19,29,41,45,59,68,69,40,41,28,21,24,38,31,48,19,16
22,7,3,2,2,4,27,26,38,54,68,80,70,104,104,86,93,60,48,65,95,86,63,33
38,16,6,6,5,8,25,26,28,58,67,76,76,109,82,91,86,65,53,71,110,116,82,40
13,10,5,0,3,9,16,24,40,42,80,94,74,75,53,78,57,35,33,23,37,33,18,26
14,7,2,2,3,4,13,31,18,29,58,79,55,50,59,54,58,41,27,29,26,22,33,13
9,3,2,0,0,4,8,8,6,15,13,10,12,14,15,19,16,10,9,8,8,11,9,3
13,7,4,3,0,1,5,10,7,13,22,26,19,23,24,26,22,19,18,32,21,12,11,3
1,1,1,0,0,0,1,0,0,0,0,0,1,1,3,0,1,1,0,0,3,1,4,1
4,0,0,0,0,0,0,0,0,1,0,0,0,1,2,1,1,1,0,0,1,1,2,1
7,1,0,0,0,0,0,0,1,0,0,1,2,3,2,4,8,4,7,5,16,2,24,3
1,1,0,0,0,0,0,0,0,0,1,0,0,0,3,1,0,1,0,0,0,0,5,0
5,2,0,0,0,0,1,5,3,2,2,3,7,5,8,4,5,4,6,9,4,5,3,1
12,3,1,2,2,5,4,10,12,21,18,28,30,16,27,20,12,22,24,26,23,20,19,14
8,8,1,0,2,3,2,4,3,6,10,6,11,9,13,10,6,16,11,15,5,13,7,6
13,3,6,1,0,8,6,4,4,11,13,7,13,10,13,8,11,12,11,19,16,10,7,6
5,1,2,0,0,1,5,5,7,5,12,14,8,9,10,12,23,14,7,6,10,8,10,3
2,0,0,0,0,2,1,1,5,7,6,3,6,7,14,16,9,8,7,9,4,6,5,4
3,1,1,1,0,2,3,3,3,5,4,6,5,5,3,4,10,4,3,2,4,1,3,1
6,1,1,1,2,0,5,8,19,27,25,27,23,23,36,30,23,23,16,29,15,18,18,10
5,3,0,0,1,2,10,4,8,7,11,3,5,5,10,9,11,14,10,3,6,4,4,1
2,2,0,0,0,0,4,9,2,10,5,4,4,2,1,4,5,1,2,3,3,5,3,3
0,0,0,0,0,0,1,1,1,0,1,0,0,0,0,0,2,2,2,0,0,0,0,0
1,0,0,0,0,0,0,0,0,1,3,0,0,1,1,0,3,1,1,1,2,5,0,1
0,0,0,0,0,0,0,0,1,3,0,2,3,4,2,4,3,4,4,5,4,2,1,0
1,0,0,1,0,1,1,4,17,25,21,14,15,18,28,33,23,12,10,11,12,2,5,6
1,0,0,0,0,1,1,0,1,0,1,4,2,3,5,2,2,5,3,3,1,2,4,0
0,0,0,0,0,0,0,0,1,3,2,6,4,7,5,3,6,7,7,6,8,6,0,1
0,0,0,0,0,0,0,0,0,0,0,0,0,0,0,0,0,0,0,0,0,0,0,0
0,0,0,0,0,0,0,0,1,0,0,0,1,0,0,0,0,0,0,0,0,0,0,0
6,2,0,0,0,1,4,5,5,2,2,3,1,6,5,2,4,1,5,7,2,3,2,3
2,0,0,0,0,4,6,16,20,13,8,4,4,2,4,2,7,3,2,6,5,7,5,0
0,0,0,0,0,0,1,0,0,0,0,0,0,0,0,0,0,0,0,0,0,0,0,0
4,0,0,0,0,0,1,0,0,0,2,1,0,1,2,1,1,1,1,0,0,0,0,0
13,4,1,1,0,11,22,43,45,25,10,8,13,8,8,14,13,24,13,15,6,7,8,2
1,0,0,0,0,4,5,12,14,26,29,18,10,14,26,15,11,9,4,2,6,2,1,3
2,0,0,0,0,4,2,12,9,11,7,7,3,2,7,7,3,3,1,1,2,3,2,3
1,0,0,0,1,0,0,2,1,1,1,3,2,1,0,2,1,1,2,0,0,1,0,0
13,13,7,4,0,6,8,18,14,21,16,18,17,22,16,17,12,12,11,11,12,16,20,11
20,3,8,1,0,2,13,29,14,30,36,35,40,43,42,45,42,24,14,24,50,42,26,7
17,5,0,0,0,1,6,5,10,27,61,54,61,75,52,62,47,44,31,35,52,51,46,20
8,3,0,3,0,2,8,24,31,33,27,29,29,34,24,28,34,26,24,24,25,15,17,7
18,7,5,3,4,5,11,18,19,60,33,26,40,47,29,32,35,26,19,29,24,27,25,8
17,8,2,1,1,4,16,21,32,48,64,50,53,59,61,52,37,37,25,37,52,44,50,29
15,12,3,2,0,9,13,30,35,41,69,54,58,58,58,57,37,46,33,36,35,35,46,17
16,18,3,1,1,5,20,28,43,55,69,88,88,73,78,49,68,54,46,51,52,90,69,25
9,7,2,2,0,5,9,17,15,19,26,29,28,23,23,22,20,17,17,18,15,19,19,8
11,0,3,2,1,2,23,24,25,35,47,50,50,46,40,42,32,36,29,24,33,34,32,21
22,9,2,1,0,8,29,48,41,68,112,81,83,61,88,65,52,55,33,41,43,42,18,16
18,16,4,0,2,6,27,25,24,36,41,49,57,67,44,44,23,35,35,46,29,35,29,21
20,17,5,3,1,17,46,44,28,30,59,53,50,62,41,55,46,62,33,43,49,39,54,32
16,8,3,2,1,2,9,12,10,19,22,21,28,29,30,32,13,16,22,24,23,23,19,8
11,7,1,0,1,9,6,18,28,44,58,64,50,46,62,52,53,47,36,42,28,32,27,16
3,0,0,0,1,0,1,0,0,1,1,1,1,0,0,0,0,3,3,0,0,3,2,0
0,0,0,0,0,1,1,0,0,2,0,1,0,3,3,2,0,1,0,0,0,1,0,0
8,4,0,0,0,0,0,0,3,9,6,10,6,4,18,13,12,7,7,7,7,1,7,6
12,9,4,1,5,7,16,14,19,24,41,27,21,26,19,24,17,30,19,16,22,19,15,8
5,2,2,0,1,3,7,6,8,12,11,7,8,16,11,14,16,15,15,18,13,18,5,3
4,0,1,0,0,2,7,7,2,3,5,5,7,2,4,6,4,2,3,6,4,2,3,2
1,3,0,0,1,0,7,2,3,4,4,3,4,6,2,5,2,7,3,2,0,4,2,0
2,1,3,0,1,0,8,8,10,3,11,7,4,8,7,11,7,5,4,5,5,6,4,1
0,1,0,0,0,0,0,0,0,0,0,0,0,0,0,0,4,2,1,2,0,2,0,1
6,0,0,0,1,1,5,8,11,15,6,8,6,9,8,7,5,1,5,8,13,6,3,2
17,9,2,0,3,2,14,9,5,21,11,15,15,15,9,6,15,25,14,11,10,14,7,8
0,2,0,0,0,1,1,2,4,7,3,2,2,3,2,3,3,1,2,2,2,4,2,3
0,0,0,0,0,0,0,0,2,1,1,1,2,0,0,1,0,0,0,1,0,0,0,1
3,1,0,0,0,0,1,2,0,1,1,1,3,3,2,5,2,6,2,4,7,3,3,11
1,0,0,0,0,0,0,1,2,4,3,7,12,12,14,15,16,9,14,18,27,29,26,10
1,0,0,0,0,1,1,4,8,4,4,3,3,1,1,2,1,0,0,0,2,5,2,0
0,0,0,0,0,0,0,0,2,4,6,7,8,4,5,14,13,11,12,6,8,5,1,2
0,0,0,0,0,0,0,1,3,7,5,5,1,8,7,8,14,19,10,9,7,10,7,1
0,2,0,0,0,0,0,0,1,0,2,3,5,4,2,3,2,6,6,2,6,3,1,1
0,0,0,0,0,1,1,1,0,1,1,0,6,4,2,3,1,3,3,7,1,3,2,0
2,2,0,0,0,0,2,3,12,8,7,1,0,7,4,6,2,1,5,4,4,2,1,1
3,0,0,0,0,1,2,0,0,1,2,2,0,2,0,0,0,0,0,1,0,0,0,0
1,2,0,0,0,1,0,1,0,1,0,1,0,0,1,1,0,0,1,0,0,0,0,0
3,0,0,0,1,1,0,2,7,4,1,5,1,4,1,2,1,0,0,2,0,3,0,1
5,7,5,0,1,7,27,43,42,39,21,15,15,18,8,25,34,10,11,13,12,5,14,3
19,8,7,2,0,8,18,23,38,51,36,42,27,35,38,37,25,27,19,19,27,35,14,24
12,5,1,0,4,6,21,31,32,42,42,35,34,28,34,31,23,34,12,20,18,22,14,15
9,8,3,1,1,2,6,12,15,22,16,24,18,12,17,19,25,11,21,10,5,8,11,11
33,21,5,7,1,8,14,31,36,41,22,31,23,33,28,33,34,21,20,30,29,38,24,30
45,25,11,1,1,12,11,15,25,31,45,32,30,48,32,51,38,38,32,48,38,32,46,33
63,18,8,7,2,9,15,34,57,84,64,86,70,113,66,61,63,46,43,70,99,98,80,55
25,13,8,0,0,7,12,23,47,46,47,58,72,87,78,82,66,66,57,51,77,105,74,36
34,9,2,1,1,2,13,16,23,34,46,33,46,34,39,35,23,31,13,20,25,24,35,19
22,13,9,0,0,6,35,41,43,85,76,62,55,86,67,57,58,54,41,49,48,48,33,23
25,5,7,1,0,6,18,19,35,44,56,49,44,51,55,48,29,36,30,32,35,29,25,16
13,10,4,0,0,2,18,17,16,29,36,29,32,40,35,24,32,22,30,31,26,24,42,17
11,3,1,2,1,3,7,22,20,16,28,16,26,35,22,25,31,17,14,16,17,28,18,12
21,9,6,4,3,2,12,11,16,19,30,34,24,30,31,30,22,16,15,17,17,32,18,12
13,5,3,1,0,4,26,37,13,27,39,39,42,44,40,24,32,24,38,19,27,28,18,19
28,20,12,4,1,12,38,55,30,40,53,53,43,65,44,65,36,31,39,45,42,49,52,32
90,37,21,10,11,13,26,34,40,69,104,108,119,130,117,91,105,86,77,121,138,146,123,89
23,12,6,3,4,7,30,43,18,47,63,53,44,48,53,48,40,42,42,32,41,30,31,18
36,19,9,3,3,11,45,50,36,54,61,62,73,63,44,55,45,38,31,50,52,35,37,25
20,2,5,2,1,7,13,21,16,30,42,50,35,32,44,39,33,22,20,19,20,18,22,6
6,0,0,0,0,0,3,3,6,6,6,10,9,13,13,4,7,7,5,6,5,8,3,1
5,1,0,0,0,1,1,3,6,7,4,2,5,4,4,0,6,7,8,3,6,7,4,2
4,0,0,0,0,0,7,4,2,3,4,2,8,8,9,10,4,4,9,8,8,6,4,2
8,1,2,0,1,2,13,9,9,14,15,17,15,10,12,19,15,10,23,14,12,7,5,3
4,1,3,1,4,3,11,25,30,39,36,38,38,34,39,35,42,26,19,15,18,18,8,2
8,3,2,1,0,4,7,12,7,18,18,6,11,9,13,10,6,10,6,4,4,5,9,3
10,3,1,0,1,4,14,13,13,31,28,10,12,20,13,20,19,16,8,20,10,8,9,12
8,0,1,0,1,2,4,9,4,20,18,9,9,5,5,8,7,11,9,6,7,3,3,3
34,4,5,0,2,5,17,21,34,27,32,35,43,25,25,43,33,41,52,55,49,57,65,37
7,1,0,0,1,1,1,9,9,15,12,7,14,17,11,10,10,13,12,17,8,8,9,6
21,11,4,0,1,0,0,0,1,3,4,4,12,4,4,9,6,5,6,5,2,3,7,7
1,0,0,0,0,0,1,0,0,1,1,0,0,0,0,0,0,0,0,0,0,0,0,0
2,1,0,0,0,0,0,3,3,8,3,9,3,7,2,6,5,11,3,3,8,16,10,5
4,1,1,0,0,0,6,14,36,39,19,17,27,38,29,27,26,24,13,20,23,16,23,11
4,0,0,1,0,1,6,20,26,26,12,7,12,12,6,12,7,13,4,8,6,8,4,5
1,1,0,0,0,0,1,4,6,7,11,7,16,17,8,6,9,16,20,22,27,23,24,11
1,0,0,0,0,0,2,3,6,1,3,3,4,6,2,3,8,4,4,4,6,11,4,1
3,0,0,0,0,1,3,5,10,6,6,7,11,7,7,8,10,6,15,8,6,14,7,4
4,0,0,0,0,0,4,15,10,15,4,6,8,6,5,3,2,4,6,4,2,3,2,1
3,0,0,0,0,5,14,15,12,9,14,6,4,4,2,1,3,2,1,4,2,1,2,1
3,2,0,0,1,8,20,25,13,23,18,6,8,9,5,2,3,9,8,8,14,4,0,6
1,0,0,0,1,0,0,1,1,0,0,0,1,0,0,0,0,0,0,1,0,1,0,0
2,0,0,0,0,1,4,5,11,5,5,4,5,8,10,9,1,7,3,5,6,1,4,2
36,3,0,0,0,6,19,48,100,86,51,35,54,70,50,49,55,55,37,57,79,87,85,59
7,3,2,3,1,5,30,32,38,35,26,15,17,13,8,10,9,11,9,5,8,8,7,4
14,13,2,1,1,11,21,33,55,55,35,32,28,36,29,30,33,27,27,22,39,45,22,17
15,5,0,0,0,2,20,27,25,32,23,13,16,19,10,16,10,18,11,16,14,9,13,12
14,7,4,1,0,2,19,29,36,53,28,33,22,36,32,27,37,18,21,25,27,36,32,10
22,10,4,0,1,4,33,48,42,56,46,41,36,45,36,40,34,41,28,29,35,29,27,12
17,11,8,1,0,5,33,31,43,70,38,39,34,38,23,24,21,18,17,18,29,17,14,25
17,4,2,2,0,5,14,16,27,38,45,45,34,35,38,38,47,22,25,20,47,23,24,21
90,10,8,0,1,9,33,56,47,78,104,87,88,119,89,67,76,67,55,81,91,124,133,88
41,26,8,3,2,6,22,32,23,54,56,55,61,66,57,54,52,43,43,43,47,47,39,27
29,7,6,0,5,9,23,21,34,59,75,69,62,61,77,58,65,36,35,49,48,38,52,23
12,2,0,1,1,3,15,27,20,30,30,35,24,37,32,34,22,36,21,23,22,28,13,9
11,10,3,1,0,3,14,40,68,99,145,116,105,88,98,93,93,50,33,52,33,38,46,23
65,32,16,8,8,11,21,45,55,76,116,109,85,76,80,52,66,50,26,44,45,59,60,40
44,19,6,1,1,7,24,44,43,55,75,89,94,120,132,100,68,68,63,90,113,112,103,93
17,7,2,2,3,4,24,43,59,83,111,129,88,82,85,51,47,55,38,27,38,31,32,15
22,5,3,1,1,3,9,13,12,36,29,34,33,34,30,29,28,26,16,27,17,25,22,20
30,19,7,5,2,14,19,40,25,44,47,45,57,56,32,30,40,30,28,47,34,44,35,41
37,15,8,1,2,13,31,57,49,67,88,68,63,82,83,80,68,38,30,48,37,37,49,15
11,4,4,0,2,10,19,21,9,22,23,13,16,26,18,22,24,10,11,14,17,12,12,8
20,11,3,2,2,4,34,27,14,45,44,36,44,52,34,34,38,41,18,31,27,23,18,14
6,1,0,0,0,1,3,1,12,15,22,15,12,15,22,17,13,10,9,15,12,16,9,5
0,0,0,0,0,0,3,4,6,10,12,10,6,9,9,4,10,6,5,8,5,4,2,0
19,5,10,4,5,5,13,34,54,65,84,84,64,63,97,82,89,59,47,48,61,69,40,31
20,9,5,3,2,6,9,14,15,33,54,30,33,49,36,38,26,20,30,45,30,29,28,18
7,3,1,0,1,3,4,3,8,15,11,15,16,9,15,14,15,11,13,12,10,12,7,5
0,2,1,0,0,3,8,10,13,15,18,12,12,17,13,10,21,17,20,11,20,10,11,6
7,3,0,0,0,3,9,18,13,29,29,16,10,13,15,19,12,15,8,15,7,6,3,6
3,2,4,1,1,7,9,18,29,29,26,21,16,30,14,20,19,20,17,29,26,31,40,11
20,4,0,0,1,2,4,22,16,31,26,22,38,33,22,35,50,39,53,37,31,23,24,21
0,0,0,0,0,0,0,0,0,1,0,1,0,1,7,5,4,5,3,2,0,0,0,0
4,0,0,0,0,0,1,2,0,1,2,0,0,0,1,1,2,0,1,2,2,1,0,0
3,0,0,0,0,1,0,4,6,3,4,2,3,1,2,6,5,3,3,3,1,6,5,0
0,1,0,0,0,1,0,2,10,23,15,14,22,19,24,20,28,29,17,24,15,31,34,9
0,0,0,0,0,0,0,0,2,3,4,4,6,12,7,9,10,14,6,7,8,5,11,2
9,1,1,1,0,3,1,8,26,39,21,24,20,46,22,31,32,28,33,40,37,35,37,31
1,0,0,0,0,0,0,0,1,2,4,2,1,2,6,4,2,5,1,2,5,5,6,3
8,2,1,2,0,3,7,16,17,24,19,20,13,14,14,9,16,14,9,17,13,16,14,13
2,1,0,0,0,4,12,20,22,27,27,29,22,17,18,16,22,13,21,27,17,12,13,11
0,0,0,0,0,1,2,3,7,3,1,1,1,1,1,3,3,2,1,5,2,4,3,0
3,0,0,0,0,0,3,4,4,6,3,2,3,4,2,3,1,2,1,5,0,1,3,0
2,0,0,0,0,1,1,3,6,3,0,1,2,0,0,1,4,1,1,0,1,0,1,1
10,0,1,0,1,1,1,1,3,5,1,2,2,5,7,3,1,4,2,1,0,2,1,2
6,3,2,1,0,0,2,3,9,6,10,10,4,20,10,16,16,19,15,7,11,12,19,18
12,1,1,1,0,2,6,14,18,15,9,7,11,8,5,11,7,9,7,4,5,5,7,3
17,4,1,2,0,7,15,25,48,39,27,19,23,15,21,19,12,21,10,12,15,10,17,8
2,0,0,0,1,1,0,1,4,1,2,5,2,1,1,4,3,1,3,4,3,1,0,0
2,2,0,0,1,2,6,8,14,6,5,9,5,13,11,6,4,8,5,4,9,11,8,4
2,1,0,1,0,0,0,5,13,25,30,23,16,26,27,20,21,14,11,8,6,10,8,1
4,1,1,0,0,2,3,17,25,18,15,13,13,14,25,19,22,25,9,20,25,22,15,9
1,1,0,0,1,2,7,4,5,7,5,4,10,10,2,3,6,3,0,1,6,4,3,1
21,5,3,0,2,5,16,24,13,19,32,38,15,17,20,9,26,26,20,19,20,22,15,13
18,1,2,1,1,1,4,9,2,18,23,11,15,19,23,18,10,6,9,11,10,20,13,13
25,11,3,2,2,6,21,23,25,51,37,39,56,53,63,52,53,39,32,41,58,58,46,26
20,3,6,0,3,2,20,36,27,45,57,40,40,54,43,38,45,17,17,34,33,44,46,31
32,8,3,5,3,8,18,53,49,64,85,81,86,89,72,76,50,33,28,58,45,43,45,22
102,53,24,10,4,12,23,50,63,92,135,142,152,154,149,139,106,93,61,82,106,117,96,81
35,34,10,9,5,7,18,25,38,40,46,57,41,65,54,38,31,34,43,34,60,64,58,41
35,6,10,1,6,7,22,30,47,82,64,71,66,77,73,59,57,43,37,40,44,45,45,37
25,9,6,1,2,6,14,35,41,51,51,78,85,102,71,66,61,40,42,44,53,59,87,32
92,39,17,7,3,11,20,32,35,62,71,75,91,144,95,63,92,58,46,62,79,118,117,88
29,19,6,4,5,5,27,35,25,44,52,45,47,46,36,40,27,37,34,33,51,37,40,27
26,18,8,1,2,8,15,20,21,29,41,40,54,45,30,36,25,19,18,28,36,24,39,22
18,4,1,1,0,8,20,28,12,31,36,39,32,19,25,28,32,11,17,13,14,18,14,12
16,6,4,3,0,9,17,20,15,27,32,26,22,28,23,14,17,13,8,16,19,14,8,10
8,6,1,1,0,0,1,2,2,3,9,8,8,11,12,14,6,6,9,7,5,14,6,8
4,2,0,0,0,4,8,16,25,20,26,17,16,11,8,14,8,6,11,8,5,5,4,4
14,5,3,1,2,5,9,7,25,27,18,24,18,22,24,41,14,30,21,17,20,11,10,14
16,9,3,2,0,9,14,9,11,22,15,22,29,35,21,22,19,19,23,31,23,27,29,12
16,6,1,0,0,1,2,4,13,25,24,27,33,47,42,28,30,34,31,51,40,28,44,27
1,0,0,0,0,4,21,28,27,21,18,23,19,27,21,26,28,20,19,19,26,19,16,8
1,0,0,0,0,1,2,3,10,9,8,3,2,7,0,5,6,4,4,4,5,1,3,2
0,0,0,0,0,0,0,0,0,1,2,0,0,2,1,0,3,0,0,0,0,0,0,0
6,9,1,0,0,2,7,19,26,31,27,35,31,46,52,51,41,38,47,62,74,58,53,15
0,0,0,0,0,0,0,2,1,7,3,4,2,5,4,3,2,3,3,1,2,4,2,0
0,0,0,0,0,1,1,1,0,0,5,6,0,1,2,2,5,1,0,1,4,1,1,0
0,0,0,0,0,0,1,1,2,0,2,2,0,0,1,0,0,0,0,0,0,0,0,0
2,0,0,0,0,0,0,5,3,6,6,5,11,10,13,12,14,9,15,13,12,7,10,3
2,1,0,0,1,1,5,8,7,5,5,12,3,11,7,13,8,13,6,8,14,10,21,3
1,1,0,0,1,0,0,2,1,1,1,7,10,7,11,10,10,9,9,10,7,11,14,4
0,1,0,0,0,0,1,0,5,2,7,6,4,1,4,7,5,3,4,6,3,0,2,3
1,1,0,0,1,4,11,16,22,20,10,7,14,11,16,12,14,7,24,19,11,9,9,5
1,0,0,0,0,0,6,12,17,21,6,5,6,9,9,7,6,8,4,11,3,4,1,3
3,3,0,0,0,0,2,6,11,15,15,7,8,13,16,12,12,10,26,28,18,37,27,6
0,0,0,0,0,1,1,1,2,2,1,2,3,4,4,3,3,12,17,10,6,6,4,1
0,0,0,0,0,0,0,0,0,0,0,0,1,0,1,0,1,0,1,0,0,1,0,0
2,1,0,0,0,0,0,0,0,1,5,3,7,7,6,7,6,16,6,5,13,7,6,0
0,0,0,0,0,0,1,1,3,3,7,6,12,17,17,14,14,10,13,13,17,11,8,1
2,1,0,0,1,1,12,10,5,6,1,0,9,6,2,4,1,3,1,3,0,3,3,5
1,0,0,0,0,2,5,14,15,20,6,6,4,10,4,2,3,2,0,4,10,2,2,1
2,2,1,0,0,1,2,5,9,9,12,11,8,6,12,19,10,12,15,16,16,12,21,8
0,0,0,0,0,0,1,5,5,5,15,14,16,10,12,12,9,10,5,6,4,5,4,5
0,2,1,1,1,1,4,9,16,20,29,26,14,18,32,25,14,13,8,13,9,9,5,11
3,5,1,0,0,4,0,5,18,20,15,22,17,30,16,21,15,19,23,18,30,31,20,11
7,11,1,1,3,1,10,7,16,27,22,11,7,10,14,11,10,11,16,12,11,7,13,7
12,2,0,1,0,4,7,8,6,21,19,18,29,19,20,10,20,6,12,13,12,11,10,9
3,4,1,0,2,5,7,3,10,15,16,10,7,15,12,11,9,9,6,7,12,17,13,14
10,2,2,1,2,3,11,9,8,13,14,14,34,24,9,17,10,14,18,19,16,13,16,10
34,16,12,3,1,5,26,33,27,48,66,54,60,70,69,49,52,51,50,63,61,61,58,28
37,10,4,2,1,5,29,21,9,21,40,31,20,21,25,19,25,15,22,25,22,21,14,14
45,20,4,3,1,11,25,47,55,75,74,72,67,81,71,82,55,49,40,54,67,67,66,55
73,29,8,3,3,7,9,22,49,73,123,125,125,160,165,132,112,78,68,102,122,127,154,114
34,32,5,3,0,4,18,37,57,105,104,126,139,160,127,117,120,94,45,83,96,123,136,82
33,10,6,1,1,0,33,38,29,63,56,59,57,61,63,49,54,32,19,38,45,36,52,31
26,8,3,0,2,6,14,28,28,39,50,60,50,53,42,51,44,33,22,24,36,32,17,24
124,88,81,38,21,33,26,26,56,90,120,162,148,163,142,126,119,77,92,107,181,164,188,146
29,20,7,6,3,7,16,24,43,51,59,71,69,53,56,44,58,42,17,35,34,31,31,20
23,10,6,1,1,7,21,33,37,52,57,52,62,60,66,45,57,35,33,34,49,36,19,14
9,5,0,1,0,4,6,10,16,32,28,40,37,36,29,23,25,20,29,24,14,23,28,10
2,1,1,0,1,0,2,8,14,20,12,14,25,21,23,16,23,19,12,20,17,22,15,6
6,3,0,0,0,2,11,16,41,41,36,24,17,40,27,24,33,15,19,13,12,10,17,13
15,2,9,1,4,7,19,31,37,50,34,21,30,22,22,20,31,27,26,26,25,32,27,16
53,20,6,4,1,4,8,13,39,43,47,36,53,71,65,55,61,46,44,61,71,80,58,66
16,1,0,1,1,0,0,4,13,29,31,42,49,63,50,67,57,24,31,29,46,49,35,10
3,0,0,0,0,1,3,3,3,13,19,25,17,20,26,22,22,18,11,16,22,22,13,10
1,0,1,0,0,2,0,0,1,17,25,27,13,31,47,36,20,13,15,6,7,8,1,2
4,3,3,0,0,5,10,21,30,42,39,32,29,27,34,23,22,20,33,23,30,15,17,3
1,0,0,0,0,1,2,1,0,0,0,3,3,2,1,2,1,0,2,0,1,0,0,1
3,0,0,2,0,2,9,15,11,16,14,9,7,4,4,7,4,7,13,7,3,3,3,2
0,0,0,0,1,1,3,1,0,0,2,0,1,2,1,1,1,3,0,0,0,0,1,0
0,0,0,0,0,1,0,2,0,1,0,1,2,1,0,3,1,0,0,0,2,0,0,1
0,0,0,0,0,0,0,1,0,1,0,2,0,1,1,0,1,0,0,1,0,0,0,0
0,0,0,0,0,0,1,0,0,1,0,0,0,0,0,0,0,0,0,2,1,1,0,0
2,0,0,0,0,0,0,0,0,1,1,1,2,1,0,1,1,3,1,0,1,3,1,0
1,1,0,0,0,1,2,0,2,1,1,0,3,2,3,1,5,4,1,2,2,1,0,1
3,0,0,0,0,2,8,13,21,24,9,5,5,11,6,8,8,9,6,2,3,6,3,2
2,1,0,0,0,0,2,0,5,1,4,1,1,2,1,3,2,1,0,0,0,0,1,0
1,0,0,0,0,0,1,1,1,9,7,7,6,6,12,13,11,6,14,6,6,3,0,3
0,0,0,0,0,0,0,0,0,3,3,6,14,11,12,15,8,18,27,24,21,21,16,7
1,0,0,0,0,1,0,0,1,0,1,0,0,0,2,0,0,0,0,0,0,0,0,0
0,0,0,0,0,0,1,1,0,0,0,0,0,1,1,1,1,1,0,0,1,0,1,0
0,0,0,0,0,0,0,0,0,2,5,7,7,4,3,10,8,9,6,9,15,13,7,2
8,4,2,1,1,6,15,14,16,17,8,5,9,7,11,8,3,9,5,5,9,6,3,5
8,6,0,0,0,6,7,13,21,26,24,19,17,11,23,18,18,20,19,19,16,16,16,6
4,4,1,0,3,5,15,16,23,16,23,15,12,18,21,8,9,8,15,14,7,9,16,7
8,2,2,0,0,2,2,4,7,14,16,17,27,15,22,19,13,16,10,17,26,27,20,10
4,1,0,1,0,1,6,6,14,21,9,16,17,22,21,16,11,16,26,17,20,12,16,10
10,7,5,1,0,3,6,11,16,19,22,12,11,10,15,9,14,7,10,11,16,16,13,8
12,5,3,2,1,8,8,12,10,17,12,12,12,12,9,13,14,10,8,12,15,16,18,6
25,12,4,0,0,9,12,9,15,26,23,18,28,28,23,22,17,25,21,22,27,36,39,25
32,25,11,5,3,9,32,25,43,40,48,49,58,70,56,63,46,50,46,44,61,64,54,26
14,4,10,5,1,7,9,14,13,18,16,20,24,21,21,20,19,17,14,13,15,20,12,11
37,19,8,6,6,10,23,21,26,25,40,46,59,52,39,36,31,40,33,42,52,36,45,32
11,10,3,3,0,12,27,31,20,45,62,49,53,51,45,54,39,22,25,30,26,28,27,24
31,22,18,5,12,17,33,35,18,49,48,57,42,56,41,49,23,24,31,37,29,39,30,33
41,36,14,7,4,6,27,58,57,84,111,98,99,93,131,100,85,59,43,65,50,66,66,53
20,10,2,2,1,11,24,54,41,58,52,54,41,59,54,47,45,46,25,40,31,51,38,23
40,21,12,3,0,11,21,33,54,109,128,129,135,167,156,142,98,99,44,56,76,98,94,44
108,39,8,6,7,9,23,44,44,59,77,89,105,149,119,101,95,71,62,79,87,136,133,127
122,78,23,15,10,17,31,46,57,59,92,114,104,143,141,107,100,70,61,77,84,158,140,95
41,19,2,6,1,10,14,40,62,95,107,100,100,121,114,93,83,47,57,52,77,82,107,68
11,9,2,0,0,5,2,13,18,37,30,59,72,61,71,49,43,31,22,26,28,24,33,18
9,11,3,1,0,1,4,2,15,18,20,50,38,62,48,64,44,28,35,38,43,45,42,34
4,0,0,0,0,4,13,20,42,17,22,23,14,18,18,19,17,5,10,9,9,11,7,10
21,7,2,1,0,7,13,28,48,56,29,38,35,49,48,56,47,30,26,23,45,33,35,29
47,17,12,5,2,16,17,18,36,58,53,78,106,131,111,99,121,78,65,72,129,105,88,44
66,9,4,3,0,6,14,15,38,51,37,28,37,42,42,36,47,24,21,37,28,26,33,48
13,5,2,0,0,1,4,13,15,28,28,22,32,20,31,38,27,25,20,21,25,17,15,7
2,2,0,0,0,9,10,8,10,23,21,12,12,13,12,24,24,7,12,4,15,16,10,3
8,2,0,0,0,2,4,12,25,30,33,41,23,25,27,37,27,29,20,27,34,35,27,3
6,1,0,0,0,3,2,3,7,21,24,20,11,24,18,12,16,18,8,9,17,7,3,6
9,4,2,0,1,8,13,20,17,39,47,45,29,42,40,27,46,34,40,39,55,30,33,11
1,0,1,0,0,5,6,6,6,11,9,6,11,5,8,4,2,6,5,4,1,4,3,0
0,0,0,0,0,1,0,0,3,2,4,2,3,6,3,4,6,1,2,1,1,2,0,2
0,0,0,0,0,0,2,1,2,3,3,4,2,3,3,2,2,4,5,3,0,2,2,0
0,0,0,0,0,0,0,0,0,0,0,0,0,0,0,0,0,0,0,2,1,0,1,0
0,0,0,0,0,0,0,0,0,0,1,0,1,0,0,0,0,0,0,0,1,0,0,0
0,0,0,0,0,0,0,0,0,0,1,0,1,1,0,0,0,0,0,0,0,0,0,0
0,0,0,0,0,0,0,0,1,1,1,0,1,1,0,0,0,1,0,0,0,1,0,0
0,0,0,0,0,0,0,0,0,0,0,0,0,1,0,0,0,0,0,0,0,0,0,0
0,0,0,0,0,0,0,0,0,0,0,0,0,0,0,0,1,0,0,1,0,0,0,0
1,0,0,0,0,1,0,0,2,6,5,7,9,8,10,12,2,4,1,7,2,2,1,2
0,0,0,0,0,0,0,0,0,0,0,0,0,0,0,0,0,0,0,0,1,1,0,0
1,1,0,0,0,0,0,2,0,3,1,1,0,0,0,1,0,1,1,1,0,0,0,0
3,0,0,0,0,1,0,2,0,0,1,0,0,1,1,0,1,1,1,1,0,0,0,0
8,2,1,0,0,2,5,2,4,6,8,8,5,3,7,3,3,3,14,4,11,6,7,6
16,8,4,0,2,6,27,23,25,22,18,10,16,10,10,9,7,5,8,12,19,15,9,5
3,2,0,0,0,3,17,7,18,14,17,10,6,12,7,8,6,8,5,9,8,6,11,1
7,2,2,0,0,8,11,7,8,18,10,7,10,9,11,15,4,11,8,9,8,6,11,3
14,3,2,0,1,5,6,9,17,21,10,15,18,23,19,16,19,17,17,14,21,21,11,3
9,2,0,1,0,6,4,12,6,19,12,10,9,9,8,10,9,9,5,6,4,11,3,1
15,2,0,0,1,3,11,15,13,22,9,15,19,10,6,9,7,10,8,17,5,4,5,2
21,16,11,4,3,7,18,19,21,34,33,45,36,44,33,43,35,31,27,31,37,26,29,13
16,2,3,1,0,6,16,8,9,21,19,25,21,25,17,18,17,15,22,27,28,23,16,10
23,7,4,2,1,3,11,7,7,15,24,23,21,22,18,25,19,9,13,16,14,22,18,13
22,12,3,2,1,4,19,14,5,26,35,31,40,42,30,23,37,25,21,36,49,47,44,20
5,1,1,0,1,11,13,12,5,8,18,17,18,16,13,19,12,11,10,12,18,9,13,10
72,42,18,11,16,25,41,25,27,42,57,69,72,90,73,51,59,43,60,60,92,94,76,64
45,19,19,5,3,19,29,56,39,66,81,83,87,96,72,88,69,59,36,73,62,85,71,45
21,16,7,1,1,11,18,21,19,43,46,42,46,57,46,38,44,42,28,41,31,37,38,15
8,6,4,1,0,4,14,21,25,45,61,40,45,48,55,54,40,27,20,25,24,39,15,12
30,11,3,2,1,4,11,29,18,35,35,31,27,26,30,30,17,12,10,10,17,30,23,16
27,13,10,1,2,3,13,20,25,33,24,28,30,33,31,29,24,24,14,8,28,28,37,21
35,27,7,2,2,9,24,26,32,64,56,88,90,103,89,86,84,54,33,41,46,56,69,43
33,20,12,3,1,4,17,28,46,68,87,99,84,111,95,94,84,60,38,51,68,84,94,62
11,2,5,1,0,0,0,3,13,13,19,22,29,28,33,30,29,13,15,15,20,54,46,26
19,6,1,0,0,1,1,1,14,18,45,42,66,86,85,62,70,46,22,42,78,114,115,40
28,6,2,0,0,0,4,8,13,31,39,62,71,95,74,69,68,58,50,51,66,76,89,34
13,5,2,2,2,5,10,16,30,51,48,77,58,82,86,69,60,31,17,25,30,26,32,15
17,12,2,3,1,5,16,13,29,32,36,20,22,28,29,30,23,11,15,28,33,30,26,18
7,11,2,0,0,0,9,12,25,41,39,25,37,33,42,33,24,22,31,33,21,15,16,4
10,0,0,1,0,3,8,11,13,18,17,16,17,19,17,15,9,14,10,12,13,13,12,6
4,1,2,0,0,3,3,8,8,15,16,8,16,16,9,14,9,14,11,11,8,7,7,4
10,0,0,0,0,6,10,15,7,13,16,18,13,11,8,12,10,10,15,11,8,8,11,3
4,0,0,0,0,5,5,3,2,14,7,7,8,9,13,13,10,6,6,7,6,6,7,2
2,0,0,2,0,0,2,4,5,6,6,4,4,5,11,1,5,0,2,5,3,2,1,3
2,0,0,0,0,0,1,2,2,3,0,4,4,2,2,4,2,4,1,3,5,4,5,2
0,1,0,0,1,1,5,9,6,18,11,7,11,8,5,6,13,8,3,6,5,5,1,1
0,1,0,0,0,0,1,2,4,5,9,7,12,9,10,5,8,7,8,5,7,8,4,0
0,0,0,0,0,0,0,0,0,1,1,2,1,1,1,0,0,1,0,1,2,1,0,0
0,0,0,0,0,0,0,2,7,10,23,5,4,11,10,6,6,9,13,5,6,7,2,2
1,0,1,0,1,1,2,8,6,3,4,2,2,2,4,6,3,1,1,1,2,1,3,1
0,0,0,0,0,0,0,0,0,0,0,0,0,0,0,0,0,0,0,0,0,0,0,0
0,0,0,0,0,0,0,0,0,0,0,0,0,0,0,0,0,0,0,0,0,0,0,0
0,0,0,0,0,0,0,0,0,0,0,0,0,1,0,0,0,0,0,0,0,0,0,0
0,0,0,0,0,0,0,0,0,0,0,0,0,0,0,0,0,0,0,0,0,0,0,0
0,0,0,0,0,0,0,0,0,0,0,0,0,0,0,0,0,0,0,0,0,0,0,0
0,0,0,0,0,0,0,0,1,0,0,0,1,0,0,0,0,0,0,0,0,0,1,0
11,1,7,0,0,2,4,7,8,6,10,4,5,4,2,0,0,3,5,4,3,2,5,3
16,19,8,2,0,7,13,14,29,27,33,21,10,21,25,18,18,23,13,18,13,17,14,13
10,7,3,1,0,3,8,11,8,7,4,4,4,3,4,4,4,2,6,5,3,13,6,5
14,3,1,0,1,6,7,6,7,15,13,11,8,13,17,6,9,8,6,12,8,6,11,4
23,10,4,0,2,9,7,13,16,22,21,21,28,38,27,26,34,32,34,38,40,37,24,13
20,9,4,0,1,3,9,4,9,17,19,16,14,18,19,17,17,6,17,13,12,15,13,1
14,5,5,2,2,6,7,16,9,22,19,13,10,17,30,10,21,14,14,16,16,20,13,6
19,9,6,6,3,5,11,10,11,16,15,13,10,19,16,17,7,13,11,19,24,16,20,18
43,41,18,8,3,14,16,13,19,21,19,40,29,33,32,18,16,29,29,25,14,29,24,13
3,3,1,0,0,3,4,2,2,3,6,6,5,5,3,7,7,6,10,9,4,2,3,6
30,15,10,2,0,16,23,11,10,17,27,32,17,27,23,29,18,24,22,21,39,28,23,17
24,16,9,4,1,13,25,21,18,30,41,36,30,47,37,38,34,37,32,34,55,43,35,29
33,22,9,5,2,12,22,25,31,40,55,62,58,43,59,64,40,50,42,47,61,57,57,37
7,4,1,1,1,5,17,13,8,25,32,25,33,37,21,32,24,20,18,23,35,19,18,8
44,20,8,4,2,21,13,25,32,44,67,56,75,77,86,101,58,52,38,52,61,54,55,53
99,26,9,4,13,53,36,50,43,87,168,137,111,83,75,79,114,74,29,62,69,92,116,100
38,6,3,0,1,4,15,25,14,22,31,39,19,42,34,37,20,15,10,12,20,23,14,11
16,8,7,1,1,6,12,13,12,19,24,13,19,21,19,24,22,12,7,11,21,13,9,10
7,4,5,1,0,3,15,22,26,45,39,52,83,68,77,51,63,28,5,9,12,13,17,6
21,13,7,2,2,9,13,17,25,26,40,39,39,33,50,37,51,32,22,23,29,28,31,25
12,5,5,1,1,3,4,3,17,17,18,29,27,24,37,29,18,21,13,16,32,36,37,22
0,0,0,0,0,0,0,2,2,3,8,8,9,9,11,11,7,5,8,4,4,2,5,1
8,2,1,0,0,0,1,1,9,26,26,36,46,61,45,51,45,36,29,35,59,47,60,28
0,0,0,0,0,0,0,0,0,0,0,0,0,0,0,0,0,0,1,0,0,0,0,0
6,2,2,0,0,1,5,14,33,34,24,26,20,38,27,25,21,12,11,27,22,17,17,16
0,0,0,0,0,0,0,2,0,3,0,0,3,1,2,1,1,2,2,2,2,1,0,0
3,0,1,1,0,1,4,3,9,23,11,16,18,19,15,7,12,9,6,10,6,7,10,7
7,4,2,1,2,1,6,7,5,6,10,9,11,7,12,11,8,12,8,6,7,10,9,3
2,0,0,0,1,6,7,8,11,29,28,25,40,29,34,38,26,16,20,20,19,16,8,5
6,5,0,2,1,4,6,5,3,11,12,11,8,10,22,14,9,22,17,17,15,12,8,5
9,0,1,0,1,2,8,6,2,14,13,8,4,16,15,17,11,11,10,10,13,9,5,5
16,4,1,0,1,8,9,11,5,18,19,18,19,12,11,17,17,12,14,16,9,10,10,9
12,0,0,0,0,2,6,4,9,14,12,8,3,10,8,6,8,3,5,3,9,2,3,4
6,3,0,0,0,0,5,3,2,6,5,6,7,9,10,4,5,7,4,11,6,7,6,5
5,2,0,0,0,3,3,14,8,3,10,8,9,8,5,7,17,9,6,14,7,4,3,3
3,0,0,0,0,0,2,3,6,10,13,7,7,6,9,12,17,11,10,10,19,16,6,6
5,0,0,0,0,0,1,1,3,2,2,2,1,4,1,4,2,3,5,6,2,2,3,0
0,0,0,0,0,0,0,0,3,5,6,9,6,5,5,8,22,6,2,7,7,13,6,3
0,0,0,0,0,0,0,0,0,0,0,0,0,0,0,0,0,0,0,0,0,0,0,0
0,0,0,0,0,0,1,2,2,2,0,3,1,5,2,5,2,3,3,6,8,2,4,0
1,0,0,0,1,2,2,3,12,7,3,4,2,3,3,0,0,2,0,2,2,0,1,1
0,0,0,1,0,0,0,1,2,0,1,0,1,0,1,0,1,0,0,0,1,1,0,0
0,0,0,0,0,0,0,0,0,0,0,0,0,0,0,1,0,0,0,1,0,0,1,0
7,4,3,0,1,1,2,2,5,4,2,1,2,2,1,6,4,5,2,3,1,4,1,3
2,0,1,0,0,5,3,33,91,60,72,19,9,8,1,5,2,3,3,4,4,2,2,1
5,4,0,0,2,2,11,7,22,9,18,11,18,18,27,19,18,6,17,19,10,7,6,9
16,4,6,0,0,6,11,20,11,10,7,11,8,13,12,10,4,6,1,6,2,6,7,11
19,9,6,4,1,6,14,19,12,18,14,5,18,16,19,11,9,8,15,17,7,11,13,8
15,6,4,1,0,2,13,9,10,13,10,15,20,7,9,15,14,10,13,10,13,11,8,8
7,0,0,0,0,2,2,6,4,15,14,16,9,13,15,12,12,18,8,6,6,4,5,1
7,5,3,0,2,2,5,6,6,7,10,14,10,11,8,10,9,5,6,6,11,10,11,5
6,2,2,1,0,2,4,2,3,4,3,3,6,8,5,6,3,3,3,2,6,3,4,3
13,8,8,2,3,4,2,12,9,17,19,19,12,19,30,28,20,14,9,17,22,15,22,9
31,9,7,1,5,12,18,9,8,9,20,19,19,32,20,16,20,14,17,15,21,19,19,14
14,8,4,1,2,4,16,11,5,15,14,9,13,19,12,12,11,15,8,9,12,11,12,10
10,1,0,1,1,8,26,9,9,9,18,12,14,24,6,12,8,7,4,15,9,13,16,8
36,10,5,0,3,9,22,17,13,15,21,29,33,26,19,14,14,11,13,21,25,26,19,10
379,172,37,2,3,25,33,54,53,85,111,128,97,86,75,97,89,59,42,42,94,60,54,32
142,59,13,1,3,21,39,22,25,34,63,61,40,51,63,64,47,38,29,30,41,43,43,26
89,35,7,4,4,10,43,44,16,43,43,41,51,55,43,47,33,31,23,36,55,46,60,40
18,7,2,1,0,9,23,30,6,15,40,29,35,30,24,19,16,21,9,20,13,20,15,5
23,11,8,2,1,3,12,15,12,37,21,22,37,28,26,29,32,27,14,19,21,24,15,15
31,18,9,4,5,13,12,31,41,63,67,95,71,102,102,85,66,58,37,45,62,51,57,33
28,9,2,0,0,7,25,36,32,50,31,39,49,36,38,47,33,29,26,22,37,30,22,17
20,13,2,0,1,7,9,20,24,26,25,30,30,38,24,19,18,16,17,13,20,17,20,18
7,2,1,1,0,0,0,3,13,13,12,18,16,16,17,20,17,17,6,13,12,11,12,4
9,8,2,0,1,4,7,11,12,28,22,30,24,24,15,25,33,28,34,26,25,33,25,12
0,0,0,0,0,0,2,7,8,12,10,5,7,3,6,7,8,6,9,9,8,7,6,2
3,1,0,0,0,1,2,5,2,7,6,7,6,9,8,4,6,9,4,0,4,3,3,2
0,0,0,0,0,0,0,0,0,0,0,0,0,0,0,0,0,0,0,0,0,0,0,0
0,0,0,0,0,0,0,0,0,0,0,0,0,0,0,0,0,0,0,0,0,0,0,0
8,5,0,0,0,3,1,3,2,7,9,11,10,10,8,11,6,7,4,7,7,9,14,5
11,2,2,0,0,5,5,9,7,16,12,23,13,12,10,15,12,19,19,27,18,15,10,14
14,3,1,0,1,3,6,7,8,21,19,24,16,25,23,23,22,19,14,20,14,14,8,9
2,2,0,0,1,4,4,3,9,16,5,9,11,12,13,13,7,12,4,16,15,8,4,4
7,1,1,0,1,2,2,7,3,20,15,13,7,15,10,11,7,12,8,12,5,10,5,4
15,4,1,1,0,1,9,6,8,15,12,12,15,19,19,15,12,8,6,17,15,7,11,7
7,3,0,0,0,2,3,4,19,13,13,11,10,14,7,13,9,19,11,18,16,8,10,6
6,2,0,0,0,2,3,4,15,18,16,19,9,13,18,12,13,12,12,16,14,7,4,1
0,0,0,0,0,0,1,0,2,5,0,3,5,5,6,6,2,2,2,2,4,3,3,0
1,0,0,0,0,1,0,1,1,1,3,8,6,3,2,4,5,5,8,10,10,4,1,2
0,0,0,0,0,0,0,0,1,1,2,1,3,2,3,3,2,6,2,0,5,5,4,0
3,2,0,0,0,0,2,0,1,2,3,6,5,5,10,3,7,7,8,15,13,9,2,1
0,1,0,0,0,0,0,2,0,0,4,1,1,2,2,3,1,3,2,1,3,3,2,2
0,0,0,0,0,0,0,0,0,0,0,0,0,0,0,0,0,0,0,0,0,0,0,0
0,0,0,0,0,0,0,0,0,0,0,0,0,0,0,0,1,0,0,0,0,1,0,0
2,0,2,0,0,0,2,1,1,0,2,0,0,1,2,0,0,1,0,1,0,0,0,0
1,0,0,0,0,1,0,0,1,1,3,4,0,2,2,3,5,2,7,5,4,1,1,1
3,3,3,1,1,3,8,7,16,13,7,6,5,8,5,4,4,5,8,9,3,3,2,1
3,1,2,1,0,0,0,1,4,3,5,5,3,5,10,4,3,9,3,5,9,4,6,4
9,5,0,0,1,4,7,8,6,15,18,20,8,14,16,14,15,13,7,20,11,12,5,1
6,1,1,0,0,1,4,4,2,0,2,5,4,7,2,3,5,3,7,1,3,1,1,1
24,11,2,0,0,3,12,12,15,10,15,19,20,19,24,18,21,15,14,21,24,18,13,11
7,5,3,1,1,4,13,6,4,7,12,16,10,15,9,6,5,13,11,17,9,8,4,12
4,2,0,0,0,1,1,0,2,0,1,1,1,1,2,0,1,4,3,2,1,1,2,2
5,3,0,1,0,5,6,10,6,10,11,5,8,13,9,3,6,10,9,13,11,9,7,2
9,1,1,1,1,4,10,4,4,2,1,6,14,5,5,5,9,3,5,5,4,4,3,6
37,24,7,2,0,12,28,20,21,17,46,39,33,39,33,31,36,27,15,24,25,21,25,22
30,8,7,5,2,13,9,20,15,14,19,21,23,36,20,18,12,11,18,18,18,18,22,12
53,17,22,1,5,21,26,28,18,25,28,42,16,43,38,43,40,31,34,41,44,40,26,16
58,15,18,1,4,23,24,26,22,30,47,49,38,47,54,43,35,29,15,22,42,34,28,30
53,14,15,4,1,0,27,10,6,20,23,38,18,27,34,38,35,15,17,20,28,23,16,9
38,18,4,3,4,9,21,16,12,18,31,36,19,42,31,37,29,21,21,22,33,29,19,11
21,13,2,1,1,9,22,18,14,28,28,33,30,26,37,30,30,17,13,17,17,8,18,10
21,14,6,2,2,16,25,22,15,28,33,36,42,44,47,43,25,30,20,29,35,31,27,13
31,18,10,3,9,14,15,17,15,34,43,39,44,52,51,52,38,25,21,22,36,45,47,25
16,6,2,0,0,2,13,14,21,33,16,14,17,24,26,24,8,12,12,13,11,14,13,7
32,18,13,5,3,8,26,24,36,44,39,30,36,33,41,37,32,33,23,37,48,40,34,23
16,9,5,5,1,12,19,18,30,31,31,34,30,33,36,39,27,26,19,21,14,16,16,14
24,7,1,0,1,6,6,18,22,38,33,38,35,61,37,47,44,27,28,54,59,57,55,17
26,8,6,0,1,6,7,8,11,8,12,4,16,16,12,22,14,13,8,11,17,10,8,7
15,2,0,0,2,9,13,9,22,21,14,19,13,13,21,26,16,18,11,13,15,12,9,5
4,1,3,0,0,4,5,13,11,5,6,5,5,3,5,6,5,6,3,3,4,3,2,0
10,1,1,2,0,0,7,11,6,11,27,7,12,10,16,14,6,7,6,9,9,11,4,4
2,0,0,0,0,0,1,0,0,0,0,0,0,0,0,1,0,1,0,0,0,0,0,0
4,2,0,0,0,0,1,2,5,1,4,6,6,4,3,1,6,2,1,5,1,3,3,5
9,2,0,0,0,2,3,2,6,4,5,7,6,6,5,3,1,4,3,5,5,4,3,5
6,4,0,0,0,3,3,5,5,12,5,9,6,7,7,6,10,8,7,5,5,3,4,3
5,0,0,0,1,5,7,15,7,13,12,11,13,7,9,12,11,6,2,16,14,8,8,3
13,3,2,0,0,0,5,8,9,16,18,29,20,43,25,24,16,26,24,40,51,39,25,15
6,3,2,1,1,4,4,3,3,10,14,8,6,11,9,7,7,7,10,8,9,10,3,2
2,1,0,0,0,6,6,8,5,16,6,12,12,7,9,6,8,6,4,5,12,5,6,4
6,0,0,0,0,0,1,1,7,8,4,10,3,11,7,6,6,5,4,12,9,6,3,2
0,2,1,0,0,1,2,1,11,9,10,11,12,13,14,8,11,11,9,14,5,5,2,3
0,1,0,0,0,0,2,0,8,11,4,7,11,8,11,8,11,21,11,18,16,22,10,4
0,0,0,0,0,0,0,0,0,2,1,1,5,2,5,1,1,1,2,5,6,1,0,1
0,0,0,0,0,0,0,1,5,3,2,0,2,1,0,5,1,0,0,0,2,3,0,1
0,0,0,0,0,0,0,0,0,0,0,0,1,0,0,0,0,0,0,0,0,0,0,0
0,0,0,0,0,0,0,0,0,0,0,0,0,0,0,0,0,0,0,0,0,0,0,0
7,1,2,1,0,0,5,3,2,10,8,6,5,5,0,0,1,0,0,0,0,0,0,1
0,1,0,0,0,0,0,0,2,0,1,1,1,1,2,1,0,2,4,1,3,1,2,2
5,2,1,0,0,3,4,7,24,25,27,26,31,34,28,23,17,17,29,30,17,11,11,4
5,1,0,0,0,5,2,5,9,11,9,7,6,8,8,5,15,8,5,9,8,3,2,2
18,10,3,0,2,4,7,16,17,26,20,26,26,23,19,20,22,19,21,17,33,23,16,13
12,10,6,0,1,2,2,4,2,2,6,1,9,4,10,8,7,6,8,4,5,4,8,4
2,1,0,1,0,9,19,8,9,11,10,5,11,10,6,6,7,5,11,9,7,10,10,4
7,2,1,0,2,5,13,13,13,13,7,5,14,21,19,10,14,27,14,29,19,21,13,5
8,5,2,1,3,10,8,9,7,6,6,14,14,15,22,17,14,15,9,18,15,20,12,6
15,9,2,5,1,11,20,9,10,19,21,14,17,19,20,16,11,25,11,23,31,37,27,17
27,5,4,1,0,10,21,18,15,24,25,21,21,35,19,21,26,23,14,19,22,9,12,9
20,15,1,3,4,10,21,13,18,13,16,14,23,22,21,18,25,11,13,20,16,14,16,8
9,4,6,1,1,7,44,20,25,28,25,17,21,21,30,35,20,19,33,31,16,18,11,4
9,5,0,0,0,3,19,15,8,21,19,12,15,22,11,8,14,15,7,12,12,15,13,6
18,12,6,2,1,5,14,20,13,27,19,19,27,27,24,29,22,22,20,26,23,23,36,22
20,11,7,1,4,12,22,22,24,26,48,41,33,35,35,36,28,22,30,33,30,27,26,13
20,9,0,0,3,11,17,16,13,13,20,16,24,19,16,30,21,16,14,18,11,16,8,11
18,10,8,2,3,7,29,19,21,37,37,41,41,31,43,44,32,27,24,25,31,39,42,23
8,4,1,0,1,4,13,7,8,12,10,14,15,18,17,16,8,10,13,20,10,18,19,5
30,13,9,4,2,10,30,36,34,55,49,38,42,46,37,36,40,23,23,34,39,23,26,10
8,1,0,0,0,0,2,6,4,7,11,11,7,12,10,11,8,4,8,4,6,9,4,2
23,7,8,2,2,8,29,14,27,20,33,36,40,55,37,40,30,34,44,30,46,38,39,21
28,8,4,2,0,9,23,18,3,28,17,15,22,35,18,27,13,11,20,26,16,20,16,12
23,9,2,0,0,8,20,10,13,22,20,19,20,20,24,19,18,18,14,10,15,15,19,11
19,8,4,0,1,9,17,16,7,21,22,20,21,29,21,20,14,22,21,13,14,10,11,7
26,10,4,2,1,6,24,26,38,45,56,62,55,50,71,62,49,37,24,36,39,32,22,10
16,4,3,0,3,6,10,7,12,14,10,10,15,13,21,26,16,12,26,16,22,22,21,6
3,0,0,1,0,0,0,2,0,1,0,1,0,2,2,1,1,2,2,1,0,0,0,1
0,0,0,0,0,0,0,0,0,0,0,0,0,0,0,0,0,0,0,0,0,0,0,0
3,1,1,0,1,0,5,2,7,8,4,6,8,9,3,6,2,13,10,6,8,5,5,1
7,0,0,0,2,4,2,4,3,5,7,5,5,16,6,4,4,4,4,7,6,4,3,2
2,1,0,0,0,0,2,6,4,9,6,3,8,5,9,8,6,7,7,9,12,7,3,2
5,4,0,0,0,4,7,6,7,4,9,7,6,7,6,9,6,3,4,8,7,2,6,4
4,4,0,0,0,3,5,3,2,18,6,5,11,12,6,11,8,6,7,9,9,9,2,4
10,9,0,0,4,6,8,5,4,8,12,5,3,7,7,5,1,5,7,7,3,7,3,12
1,1,0,0,0,4,4,3,4,2,3,4,5,3,5,3,3,5,3,3,4,1,1,3
3,0,1,0,1,6,1,6,5,15,7,10,4,8,5,6,4,3,6,5,6,3,5,6
0,0,0,0,0,0,0,1,2,2,2,6,2,0,3,2,3,8,6,3,10,6,6,1
2,0,0,0,0,0,0,0,1,2,3,5,7,6,3,7,5,8,10,4,11,9,2,1
0,2,0,0,0,0,0,0,1,1,0,0,3,2,0,6,3,5,11,11,4,10,24,7
2,0,0,0,0,0,0,5,8,14,6,10,14,8,11,10,10,8,13,9,8,6,19,10
0,0,0,0,0,1,0,0,0,0,0,0,0,0,0,1,0,0,0,0,0,0,0,0
0,1,0,0,0,0,1,0,4,0,4,2,4,2,4,3,2,4,2,1,1,2,1,1
4,2,0,0,0,0,1,4,5,9,7,3,7,8,6,3,6,3,2,4,4,2,5,1
4,0,0,0,0,1,0,0,3,3,2,3,4,4,4,2,4,3,5,5,2,4,0,2
1,2,0,0,0,0,1,0,1,3,2,0,2,1,0,1,0,0,1,0,1,1,0,0
3,1,0,0,1,2,4,6,4,7,6,3,7,7,4,2,6,9,5,9,5,4,4,1
12,10,11,2,0,5,8,5,6,10,9,7,11,10,7,11,5,14,6,11,5,9,9,4
12,2,3,1,2,4,16,13,6,8,18,19,18,9,9,6,11,7,12,11,17,11,9,5
19,4,7,1,2,10,22,9,10,16,11,16,21,22,14,15,20,14,20,20,31,38,30,21
7,7,5,2,2,7,18,13,8,13,9,14,13,13,8,5,13,11,13,20,17,20,12,13
11,4,6,2,1,5,16,6,12,17,14,15,16,26,20,23,14,17,21,15,24,21,21,11
22,16,2,2,2,11,39,17,28,26,20,21,16,20,26,19,21,30,16,20,24,17,22,4
3,3,0,0,1,9,26,16,19,27,18,18,7,12,11,7,3,7,11,9,3,5,6,2
5,2,0,0,2,4,2,6,11,6,6,10,7,13,4,16,7,8,5,7,11,8,3,5
32,14,13,5,1,7,30,42,52,77,79,94,89,95,98,96,104,62,58,68,108,133,86,37
11,3,1,2,3,11,16,14,15,20,18,14,31,16,18,23,15,17,10,18,21,6,8,5
24,19,9,4,1,10,19,21,13,25,23,26,41,30,32,29,21,26,27,31,40,23,24,21
7,7,4,3,1,4,16,13,20,25,17,14,25,16,12,20,12,11,14,18,14,13,18,10
30,20,11,5,4,6,13,22,29,32,33,31,36,67,59,67,58,47,44,57,69,102,85,51
24,4,4,1,1,12,19,21,17,21,24,22,22,39,29,23,16,23,15,13,20,22,11,7
20,4,4,0,1,12,26,12,17,30,13,27,16,20,34,32,21,11,12,15,24,20,19,3
22,9,7,1,2,4,16,9,15,29,23,18,32,36,26,35,32,25,15,24,39,28,29,16
24,17,7,0,3,6,23,15,14,31,34,23,30,33,20,40,30,20,18,21,35,36,27,20
35,11,7,1,3,8,32,51,67,91,111,125,95,92,110,121,98,46,57,53,60,43,48,32
16,6,1,1,1,9,13,10,11,17,19,2,15,26,16,15,21,12,12,15,12,12,17,5
26,12,4,3,0,5,7,4,3,13,11,6,11,12,15,13,15,8,5,8,8,9,4,14
21,9,3,5,3,6,13,15,13,28,16,16,30,26,27,35,17,29,28,35,49,39,21,11
16,5,2,4,4,6,11,20,20,30,18,17,15,24,26,20,28,32,26,30,31,22,24,14
13,8,1,0,1,2,11,17,14,19,23,20,14,20,28,37,13,13,13,16,13,10,5,6
5,1,0,0,0,1,4,5,2,3,5,2,2,5,8,3,5,6,6,5,3,2,4,1
0,0,0,0,0,0,0,0,0,0,0,0,0,0,0,0,0,0,0,0,0,0,0,0
0,0,0,0,0,0,0,0,0,0,0,0,0,0,0,0,0,0,1,0,0,0,0,0
3,1,0,0,0,1,3,0,0,6,6,1,1,3,1,3,7,2,1,2,2,1,0,1
6,1,1,2,0,4,8,0,1,9,6,5,3,10,8,8,8,7,12,10,7,3,7,5
7,3,2,2,0,5,7,6,3,18,11,6,7,7,10,10,7,7,13,17,7,6,7,5
4,2,0,0,0,3,2,6,5,7,9,5,1,8,3,8,2,5,5,8,5,5,0,1
7,1,0,0,2,2,1,2,1,10,4,2,1,6,4,3,3,1,2,5,2,4,1,2
4,3,1,0,1,1,2,2,7,8,10,10,6,2,5,3,4,5,11,7,6,3,4,3
0,0,1,0,0,1,1,2,9,7,2,3,5,5,3,5,3,11,7,8,5,6,3,0
1,1,1,0,0,0,1,1,1,4,2,3,2,3,3,4,4,9,9,4,9,5,8,1
0,1,0,0,0,1,0,2,4,1,3,0,4,3,3,3,3,4,10,10,6,4,18,6
0,0,0,0,0,0,1,0,1,2,0,1,0,0,1,0,1,0,0,0,1,0,1,0
1,0,0,0,0,0,0,0,2,0,1,2,1,1,2,2,1,3,1,0,2,2,0,1
3,1,1,0,0,1,0,2,0,3,0,3,1,1,1,2,3,0,4,3,0,0,0,0
0,0,0,0,0,0,0,0,0,0,1,3,1,0,3,0,2,4,0,1,1,2,0,0
6,5,1,0,0,1,2,1,3,3,10,3,3,3,2,6,4,4,1,5,2,4,2,1
5,3,0,3,1,4,3,7,4,6,4,7,4,8,5,8,2,7,3,6,7,0,5,6
2,0,0,0,0,2,2,3,1,0,1,2,2,0,1,1,4,2,0,3,1,0,0,0
8,3,0,2,1,2,11,6,6,10,15,9,3,8,7,6,7,5,7,5,12,2,1,3
9,6,6,0,3,7,13,14,5,4,9,4,8,12,8,10,6,9,9,7,11,7,14,2
9,7,3,0,2,8,13,19,14,7,6,7,10,8,11,10,7,16,10,8,9,8,7,4
14,8,3,3,3,10,19,26,22,13,10,12,20,15,15,9,11,7,11,19,14,18,22,10
13,9,3,0,3,10,12,21,17,25,24,8,21,16,23,15,17,10,17,14,12,7,13,15
3,1,0,0,1,0,12,23,20,12,12,5,6,6,10,7,8,8,4,4,9,2,0,2
8,1,0,0,0,1,5,9,13,24,24,25,23,24,23,28,26,29,30,29,36,35,22,13
5,3,2,0,3,3,17,13,12,23,15,17,25,20,29,12,18,24,23,36,37,32,32,14
23,8,3,0,0,9,20,22,40,44,34,31,39,47,36,37,27,32,36,57,47,56,38,18
6,0,2,0,0,5,31,31,35,34,20,18,14,11,13,16,13,9,13,11,12,14,10,7
14,8,2,0,2,5,23,14,23,26,15,24,20,21,34,25,12,27,26,26,20,25,7,8
20,17,7,3,1,10,12,13,12,13,18,18,9,18,27,20,12,25,26,15,18,19,30,9
23,4,4,0,0,1,10,13,7,20,17,24,21,25,19,26,45,28,14,23,35,21,16,12
19,21,11,2,2,11,12,22,18,25,27,22,32,27,36,25,42,20,11,28,42,28,16,23
12,5,7,3,1,12,13,18,21,24,32,21,29,18,21,26,25,16,11,27,19,24,19,11
5,2,3,0,2,3,8,10,10,15,13,15,16,17,11,20,18,17,18,18,15,13,19,14
9,2,1,0,0,3,8,14,14,8,17,12,10,19,11,12,16,12,14,13,11,13,10,10
14,2,3,2,1,13,13,16,13,19,13,11,20,21,15,28,9,12,16,15,10,20,11,8
13,4,2,1,1,6,19,13,4,25,20,13,13,26,34,17,17,8,12,18,22,16,17,6
20,6,3,1,2,9,25,33,13,16,20,22,27,36,34,33,37,31,37,40,39,39,42,21
9,7,5,2,2,2,11,12,6,17,4,19,15,22,21,15,16,15,9,7,17,11,16,7
5,2,1,1,0,1,7,10,5,11,10,9,8,10,10,13,7,14,10,15,12,7,5,4
7,1,1,1,1,3,3,14,9,7,4,6,7,11,12,9,10,6,11,9,8,7,8,2
3,1,0,0,0,1,2,6,7,4,5,4,4,4,5,2,5,4,6,2,6,7,7,2
2,0,0,0,0,1,0,0,2,0,1,1,1,0,0,1,0,1,1,0,2,0,0,0
0,0,0,0,0,0,0,0,0,0,0,0,0,0,0,0,0,0,0,0,0,0,0,0
4,1,1,1,0,2,4,0,4,2,3,7,2,5,9,3,4,4,10,8,8,4,3,3
6,2,0,0,1,1,4,6,6,5,4,2,0,4,5,2,5,4,2,3,2,2,2,0
4,0,1,0,0,4,6,7,4,5,6,7,5,10,7,6,6,4,6,8,5,5,7,2
6,2,0,0,2,3,9,8,10,14,12,7,4,8,4,4,4,5,2,4,10,3,0,0
4,1,2,0,1,3,5,4,5,8,8,5,5,4,6,7,4,6,11,7,12,8,4,2
2,1,3,0,0,0,2,3,8,6,7,5,2,1,2,4,1,3,1,2,0,2,4,2
0,0,0,0,0,0,0,0,0,0,0,0,0,0,0,0,0,0,1,2,0,0,0,0
0,0,0,0,0,0,1,0,1,3,2,4,2,2,2,7,7,5,2,7,2,2,0,1
0,0,0,0,0,0,0,0,0,1,3,2,3,9,10,7,7,11,8,5,7,5,4,1
1,0,0,0,0,0,0,0,0,0,0,0,0,1,0,0,0,0,1,0,0,0,1,0
2,0,0,0,0,0,0,0,0,1,1,1,3,0,2,0,0,1,0,0,0,0,0,0
0,0,0,1,0,1,0,0,2,0,1,0,0,0,0,0,0,1,0,0,0,0,0,0
1,0,0,0,0,0,0,0,0,0,0,1,0,0,0,0,0,0,0,0,0,0,0,0
2,2,0,0,0,0,0,1,0,1,0,1,1,2,2,2,0,1,1,0,0,1,0,1
1,1,0,0,0,5,3,2,1,0,0,0,0,0,3,2,0,2,0,0,1,0,0,1
1,0,1,0,0,0,0,1,1,0,0,0,0,0,0,1,0,1,2,0,1,0,0,0
1,1,0,0,1,3,5,2,2,2,4,0,7,1,3,2,3,0,2,4,3,1,3,2
5,2,1,0,1,4,18,24,14,7,10,5,8,8,10,7,9,5,6,7,7,7,8,1
10,6,3,0,0,6,14,15,8,18,11,7,13,11,14,6,6,8,11,9,10,5,7,4
14,7,7,2,1,2,0,3,6,17,8,11,11,14,6,17,12,11,11,14,9,8,10,4
9,4,0,2,1,9,20,27,20,21,11,13,16,25,11,7,12,15,16,13,15,11,6,7
5,4,1,0,0,6,6,12,19,10,7,6,13,10,4,5,10,8,7,7,8,3,2,5
7,3,1,0,0,5,10,16,14,14,9,7,7,9,9,8,8,7,9,5,11,8,4,3
5,2,1,1,1,0,1,4,15,19,18,13,10,20,17,18,13,21,18,15,14,9,8,6
6,3,3,0,1,2,3,9,13,8,11,10,7,15,10,16,10,8,9,4,5,5,6,1
2,0,1,0,0,0,3,3,9,11,1,4,6,1,2,6,7,12,1,2,0,1,0,0
21,10,4,0,2,9,17,21,11,11,13,18,25,16,22,13,19,14,14,20,20,15,15,8
16,15,5,2,5,14,30,20,16,27,15,28,24,32,18,25,25,20,30,34,17,19,8,10
23,18,5,3,3,9,17,13,21,22,25,30,40,17,27,19,24,24,16,23,34,26,27,17
17,4,2,2,1,3,14,20,41,34,60,69,48,52,62,78,41,35,27,29,45,34,22,24
12,3,2,1,1,6,13,17,27,23,21,16,27,41,27,20,18,11,13,10,23,23,10,10
5,1,2,0,0,1,10,7,20,14,8,11,8,6,11,9,6,6,7,9,10,8,13,4
18,4,1,2,2,5,8,10,34,26,23,23,21,23,32,28,16,28,20,22,33,30,41,10
4,2,2,0,1,4,8,16,20,14,27,12,19,24,17,23,18,13,11,10,9,11,4,1
30,13,7,2,1,12,19,16,23,24,21,17,20,18,28,14,25,17,13,21,14,24,8,12
27,8,5,1,2,13,17,14,13,19,17,18,26,23,18,20,27,17,20,32,23,12,11,17
10,6,3,0,0,8,13,11,16,20,15,11,19,18,10,10,25,9,13,20,17,18,11,9
19,3,5,3,0,8,11,21,21,18,20,21,23,19,18,27,17,29,17,16,20,23,12,8
3,0,1,0,0,2,1,2,2,1,1,4,2,2,1,5,2,4,3,2,2,0,2,0
3,0,0,0,0,4,6,8,8,7,9,8,11,11,13,5,9,12,9,13,8,5,7,1
0,0,0,0,0,0,0,0,0,0,0,0,1,0,0,0,3,0,0,0,0,0,1,0
0,0,0,0,0,0,0,0,0,0,0,0,0,0,0,0,0,0,0,0,0,0,0,0
0,2,1,0,0,2,5,0,0,4,2,2,2,1,6,1,6,2,2,2,4,6,1,2
3,1,0,0,0,7,0,1,2,2,4,2,3,2,3,2,4,5,2,3,4,1,1,3
6,0,0,0,0,5,8,12,9,18,13,9,7,6,20,10,10,19,24,26,21,17,8,6
1,0,1,0,0,2,5,5,2,6,2,3,2,4,2,3,5,5,4,1,0,4,0,1
3,0,1,1,1,0,6,4,4,8,5,5,6,1,6,1,10,7,8,8,10,9,6,2
12,1,2,0,1,5,11,10,9,14,8,9,4,5,4,5,3,11,10,10,9,7,5,8
0,0,0,0,0,0,1,3,4,6,1,7,4,3,1,4,3,2,2,6,1,3,2,0
0,0,0,0,0,0,1,4,2,7,3,1,0,2,3,3,1,2,1,1,1,1,2,0
0,0,0,0,0,0,0,0,0,2,2,0,2,1,4,2,4,5,3,3,3,3,2,0
0,0,0,0,0,0,0,0,0,0,0,0,0,0,0,0,0,0,0,0,0,0,0,0
0,0,0,0,0,0,0,1,0,0,0,0,0,0,0,0,0,0,0,2,0,0,0,0
0,0,0,1,0,0,0,0,0,0,0,1,1,0,0,0,0,0,0,0,0,0,0,0
1,0,0,0,0,2,0,0,0,1,0,0,0,1,1,0,0,0,1,0,0,0,0,0
1,0,3,2,0,0,2,4,5,1,0,1,1,0,1,1,7,2,1,2,4,4,1,1
3,1,0,0,0,0,1,0,0,0,0,0,0,0,0,0,1,0,1,0,0,2,1,0
1,0,0,0,0,0,0,0,0,1,1,1,0,0,1,1,1,2,1,0,0,0,0,0
0,0,0,0,0,1,1,3,2,2,2,1,1,1,3,3,0,2,0,1,1,3,0,0
2,1,0,1,0,1,1,3,4,3,1,2,6,3,5,1,1,2,0,1,0,2,0,2
3,1,0,1,0,0,5,9,5,3,4,2,3,2,5,7,3,1,1,0,3,0,0,0
3,2,0,0,0,1,2,3,2,0,5,1,1,4,1,2,2,3,1,3,2,2,1,0
13,1,1,1,2,8,30,27,25,22,10,13,16,10,14,18,6,4,5,17,4,9,8,4
3,0,0,0,0,3,8,13,18,19,14,5,8,8,7,6,6,10,13,8,8,7,4,3
1,2,0,0,0,0,0,2,5,6,7,10,15,20,26,27,22,25,25,19,35,33,17,7
8,6,4,1,1,5,8,15,31,22,26,29,22,36,36,43,31,33,30,34,40,28,22,8
8,9,3,0,1,5,10,19,34,30,24,15,10,21,18,25,22,13,13,17,17,10,12,3
0,0,0,0,0,0,3,3,5,3,4,4,5,8,1,2,8,3,6,3,4,1,2,1
7,2,2,1,1,8,11,14,16,17,11,10,19,12,13,12,12,13,12,25,13,9,7,10
10,9,5,1,2,9,21,36,25,22,25,26,29,25,29,18,24,29,17,24,15,13,7,10
10,3,5,1,3,3,13,13,27,25,25,12,21,21,24,21,22,11,26,25,23,17,19,9
27,3,3,1,0,6,14,14,15,20,16,21,18,20,16,21,28,24,25,24,23,32,22,16
11,6,2,0,2,7,26,30,50,28,27,22,35,35,25,27,21,20,29,27,28,18,18,12
2,3,2,0,0,0,1,8,11,13,10,22,9,16,15,16,19,21,18,13,25,24,9,5
12,2,4,0,0,3,17,22,29,30,25,22,28,38,27,20,23,27,23,23,30,26,13,7
18,9,3,2,4,5,18,23,36,27,25,22,29,21,33,32,33,31,20,29,33,31,28,13
12,6,1,1,1,10,22,22,23,33,26,24,33,37,31,24,33,22,24,43,52,42,22,16
2,0,2,0,0,0,0,0,3,4,1,1,4,9,2,5,4,2,8,8,5,3,9,1
19,15,6,1,3,5,12,27,16,21,24,14,21,32,34,26,30,28,30,33,22,24,23,6
17,0,2,1,2,8,12,14,6,16,16,14,17,20,11,15,13,13,22,17,11,7,12,4
5,2,2,0,0,5,14,7,10,11,14,11,18,13,10,17,15,10,12,17,14,11,9,1
0,0,0,0,0,0,0,0,0,0,0,1,1,3,4,3,2,0,2,2,2,1,2,0
0,0,0,0,0,0,0,1,0,0,0,0,0,0,1,0,0,0,0,0,0,0,0,0
1,0,1,0,0,0,3,2,0,2,1,1,1,0,0,3,1,2,0,0,2,4,2,3
0,1,0,0,0,2,1,2,1,1,1,0,1,0,0,0,1,0,1,1,1,1,0,0
2,2,0,0,0,3,3,7,3,6,7,3,8,1,5,7,1,2,3,6,3,1,4,6
0,1,0,0,0,0,1,0,0,0,1,0,0,1,1,1,1,1,0,0,0,0,0,0
0,0,0,0,0,0,0,0,0,0,0,0,1,0,0,0,0,0,0,0,0,0,0,0
0,0,0,0,0,0,1,3,0,1,1,1,0,0,0,2,0,1,0,1,0,1,0,0
4,2,1,0,0,4,5,14,6,10,9,8,6,7,4,4,1,8,6,6,9,12,6,5
0,0,0,0,0,1,0,0,0,0,1,0,0,0,1,1,0,0,0,0,0,0,0,0
1,0,0,0,0,0,0,0,2,0,0,1,0,0,2,0,0,1,0,3,0,1,1,0
0,0,0,0,0,0,0,0,0,0,0,0,0,0,0,1,0,1,0,0,0,0,0,0
0,0,0,0,0,0,0,0,0,0,0,0,0,0,0,0,0,0,0,0,0,0,0,0
0,0,1,0,0,0,0,0,0,0,0,0,0,0,0,0,0,0,0,0,0,0,0,0
1,0,0,0,0,0,0,0,1,0,0,0,1,0,0,0,0,1,0,1,0,0,0,0
0,0,0,0,0,0,0,0,0,0,0,0,0,0,0,0,0,0,0,0,0,0,0,0
2,1,0,0,0,0,3,2,2,0,1,3,0,1,3,1,2,1,1,1,0,0,1,1
0,0,0,0,0,0,1,1,0,0,1,1,0,0,0,0,1,0,0,0,0,0,0,1
1,1,0,0,0,0,0,0,3,2,4,1,1,3,4,6,4,0,1,1,0,0,0,0
7,0,0,0,0,1,5,7,4,8,6,13,13,8,5,1,3,3,7,3,2,2,3,1
8,0,4,1,0,2,6,11,9,8,7,9,8,5,5,3,5,7,3,8,5,6,9,2
18,2,2,0,2,10,8,15,22,18,9,9,18,19,20,9,9,14,21,15,16,20,17,5
1,1,1,1,1,2,4,1,2,5,2,5,3,2,0,2,3,5,2,3,2,2,6,4
4,5,1,1,0,5,10,23,5,6,14,11,12,14,13,12,8,7,7,10,7,6,5,4
21,10,9,6,0,9,11,11,13,11,12,10,15,12,11,12,9,7,9,8,10,12,5,5
3,1,0,0,0,0,1,2,3,5,6,9,9,13,9,6,13,14,11,14,9,10,10,5
16,1,4,0,1,10,11,8,13,20,11,10,13,14,11,13,17,10,12,26,22,20,24,8
0,0,0,0,0,0,0,0,0,2,0,1,2,2,2,0,3,0,1,1,2,0,0,0
4,0,0,1,0,1,7,4,9,6,4,7,16,6,8,7,8,4,11,6,2,5,5,1
10,5,7,1,1,13,34,28,33,15,28,16,13,16,13,7,16,14,16,9,10,11,8,4
21,5,6,4,2,4,25,34,19,25,21,21,12,15,18,8,13,9,9,8,13,9,4,4
13,9,4,2,2,5,14,21,22,16,12,16,17,17,11,18,19,10,14,20,20,17,21,5
17,10,5,0,3,5,29,44,36,37,34,24,36,24,32,30,29,35,36,40,25,30,27,26
7,3,0,1,0,3,0,2,4,2,6,3,1,4,7,3,5,3,4,3,5,1,4,4
3,3,1,2,0,6,10,13,23,35,43,31,33,34,44,60,34,20,22,25,30,17,9,10
16,7,5,0,1,3,13,13,16,37,23,20,40,34,41,28,38,31,24,45,45,42,37,26
72,35,20,8,5,7,23,25,40,39,58,74,106,147,115,144,134,115,117,157,224,255,199,69
13,8,6,1,0,10,6,9,7,2,5,11,8,9,10,21,9,14,16,27,32,15,47,27
16,6,4,1,2,10,23,18,22,8,19,19,18,15,15,17,16,19,27,23,16,21,11,14
12,5,2,1,0,7,22,17,26,23,19,20,33,19,12,20,14,18,23,16,19,20,15,13
11,4,3,0,1,1,7,7,9,5,7,8,10,9,7,9,7,6,10,11,9,8,7,4
0,0,0,0,0,0,3,0,1,1,1,1,1,1,1,1,3,1,0,2,0,0,0,1
0,0,0,0,0,0,0,0,0,0,0,0,0,0,0,0,0,0,0,0,0,0,0,0
0,0,0,0,0,0,0,0,0,0,0,0,0,0,0,0,0,0,0,0,0,0,0,0
0,0,0,0,0,0,0,0,0,1,1,0,0,0,0,0,0,0,0,0,0,0,0,0
4,2,0,0,1,2,3,3,3,3,0,1,3,5,1,1,1,0,1,2,2,3,3,2
1,0,0,0,0,0,0,1,0,1,0,0,1,0,1,0,0,0,0,0,1,0,0,0
0,0,0,0,0,1,1,1,2,0,2,0,0,1,2,0,1,1,0,0,0,0,0,0
0,0,0,0,0,0,0,0,0,0,0,0,0,0,0,0,0,0,0,0,0,0,0,0
4,3,1,1,0,0,5,1,2,2,7,9,1,7,2,2,3,1,2,3,1,3,4,0
1,0,0,0,0,2,11,9,7,4,5,3,3,5,1,2,1,2,2,1,1,0,1,1
1,2,0,0,0,0,4,2,6,4,2,0,1,0,0,0,1,2,1,2,0,1,4,0
0,0,0,0,0,0,0,0,1,0,0,1,0,1,2,1,2,2,0,0,1,0,0,0
0,0,0,0,0,0,0,0,0,0,0,0,0,0,0,0,1,0,0,0,0,0,0,0
0,0,0,0,0,0,0,0,0,0,0,0,0,0,0,1,0,0,0,0,0,0,0,0
1,0,0,0,0,0,0,0,0,0,0,0,0,0,0,1,0,0,0,0,0,0,0,0
1,0,0,0,0,0,0,0,0,0,0,0,0,0,0,0,0,0,0,0,0,0,0,0
1,0,0,0,0,0,2,1,0,2,6,3,1,1,1,0,1,1,1,0,1,2,0,0
9,3,2,2,1,8,10,11,9,4,1,5,8,8,5,9,15,4,7,5,8,5,8,2
2,0,1,1,0,0,3,5,6,3,1,1,6,2,1,4,1,3,1,1,2,2,2,5
3,1,1,1,0,0,1,2,2,4,1,3,7,6,7,5,8,10,4,4,1,6,3,1
3,0,2,1,0,2,4,12,21,9,5,6,14,7,7,5,1,7,2,4,6,3,2,1
4,1,2,0,0,0,4,11,11,11,3,7,10,6,5,6,4,8,2,7,13,17,11,6
7,1,1,1,0,1,8,5,6,11,8,9,7,10,8,4,1,4,5,1,2,2,3,0
0,0,0,0,0,0,0,0,0,0,0,0,0,0,0,0,0,0,0,0,0,0,0,0
0,0,0,0,0,0,0,0,0,0,0,0,0,0,0,1,0,0,0,0,0,0,0,0
0,0,0,1,0,1,11,4,6,8,3,3,3,6,1,5,9,3,6,3,10,2,1,2
14,12,5,0,5,12,24,25,28,27,7,26,11,14,14,13,18,12,13,21,12,9,8,6
26,11,5,5,1,7,30,25,32,36,24,20,21,30,26,24,27,30,23,23,41,32,46,26
5,5,3,0,1,3,10,9,20,17,12,9,9,10,6,6,11,5,9,15,13,8,11,3
7,7,0,5,0,6,27,28,17,5,6,13,14,17,9,14,22,6,13,15,11,8,5,6
8,4,3,3,0,4,23,29,22,18,15,18,10,19,15,15,24,18,9,11,12,10,6,6
9,0,2,1,1,0,4,4,6,19,4,5,17,8,14,7,9,8,6,5,0,4,3,1
15,4,6,1,2,4,22,34,33,40,33,44,30,23,48,49,35,37,34,48,34,33,26,8
13,9,3,0,1,3,23,29,26,25,15,16,12,20,13,11,10,10,21,19,17,9,15,10
4,4,7,0,0,8,15,30,24,16,12,21,13,22,17,18,25,19,25,18,12,18,21,10
11,3,2,1,1,8,16,13,23,27,11,11,12,18,15,12,16,10,15,23,13,12,9,7
26,9,4,0,2,3,9,9,33,19,13,19,31,39,32,32,28,36,28,54,48,50,58,31
11,2,1,1,1,3,6,15,13,20,18,19,14,27,22,17,16,30,24,24,16,22,18,7
10,2,1,1,1,3,9,7,12,16,9,13,13,10,14,8,10,5,10,18,15,12,10,7
18,5,1,1,1,0,10,14,19,36,36,41,26,30,33,27,24,36,35,33,22,25,13,8
8,5,1,0,0,8,27,22,16,17,20,15,27,20,21,20,16,22,23,19,19,18,12,5
10,2,2,0,0,2,10,11,11,4,9,13,5,11,7,15,12,11,8,14,10,9,9,4
0,0,0,1,0,0,0,0,0,0,0,0,1,1,0,0,0,1,1,0,0,0,0,0
3,1,0,0,0,0,0,0,0,2,0,1,0,0,0,2,0,1,0,0,0,0,0,0
0,0,0,0,0,0,0,0,0,0,0,0,0,0,0,0,0,0,0,0,0,0,1,0
2,0,1,0,0,0,0,2,0,1,0,0,1,0,0,3,0,0,0,0,2,0,1,0
5,0,1,1,0,1,3,0,1,1,1,1,0,1,1,1,3,1,2,1,1,0,1,3
0,0,0,0,0,1,5,4,2,5,1,2,2,2,7,1,2,1,2,3,2,2,2,1
2,0,0,0,0,1,4,3,2,7,4,3,2,2,4,3,2,0,1,3,3,0,1,0
0,0,0,0,0,0,0,0,0,0,0,0,0,0,0,0,0,0,1,0,0,0,0,0
3,1,0,0,0,2,7,5,6,9,8,4,3,0,2,3,4,2,4,5,1,1,2,0
0,1,1,0,0,1,1,3,3,4,1,1,0,3,2,2,6,4,2,0,1,2,2,0
0,0,0,0,0,0,0,1,0,0,0,0,0,0,0,0,0,0,0,0,0,0,0,0
0,1,0,0,0,0,1,0,0,0,0,0,1,0,1,1,1,2,3,1,4,3,1,1
0,0,0,0,0,0,0,0,0,0,0,2,1,2,3,2,1,2,2,3,0,0,0,0
0,0,0,0,0,0,0,0,0,0,0,0,0,0,0,0,0,0,0,0,0,0,0,0
0,0,0,0,0,0,0,0,0,0,0,0,0,0,0,0,0,0,0,0,0,0,0,0
0,0,0,0,0,0,0,0,0,0,0,0,0,0,0,0,0,0,0,0,0,0,0,0
1,0,0,0,0,0,3,2,2,1,1,0,0,0,0,1,2,1,2,1,0,0,1,1
3,0,2,0,1,2,2,4,6,2,2,2,2,2,5,4,4,2,1,0,1,0,1,0
5,2,2,2,0,4,2,7,3,2,1,3,1,2,2,1,3,3,3,0,3,2,2,6
2,1,0,0,1,0,0,3,5,2,1,1,2,1,1,3,1,2,1,1,3,0,0,0
0,1,0,0,0,1,0,0,0,0,1,2,0,1,6,2,3,0,0,3,4,1,0,0
2,1,0,1,0,0,5,2,2,0,2,1,1,1,5,0,4,4,3,4,5,1,3,1
0,0,0,0,0,0,0,0,0,0,0,0,1,0,1,2,0,0,0,0,1,0,0,0
3,0,0,0,0,0,2,0,1,0,0,0,0,0,0,0,0,1,0,0,0,0,0,0
7,2,1,0,1,3,2,2,0,1,0,1,0,0,0,1,0,1,0,1,0,1,0,0
10,0,3,2,0,7,17,14,13,3,9,10,6,6,5,5,3,4,3,5,5,5,5,2
29,11,8,4,3,14,35,35,32,23,16,21,20,16,19,12,14,16,22,23,15,7,11,5
14,7,3,1,0,7,14,18,22,25,21,9,20,12,23,16,25,22,40,31,27,31,17,7
27,6,5,2,1,11,32,20,26,20,21,16,17,19,20,19,24,17,20,30,31,28,10,14
23,8,3,1,2,13,26,22,20,11,8,12,16,15,11,15,12,16,16,19,23,14,8,4
6,1,1,1,1,4,20,35,24,9,11,4,8,11,6,6,5,4,10,10,3,4,3,1
1,2,0,0,1,2,16,13,10,3,4,3,0,3,2,3,7,2,5,3,2,3,1,0
8,1,1,0,0,8,10,14,11,11,11,9,4,4,4,10,7,5,4,11,8,7,1,4
18,7,6,2,1,4,21,14,21,11,11,10,4,9,10,8,12,14,13,11,12,4,2,2
9,7,5,0,1,8,12,22,11,9,17,6,10,10,8,11,4,10,6,9,10,8,12,4
0,0,0,0,0,0,0,0,1,2,1,2,2,2,3,1,0,2,3,4,2,0,1,0
1,1,2,0,0,1,0,5,4,3,6,5,5,3,6,3,7,7,11,11,8,11,13,4
20,7,6,4,1,2,12,25,29,10,16,16,9,17,14,17,13,16,16,14,16,9,6,4
12,13,4,0,2,7,7,21,38,60,58,67,65,75,76,74,53,36,28,40,27,28,22,19
10,3,0,0,1,6,13,19,19,22,16,10,19,10,18,28,29,23,23,39,16,19,12,5
11,2,3,1,4,6,10,29,21,18,9,14,19,17,18,8,13,18,10,14,15,18,10,3
7,2,1,1,0,4,6,2,14,7,6,5,9,9,9,8,10,5,6,7,6,1,2,0
3,2,1,0,0,0,1,0,3,3,3,0,3,3,5,4,5,4,2,1,2,2,1,1
0,0,0,0,0,0,0,0,1,0,0,0,0,0,0,0,0,0,0,0,0,0,0,0
0,0,0,0,0,0,0,0,0,0,0,0,0,0,0,0,0,0,0,0,0,0,0,0
0,0,0,0,0,0,0,0,0,0,0,1,0,0,0,0,0,0,0,0,0,0,0,0
0,0,0,0,0,0,0,0,0,0,0,0,2,0,1,0,0,0,0,2,2,0,0,0
1,0,1,0,0,0,2,3,0,2,1,1,1,0,4,5,0,1,0,0,2,2,2,1
0,0,0,0,0,0,1,2,1,1,0,0,0,0,3,0,2,0,1,1,0,1,0,0
0,0,0,0,0,0,0,0,0,0,0,0,0,0,0,0,0,0,0,0,0,0,0,0
1,0,0,0,0,0,0,1,1,0,2,2,2,2,2,1,3,1,2,4,1,0,0,0
0,1,0,0,0,0,0,1,4,3,1,6,3,5,4,2,6,6,8,10,6,7,1,0
0,0,0,0,0,0,0,0,0,0,0,0,2,1,0,2,0,2,1,3,3,1,1,0
0,0,0,0,0,0,0,0,0,0,0,0,1,1,1,0,0,1,0,1,1,3,0,0
5,0,0,0,0,0,1,1,0,0,0,0,1,0,1,0,0,1,0,0,0,1,0,1
0,0,0,0,0,0,0,0,1,1,0,0,0,0,0,0,0,0,0,0,0,0,0,0
1,0,0,0,0,1,0,0,0,0,0,0,0,0,0,0,0,0,0,0,0,0,0,0
0,0,0,0,0,0,0,0,0,0,0,0,0,0,0,0,0,0,0,0,0,0,0,0
0,0,0,0,0,0,0,0,0,0,0,0,0,0,0,0,0,0,0,0,0,0,0,0
1,0,0,0,0,0,1,3,1,1,0,1,0,0,0,0,0,0,0,0,0,1,2,0
2,2,1,0,1,2,5,9,10,11,1,4,0,6,5,5,8,3,8,6,4,6,5,2
0,0,0,0,0,2,8,4,6,3,2,2,1,1,3,0,0,0,0,0,0,1,2,0
0,0,0,0,0,0,2,1,1,1,1,0,3,0,2,1,0,2,1,2,3,0,1,0
6,4,3,1,0,1,4,3,4,4,1,3,4,2,7,1,1,1,0,3,5,5,2,3
0,0,0,0,0,0,0,0,0,0,0,0,0,0,0,0,0,0,0,0,0,0,0,0
3,0,0,0,1,0,0,0,0,0,0,0,0,0,0,0,0,0,0,0,0,0,0,0
13,3,2,4,1,3,9,12,10,6,2,8,15,6,4,3,0,1,4,4,1,2,0,0
9,5,1,2,2,5,16,15,16,8,10,7,10,8,8,11,16,9,3,17,13,9,13,7
34,14,6,1,6,9,21,26,28,18,13,10,13,20,14,15,22,15,21,22,30,24,17,12
31,11,8,3,3,4,5,9,12,11,14,11,19,21,28,31,20,28,21,41,37,47,38,17
15,5,1,2,1,1,23,19,13,6,5,8,13,9,10,11,3,14,12,12,8,12,8,3
11,3,2,2,4,5,13,31,19,8,6,7,11,8,10,6,5,11,5,9,10,8,5,3
6,7,7,1,1,7,11,14,13,8,9,5,18,15,11,12,15,7,6,14,16,12,6,4
8,7,7,5,1,9,12,9,17,10,13,8,16,11,11,11,12,14,11,14,12,4,7,1
7,8,2,1,0,3,13,19,16,10,11,18,16,8,12,22,9,16,19,16,17,13,9,8
5,1,1,0,0,4,4,8,9,4,3,3,1,2,2,4,9,4,5,7,6,4,4,1
4,0,1,0,0,2,8,7,8,4,7,2,3,6,5,2,2,2,4,3,2,2,3,1
0,0,0,0,0,0,0,2,2,1,0,1,1,1,0,3,1,1,1,0,0,3,0,1
0,0,0,0,0,0,0,3,7,1,1,3,4,3,6,5,2,6,13,6,10,13,6,1
5,0,0,0,2,0,1,3,8,5,4,1,5,6,2,3,1,5,1,1,1,2,1,1
13,10,11,5,2,10,24,35,35,25,18,13,12,15,16,13,24,24,31,18,21,33,8,5
12,3,3,0,0,4,21,30,39,31,15,22,23,20,18,18,22,24,23,32,24,12,17,7
24,11,3,5,3,11,20,19,20,19,11,14,11,17,11,18,14,19,20,15,12,11,15,8
5,2,0,0,0,1,5,3,4,0,2,0,3,0,0,3,0,4,2,0,1,0,0,0
0,0,0,0,0,0,0,0,0,0,1,0,0,0,0,0,1,0,0,0,0,0,0,0
0,0,0,0,0,0,0,0,0,0,0,0,0,0,0,0,0,0,0,0,0,0,0,0
0,0,0,0,0,0,1,0,1,0,0,0,0,0,0,0,0,0,0,0,0,0,0,0
0,0,0,0,0,0,0,0,0,0,0,0,0,0,0,0,0,0,0,0,0,0,0,0
0,0,0,0,0,0,0,0,0,1,0,0,0,1,0,1,1,0,0,0,0,1,0,0
0,0,0,0,0,0,0,0,1,2,0,0,0,0,1,0,3,0,0,0,0,1,0,0
0,0,0,0,0,0,0,0,0,1,0,1,1,1,0,1,4,1,0,1,2,1,0,0
0,0,0,0,0,0,0,0,0,0,1,2,2,0,0,0,1,0,1,0,1,0,0,0
1,0,0,0,0,0,0,0,2,6,12,8,6,19,10,16,13,11,3,6,6,6,5,4
0,0,0,0,0,1,0,2,1,1,5,1,3,1,11,4,3,3,5,12,13,7,1,0
0,0,0,0,0,0,0,0,0,3,1,0,6,7,1,3,6,6,2,7,9,9,3,2
2,0,1,0,0,0,0,3,2,2,0,1,2,2,3,3,2,0,1,0,2,2,0,0
0,1,0,0,0,1,1,1,2,0,1,2,0,1,0,1,0,0,0,0,2,0,0,0
0,0,0,0,0,0,0,0,0,0,0,0,0,0,0,0,0,0,0,0,0,0,0,0
0,0,0,0,0,0,0,0,1,1,0,0,0,0,0,0,0,0,0,0,0,0,0,0
0,0,0,0,0,0,0,0,0,0,0,0,0,0,0,0,0,0,0,0,0,0,0,0
0,0,0,0,0,1,0,0,0,0,0,0,0,0,0,0,0,0,0,0,0,0,0,0
1,0,0,0,0,0,1,1,0,0,0,0,0,1,1,2,0,0,1,0,0,0,0,0
2,1,0,1,1,2,7,9,6,4,3,1,3,3,2,1,6,4,0,3,4,2,1,2
6,2,1,1,1,3,6,4,4,3,3,3,3,5,3,1,4,1,0,2,1,2,3,0
0,0,0,0,0,0,0,0,0,0,0,0,0,0,0,0,0,0,0,0,0,0,0,0
0,0,0,1,0,0,1,1,0,0,0,0,0,1,0,1,2,1,2,0,2,0,0,1
4,0,0,1,0,3,4,5,6,4,6,1,0,1,1,5,0,0,4,1,3,1,0,0
5,5,4,0,2,4,32,32,29,21,16,11,11,7,13,16,6,10,16,12,14,17,5,8
16,9,9,1,1,11,18,19,20,15,13,11,21,12,19,13,16,27,21,23,22,16,21,11
31,10,11,2,4,9,15,25,19,17,10,9,12,14,10,18,19,8,14,14,17,13,8,6
10,7,1,1,3,10,11,18,16,7,8,6,16,10,8,9,5,8,14,10,8,8,10,4
28,10,9,4,4,8,20,30,18,10,10,11,7,7,9,14,9,6,2,10,8,12,4,5
4,1,3,2,1,5,8,8,6,7,5,10,6,6,6,9,9,4,7,3,4,5,4,0
5,3,1,1,0,7,27,18,7,15,10,12,13,8,6,10,5,5,5,5,7,4,3,1
1,1,0,0,0,1,3,3,4,1,3,3,1,2,0,0,3,1,2,5,4,2,1,0
3,2,2,0,3,3,6,19,20,13,7,4,9,11,8,8,11,7,9,11,3,8,6,3
0,0,0,0,0,0,2,6,5,0,5,1,3,3,3,1,3,1,1,2,2,1,3,1
1,0,1,0,0,1,3,3,5,4,1,6,2,2,4,3,2,3,10,6,2,3,2,1
1,0,0,0,0,0,0,1,0,0,0,1,1,0,0,1,1,1,0,0,0,0,0,0
0,0,0,0,0,1,0,2,1,0,1,0,2,0,0,2,0,0,1,2,0,0,0,0
16,7,2,1,2,4,16,11,16,9,11,6,8,10,10,4,6,4,6,5,12,5,7,4
15,5,5,0,4,14,12,22,16,17,14,9,19,14,13,13,14,20,22,10,11,5,10,6
8,4,5,2,1,11,16,19,20,8,18,21,22,14,21,12,15,22,20,21,15,16,10,7
6,1,0,0,2,2,5,10,6,4,5,4,1,7,3,5,7,9,4,2,0,3,3,2
0,0,0,0,0,0,1,0,0,1,1,2,1,0,0,2,4,3,2,1,0,1,0,0
0,0,0,0,0,0,0,0,1,1,0,0,1,1,0,1,0,0,0,1,0,0,0,0
0,0,0,0,0,0,0,0,0,0,0,0,1,0,0,0,0,0,1,0,0,0,0,0
0,0,0,0,0,0,0,1,0,0,0,0,0,0,1,0,0,0,1,1,0,0,0,0
0,0,0,0,0,0,0,0,0,2,0,1,1,1,1,0,3,1,1,0,1,0,0,0
2,0,1,0,0,0,0,1,5,5,2,2,3,2,1,2,2,0,2,2,1,3,1,0
1,0,1,0,0,1,1,1,2,0,1,0,1,1,0,0,0,1,1,1,1,1,0,0
0,1,0,0,0,0,1,1,2,1,1,2,1,1,1,1,1,4,0,1,3,1,0,0
1,0,0,0,0,0,2,2,14,18,9,12,10,31,19,20,22,8,4,21,34,40,20,9
0,0,0,0,0,0,0,0,1,0,1,3,3,2,1,3,5,4,3,13,9,8,1,1
0,0,0,0,0,0,0,1,0,2,0,1,0,2,1,4,4,0,1,1,2,4,1,0
1,0,0,0,0,0,0,0,0,0,0,0,0,2,0,0,0,1,0,0,0,0,1,0
1,0,0,1,0,0,0,0,0,0,1,0,0,0,0,0,0,0,0,0,0,0,0,0
1,0,0,0,0,1,0,0,1,0,1,0,0,2,0,0,0,0,0,0,0,0,1,0
3,0,0,1,0,0,0,3,0,0,0,1,0,0,1,1,0,0,0,1,1,1,1,1
0,0,0,0,1,1,4,2,0,2,1,0,0,0,1,1,0,0,0,0,0,1,1,0
0,0,0,0,0,0,0,0,0,0,0,0,0,0,0,0,0,1,0,0,0,0,0,0
1,0,0,0,0,0,0,0,0,1,0,0,0,0,0,1,0,0,0,0,1,0,0,0
1,0,0,0,0,0,0,0,0,0,0,0,0,0,0,0,0,0,1,0,0,0,0,0
1,0,0,0,0,3,4,6,7,3,1,1,3,0,1,0,3,0,3,1,0,0,0,2
4,2,1,2,0,1,7,10,1,1,5,2,7,2,4,4,0,1,4,2,3,2,2,0
19,7,4,3,4,6,21,26,30,26,10,18,14,25,27,20,18,35,30,49,28,21,20,14
36,18,12,2,4,7,8,16,19,15,9,6,8,7,14,8,15,17,11,15,20,13,16,7
50,15,8,5,4,14,20,27,23,12,14,22,10,17,18,14,21,10,10,20,12,9,10,7
45,9,11,7,7,7,6,4,11,6,13,9,9,3,6,6,9,6,6,2,3,4,1,0
11,0,5,0,0,6,12,10,14,7,8,4,7,5,3,5,4,2,2,6,2,4,1,0
30,8,9,3,6,8,20,32,25,8,13,5,17,12,6,8,13,8,6,15,6,7,2,5
15,10,6,2,1,2,3,9,8,10,5,10,7,7,6,5,6,5,5,3,6,2,4,2
7,1,1,0,1,3,13,26,13,8,4,6,9,4,3,3,9,9,10,6,7,12,7,3
1,0,0,0,0,1,2,2,4,3,4,1,4,4,4,1,1,1,0,3,1,7,1,1
1,0,1,0,0,1,3,8,13,4,6,2,8,5,4,5,3,4,4,2,4,3,3,1
1,0,0,0,0,0,3,2,6,3,2,4,3,1,4,1,4,1,3,3,4,0,0,1
0,0,0,0,0,0,4,1,4,1,2,2,2,2,3,4,5,11,1,0,0,1,0,1
4,1,0,0,0,6,14,24,24,9,6,4,8,3,4,6,5,6,5,4,4,3,4,1
10,3,2,0,1,0,3,9,11,4,5,4,3,4,0,5,3,6,2,1,3,1,4,1
23,6,12,2,1,8,20,26,24,22,10,11,13,13,14,16,12,16,14,14,11,12,6,7
1,0,1,0,0,0,0,0,0,1,1,0,0,1,3,1,0,2,0,0,1,0,1,0
0,0,0,0,0,0,0,0,0,0,0,0,0,0,0,0,1,0,2,0,0,0,0,0
0,0,0,0,0,0,0,0,0,0,0,0,0,0,0,0,0,0,0,0,0,0,0,0
0,0,0,0,0,0,0,0,0,0,0,0,1,0,0,1,1,0,0,0,0,0,1,0
1,0,0,0,0,0,0,1,0,1,1,1,3,2,3,0,0,0,0,1,0,1,1,1
0,0,0,0,1,0,1,0,1,0,0,1,0,0,3,0,0,0,0,0,0,1,0,0
1,2,0,0,0,0,3,2,5,1,2,5,0,0,1,1,0,3,1,0,2,2,5,0
3,2,0,0,0,0,3,4,4,2,1,0,0,2,1,1,1,1,1,0,3,2,0,0
0,0,0,0,0,0,0,0,0,1,3,1,2,0,1,2,2,1,5,4,2,1,0,2
1,0,0,0,0,0,0,0,1,0,3,2,0,3,1,3,0,2,2,5,3,2,1,0
1,0,0,0,0,0,1,1,1,0,0,1,0,0,0,0,0,0,0,1,1,1,0,0
0,0,0,0,0,0,0,0,0,0,0,0,0,0,0,1,0,0,0,1,1,0,0,0
0,0,0,0,0,0,0,0,0,0,0,0,0,0,0,0,0,0,0,0,0,0,0,0
12,4,5,5,2,5,9,9,8,4,6,2,4,4,6,4,6,5,7,7,7,2,2,1
0,0,1,1,1,0,0,0,0,1,0,0,0,0,1,1,1,0,0,0,0,0,0,0
0,0,0,0,0,0,0,0,0,0,0,0,0,0,0,0,0,0,1,0,0,0,0,0
8,1,0,1,0,0,9,8,9,6,1,0,3,0,2,2,2,3,1,1,1,0,0,2
0,0,0,1,0,0,0,2,0,1,0,0,0,1,0,0,2,0,0,0,1,0,0,0
4,1,6,0,1,3,3,1,2,3,1,1,1,0,0,1,0,1,0,1,4,0,1,0
18,6,4,3,1,7,6,4,10,3,3,11,9,3,4,8,7,7,6,4,6,8,4,2
16,6,3,4,0,5,8,4,3,3,1,7,2,4,3,0,3,1,7,6,3,0,4,1
26,8,6,4,2,7,24,21,16,15,8,11,7,7,14,8,12,13,8,15,17,4,8,9
0,0,0,0,0,0,0,0,1,1,1,1,1,1,0,0,0,1,1,2,2,0,0,1
3,1,1,1,0,0,1,3,2,0,3,0,0,0,1,2,4,1,0,1,0,0,0,0
0,0,1,1,0,2,1,3,4,3,2,2,3,2,1,1,2,1,2,2,2,1,0,0
30,5,9,6,3,9,18,16,16,16,11,7,8,11,9,9,14,6,8,9,11,8,2,4
18,9,8,3,0,9,18,23,23,12,6,6,11,9,8,9,4,5,6,5,3,5,4,1
3,0,0,0,1,1,2,4,3,1,1,4,2,2,1,5,6,6,4,3,0,5,3,1
0,0,0,0,0,0,0,0,0,2,0,2,1,1,2,4,0,0,1,0,1,0,0,0
0,0,0,0,0,3,4,1,6,7,1,2,1,3,1,0,0,3,0,4,1,1,1,0
0,0,0,0,2,0,3,3,3,5,1,5,3,2,2,1,2,0,0,1,3,0,0,0
4,1,1,0,0,0,3,2,2,1,0,0,2,2,2,1,1,1,1,0,0,0,0,0
1,0,0,1,0,0,0,1,1,0,0,0,2,0,0,0,0,1,0,0,0,0,0,0
1,0,0,0,0,0,0,0,0,0,0,0,0,0,0,0,0,0,0,0,0,0,0,0
0,0,0,0,0,0,0,0,1,0,0,1,0,0,0,0,0,0,0,0,0,0,0,0
0,0,0,0,0,0,0,0,0,0,0,0,0,0,0,0,0,0,0,0,0,0,0,0
0,0,0,0,0,0,0,0,0,0,0,0,0,0,0,0,0,0,0,0,0,0,0,0
0,0,0,0,0,0,0,0,0,0,0,0,0,0,0,0,0,0,0,0,0,0,0,0
7,3,0,1,0,1,2,3,5,2,2,1,4,2,1,3,4,2,1,1,0,1,1,0
0,0,0,0,2,3,0,1,3,0,3,0,2,2,0,0,1,1,1,0,0,0,0,0
3,0,0,0,0,3,5,9,7,8,5,5,3,6,1,9,2,2,5,8,7,9,2,3
2,0,0,0,0,3,1,2,2,3,2,3,4,3,4,1,2,1,0,4,1,0,2,0
0,0,0,0,0,0,0,0,0,1,2,3,6,3,8,3,4,0,3,4,2,1,1,0
0,0,0,0,0,0,0,0,0,0,0,0,0,2,0,0,2,2,0,1,2,1,0,0
1,0,1,0,0,0,0,0,0,0,0,0,0,0,0,0,0,0,0,0,1,0,0,0
0,0,0,0,0,0,0,0,0,0,0,0,0,0,0,0,0,0,0,1,0,0,0,0
2,1,0,2,0,1,1,1,0,1,0,1,0,0,0,0,1,0,0,0,0,0,0,0
6,6,2,2,3,1,0,0,2,3,3,1,0,2,0,3,0,0,2,1,0,0,1,0
46,19,10,10,4,12,20,33,21,17,12,6,11,13,5,9,13,8,9,10,10,9,5,1
10,7,10,6,5,3,11,12,10,4,5,1,6,4,4,2,4,8,10,13,9,5,4,6
0,0,0,0,0,0,0,0,0,0,0,0,0,0,0,0,0,0,0,0,0,0,0,0
0,0,0,0,0,0,0,0,0,0,1,0,0,0,0,0,0,0,1,0,0,0,0,0
0,1,0,0,0,0,1,1,3,2,1,2,1,0,1,0,1,0,0,2,0,0,0,1
0,0,0,0,0,1,0,3,1,1,1,2,1,1,1,1,0,1,1,1,0,0,1,1
0,0,0,0,0,0,2,0,0,0,0,0,0,0,0,0,0,0,0,0,0,0,0,0
0,0,0,0,0,0,0,0,0,0,0,0,0,0,0,0,0,0,0,0,0,0,0,0
9,4,6,3,0,5,3,5,6,2,3,3,2,1,1,3,4,3,0,4,3,2,2,2
5,5,4,1,1,2,7,4,3,4,1,2,1,3,9,4,4,5,5,3,5,2,3,2
14,0,3,2,3,1,4,9,12,7,2,2,1,5,4,2,1,3,1,4,1,1,2,3
2,0,0,0,0,1,3,1,1,0,2,1,0,3,0,1,1,1,2,2,0,0,0,0
2,1,0,0,0,0,0,1,2,0,1,2,6,8,2,6,2,0,0,1,0,0,0,0
0,0,0,0,0,0,0,0,0,0,0,0,0,0,0,0,0,1,0,0,0,0,0,0
0,0,0,0,0,0,0,0,0,0,1,0,0,0,0,0,0,0,0,0,0,0,0,0
1,0,0,0,0,0,0,0,0,0,0,0,0,0,0,0,0,0,0,0,0,0,0,0
0,0,0,0,0,0,0,0,0,1,1,4,2,1,4,2,5,0,4,4,4,1,1,0
0,0,0,0,0,0,0,0,0,0,0,0,0,0,1,0,0,0,0,0,0,0,0,0
0,0,0,0,0,0,0,0,0,0,0,0,0,0,0,0,0,0,0,0,0,0,0,0
0,0,0,0,0,1,0,0,1,0,0,0,1,0,0,0,0,0,0,1,0,0,1,0
0,1,0,0,0,0,1,3,1,0,0,0,0,0,1,0,0,0,0,0,0,0,0,0
3,1,0,0,0,1,2,1,0,2,0,2,3,3,3,2,0,2,3,2,0,4,2,0
3,1,2,0,1,1,2,0,1,6,6,10,4,12,3,6,4,0,4,4,3,5,2,1
2,1,0,0,0,1,0,7,1,2,3,2,1,1,3,4,2,2,2,1,0,2,1,0
1,1,1,0,0,0,0,0,0,1,1,2,1,4,6,3,4,2,1,6,1,1,2,0
0,0,0,0,0,0,0,0,0,1,0,0,0,0,1,1,0,0,0,1,0,0,0,0
0,0,0,0,0,0,0,0,0,0,0,0,0,0,0,0,0,0,0,0,0,0,0,0
0,1,0,0,0,0,2,7,3,4,1,3,0,0,5,2,4,4,9,6,1,3,2,3
0,1,2,0,0,0,1,1,7,3,1,3,3,5,3,5,7,6,4,5,6,1,4,3
0,0,0,0,0,0,0,0,0,0,0,0,0,0,0,0,0,0,0,0,0,0,0,0
0,0,0,0,0,0,0,0,0,0,0,0,0,0,1,0,0,0,0,0,0,0,0,0
0,0,0,0,0,0,0,0,0,0,0,2,1,0,0,0,0,0,0,0,0,0,0,0
0,0,0,0,0,0,0,0,0,0,1,0,0,0,0,0,0,0,0,0,0,0,0,0
0,0,0,0,0,0,0,0,0,0,0,0,0,0,0,0,0,0,0,0,0,0,0,0
0,0,0,0,0,0,0,0,0,0,0,0,0,0,0,0,0,0,0,0,0,0,0,0
0,0,0,0,0,0,0,0,0,0,0,0,0,0,0,0,0,0,0,0,0,0,0,0
0,0,0,0,0,0,0,0,0,0,0,0,0,0,0,0,0,0,0,0,0,0,0,0
9,2,3,0,0,3,4,3,4,1,1,1,1,3,2,2,3,1,0,2,3,1,0,3
0,0,0,0,0,0,0,0,0,0,0,0,0,0,0,0,0,0,0,0,0,0,0,0
0,0,0,0,0,0,0,0,0,0,0,0,0,0,0,0,0,0,0,0,0,0,0,0
0,0,0,0,0,0,0,0,0,0,0,0,0,0,0,0,0,0,0,0,0,0,0,0
0,0,0,0,0,0,0,0,0,0,0,0,0,0,0,0,0,0,0,0,0,0,0,0
0,0,0,0,0,0,0,0,0,0,0,0,0,0,0,0,0,0,0,0,0,0,0,0
0,0,0,0,0,0,0,1,0,0,0,0,2,1,0,1,0,0,0,1,1,0,2,1
0,0,0,0,0,0,0,0,0,0,0,0,0,0,0,0,0,0,0,0,0,0,0,0
0,0,0,0,0,0,0,1,0,0,0,0,1,0,0,0,1,0,0,0,0,0,0,0
0,0,0,0,0,0,0,1,0,0,0,0,0,0,0,0,0,0,0,3,1,0,0,0
1,0,0,1,0,0,1,1,2,1,1,0,1,0,0,2,0,0,0,2,0,1,1,0
0,0,0,0,1,0,0,1,0,0,2,0,0,0,0,0,0,0,0,1,0,1,0,0
3,1,0,0,0,0,1,1,1,1,1,0,0,2,1,1,0,0,1,2,1,0,0,0
0,0,0,0,0,0,1,3,0,4,3,9,3,7,11,9,3,2,7,3,2,0,0,0
0,0,0,0,0,0,0,0,1,0,0,0,3,0,1,1,2,2,0,1,0,0,1,0
1,1,0,0,0,2,9,9,5,3,1,0,0,2,2,0,2,1,0,1,0,0,1,2
1,0,1,0,0,0,1,0,4,0,0,0,0,0,1,0,1,1,0,0,0,0,0,2
0,0,0,0,0,0,0,0,0,2,0,0,0,0,0,0,0,0,0,0,0,1,0,2
0,0,0,0,0,0,0,0,0,0,0,0,0,0,0,0,0,0,0,0,0,0,0,0
0,0,0,0,0,0,0,0,0,0,0,0,0,0,0,0,0,0,0,0,0,0,0,0
0,0,0,0,0,0,0,0,0,0,0,0,0,0,0,0,0,0,0,0,0,0,0,0
0,0,0,0,0,0,0,0,0,0,0,0,0,0,0,0,1,0,0,0,0,0,0,0
0,0,0,0,0,0,0,1,3,0,2,1,3,0,1,0,2,1,1,1,2,0,0,4
0,0,0,0,0,0,0,0,0,0,0,0,0,0,0,0,0,0,0,0,0,0,0,0
0,0,0,0,0,0,0,0,0,0,0,0,0,0,0,0,0,0,0,0,0,0,0,0
0,0,0,0,0,0,0,0,0,0,0,0,0,1,0,0,0,0,0,0,0,0,0,0
0,0,0,0,0,0,0,0,0,0,0,0,0,0,0,0,0,0,0,0,0,0,1,0
0,0,0,0,0,0,0,0,0,0,0,0,0,0,0,0,0,0,0,0,0,0,0,0
0,0,0,0,0,0,0,0,0,0,0,0,1,0,0,1,1,0,0,0,0,1,0,0
0,0,0,0,0,0,0,0,0,0,0,0,0,0,0,0,0,0,0,0,0,0,0,0
0,0,0,0,0,0,1,0,0,0,0,1,0,0,0,0,0,0,0,0,0,0,0,0
0,0,0,0,0,0,0,0,0,0,0,0,0,0,0,0,0,0,0,0,0,1,0,0
0,0,0,0,0,0,0,0,0,0,0,0,0,0,0,0,0,0,0,0,0,0,0,0
0,0,0,0,0,0,0,0,0,0,0,0,0,0,0,0,1,0,0,0,0,0,0,0
0,0,1,0,0,0,0,0,0,0,0,0,0,0,0,0,0,0,0,0,0,0,0,0
1,0,0,0,0,0,0,0,0,2,0,0,0,0,0,0,0,0,0,0,1,1,0,0
1,0,0,1,0,1,3,4,1,0,0,1,0,0,0,1,1,2,2,5,6,5,6,4
5,1,3,2,0,1,8,12,5,7,8,9,4,6,6,8,2,4,4,5,6,1,5,2
2,0,0,0,0,0,0,0,0,0,1,0,0,1,0,0,1,0,1,0,0,1,1,1
0,0,0,0,0,0,0,0,0,0,0,0,0,0,0,0,0,0,0,0,0,0,0,0
0,0,0,0,0,0,0,0,0,0,0,0,0,0,0,0,0,0,0,0,0,0,0,0
0,0,0,0,0,0,0,0,0,0,0,0,0,0,0,0,0,0,0,0,0,0,0,0
0,0,0,0,0,0,0,0,0,0,0,0,0,0,0,0,0,0,0,0,0,0,0,0
0,0,0,0,0,0,0,1,0,0,0,0,0,0,0,0,0,0,0,1,0,0,0,0
0,0,0,0,0,0,1,3,0,1,0,0,1,0,1,1,0,0,0,0,0,1,0,0
0,0,1,0,0,0,0,1,0,0,0,0,0,1,0,0,0,0,0,0,0,0,0,0
0,0,0,0,0,0,0,1,0,1,0,0,0,0,0,0,0,0,1,0,0,0,0,0
0,0,0,0,0,0,0,0,0,0,0,0,0,0,0,0,0,0,0,0,0,0,0,0
0,0,0,0,0,0,0,0,0,0,0,0,0,0,0,0,0,0,0,0,0,0,0,0
4,2,1,1,0,2,9,12,10,7,9,4,6,8,14,5,9,8,2,1,3,0,2,1
0,0,0,0,0,0,0,0,0,0,0,0,0,0,0,0,0,0,0,0,0,0,0,0
0,0,0,0,0,0,0,0,0,0,0,0,0,0,0,0,0,0,0,0,0,0,0,0
0,0,0,0,0,0,0,0,0,0,0,0,0,0,0,0,0,0,0,0,0,0,0,0
1,0,0,0,0,0,0,0,0,0,0,0,0,0,0,1,0,0,0,0,0,0,0,0
0,0,0,0,0,0,0,0,0,0,0,0,0,0,0,0,0,0,0,0,0,0,0,0
2,0,0,0,0,0,0,0,0,0,0,0,0,0,0,0,0,0,0,0,0,0,0,0
0,0,0,0,0,0,0,0,0,0,0,0,0,0,0,0,0,0,0,0,0,0,0,0
