3,2,3,0,0,0,1,2,1,4,1,2,3,2,5,1,7,6,6,5,5,9,1,6
1,1,0,0,0,0,1,0,3,2,1,1,4,4,3,2,1,0,0,0,3,0,3,2
10,8,0,0,0,1,2,1,4,5,5,2,2,2,7,8,11,8,5,11,12,12,12,8
2,5,2,1,1,0,2,2,4,2,6,2,4,7,7,7,7,3,4,2,6,6,5,2
4,3,2,1,0,1,1,2,1,4,5,8,1,5,3,4,2,3,1,19,15,10,6,8
2,0,1,0,0,1,1,1,1,3,0,2,2,2,0,2,2,2,3,3,9,3,0,2
4,2,3,2,1,5,4,3,3,3,3,7,7,9,16,6,2,4,9,17,9,13,10,8
1,1,0,0,0,3,2,2,4,2,1,0,1,3,4,2,5,1,6,7,5,3,6,5
0,1,0,0,0,1,0,1,0,0,1,2,2,2,4,3,4,6,7,9,7,9,4,2
6,8,2,1,0,1,8,15,14,8,10,6,9,10,9,10,7,14,8,17,20,18,17,15
3,0,1,2,0,3,5,3,3,2,2,5,4,3,5,2,3,5,5,3,5,8,2,3
8,5,2,0,0,2,4,2,2,8,11,11,9,13,6,15,18,18,10,11,17,25,21,9
9,2,3,1,3,1,2,2,7,3,7,5,7,10,11,11,10,16,12,18,20,13,10,6
10,7,3,1,1,21,8,2,7,10,12,12,17,16,16,12,11,12,13,18,19,16,10,15
6,10,4,3,2,3,1,3,4,5,10,13,12,7,13,10,15,11,14,20,13,12,18,7
2,0,1,1,1,3,0,2,3,0,1,3,5,0,2,2,6,2,5,9,11,8,10,8
2,1,1,1,1,1,0,0,1,2,1,2,0,3,2,1,4,1,3,5,7,5,3,2
2,2,0,0,1,4,7,5,1,1,5,0,3,3,5,7,3,2,7,11,9,3,6,4
6,1,1,0,1,0,5,1,1,5,3,4,6,6,9,11,4,12,10,14,17,8,14,4
4,4,0,2,1,11,6,1,2,3,4,4,2,6,2,8,4,3,6,7,14,8,10,9
0,0,0,0,0,0,0,0,2,0,0,0,0,0,0,0,0,0,0,1,0,0,0,0
7,0,2,0,1,3,0,4,3,2,7,1,4,2,2,4,4,7,8,5,5,4,6,1
6,6,2,1,0,2,3,3,4,11,9,7,17,6,16,14,15,15,19,34,24,33,20,9
3,1,2,1,0,1,0,2,3,4,6,6,6,3,8,6,10,8,6,6,10,12,13,6
8,12,1,1,0,2,5,15,10,14,21,25,21,8,20,22,19,22,23,27,36,26,20,10
10,4,1,1,4,12,25,23,28,43,43,45,53,47,44,55,44,51,31,40,49,35,26,19
12,6,1,0,1,1,0,1,3,7,7,11,6,14,4,12,6,6,12,17,20,17,17,17
7,10,3,1,0,7,2,6,8,6,11,13,11,10,11,10,19,10,9,19,22,17,17,19
9,4,4,4,4,5,6,10,5,4,7,8,13,11,8,11,13,12,18,20,27,27,23,11
9,5,0,3,2,2,2,2,2,2,6,4,6,7,8,10,14,8,12,18,12,15,15,9
7,6,3,0,1,1,1,6,5,11,11,8,15,14,15,14,14,17,14,18,21,21,27,12
6,2,3,0,0,0,1,1,3,0,6,4,3,7,10,6,6,6,12,22,20,15,21,11
2,1,1,0,0,1,1,0,0,1,4,4,7,2,3,4,3,8,8,14,7,8,8,9
0,0,1,0,0,0,0,1,1,0,1,0,1,1,1,1,0,0,0,1,0,0,0,0
0,0,0,0,0,0,0,0,0,0,0,0,0,0,0,0,0,0,0,0,0,0,0,0
0,1,0,0,0,0,1,1,0,0,0,1,0,0,1,0,4,1,0,0,0,0,2,0
1,0,0,0,0,0,0,0,0,0,0,0,0,0,0,0,0,0,0,3,1,1,0,1
2,0,0,0,0,0,0,0,0,0,0,0,0,0,1,0,0,0,1,0,0,0,0,1
1,0,0,0,0,0,2,0,0,1,2,0,3,4,4,5,4,2,0,1,2,2,1,1
0,0,0,0,0,0,4,1,4,4,1,1,1,2,3,2,2,2,3,0,1,1,3,0
6,2,3,0,1,2,7,12,3,7,11,10,13,12,14,15,21,23,25,18,23,17,15,7
2,4,1,0,0,0,2,7,5,6,5,5,8,10,4,5,8,9,3,6,10,9,5,4
10,5,1,3,0,3,12,42,49,50,27,25,42,42,28,25,19,13,17,27,28,21,12,9
4,5,1,0,0,2,3,5,8,7,10,9,11,14,15,16,12,6,12,13,11,9,9,6
13,6,2,1,1,8,6,15,13,18,20,30,31,29,29,30,25,25,17,30,28,35,20,13
12,5,3,3,1,1,1,2,6,6,8,7,11,16,16,23,17,17,8,27,17,17,21,15
7,4,2,2,1,2,3,8,4,4,16,19,21,13,27,25,17,19,19,15,18,20,14,11
9,2,1,2,1,2,8,8,8,8,4,8,15,8,10,12,8,13,11,21,26,12,13,4
4,5,3,0,1,6,8,6,11,10,14,13,10,26,20,19,13,16,14,17,14,18,12,15
5,4,4,0,1,2,3,6,3,8,6,6,13,8,12,8,18,15,10,14,11,13,10,10
4,9,1,1,1,2,0,1,2,5,3,12,7,6,16,5,16,16,17,15,18,22,24,18
0,0,0,0,0,0,0,0,0,0,2,0,0,0,1,0,0,1,0,0,0,0,0,0
0,1,0,0,0,0,0,0,0,0,0,1,0,3,1,0,0,0,0,1,0,2,1,0
1,0,0,0,0,0,0,0,0,0,0,0,1,2,0,1,0,0,0,2,0,0,0,0
3,0,0,0,0,0,0,0,0,0,0,0,0,0,0,0,0,0,0,1,0,1,0,0
0,1,1,0,0,0,0,0,0,0,1,1,1,1,2,0,0,0,1,2,2,0,0,0
5,2,3,0,0,1,2,2,6,6,3,6,5,6,8,6,5,5,2,4,4,3,6,4
2,2,2,0,0,4,2,2,0,0,1,1,0,2,0,2,0,4,2,5,2,3,4,4
9,5,0,1,2,2,0,2,1,2,2,2,2,4,6,4,9,11,7,7,10,12,8,10
1,2,1,0,0,2,0,1,0,1,0,1,1,0,0,1,2,2,3,3,2,1,2,1
1,1,0,1,2,1,1,1,0,0,3,2,1,3,0,2,2,3,3,3,4,1,2,0
1,1,0,0,0,0,1,0,0,1,0,1,1,2,0,3,1,3,4,2,3,2,1,1
1,0,0,0,0,0,7,6,2,3,2,1,0,0,1,2,2,0,2,0,1,0,1,0
2,0,1,0,0,1,1,2,6,9,6,5,5,8,14,6,7,8,5,6,10,5,1,0
4,6,3,1,0,2,1,6,4,5,7,6,9,10,9,12,21,12,14,19,22,17,18,13
0,0,2,0,0,0,0,3,6,5,0,5,1,8,5,10,4,6,3,2,4,6,2,3
12,4,2,2,0,0,5,11,3,4,7,9,6,9,10,17,9,9,8,20,24,18,18,5
1,5,6,1,0,1,6,7,2,9,15,16,17,18,11,13,13,11,22,24,28,22,21,16
12,2,4,0,3,3,6,27,6,6,3,12,12,11,10,12,9,15,7,12,15,17,9,10
6,3,0,0,0,0,2,1,0,3,2,3,1,2,3,6,1,6,4,5,4,8,8,7
7,5,1,0,0,2,2,5,5,4,6,5,7,8,7,8,12,8,6,11,11,21,9,8
15,13,5,1,0,5,11,12,3,5,1,7,8,14,12,20,12,19,17,19,20,25,18,12
0,1,0,0,0,1,11,8,2,3,1,0,0,1,1,3,1,8,4,8,3,4,3,3
7,2,4,1,1,5,5,12,6,8,8,7,8,4,6,13,9,8,9,13,13,10,4,2
2,2,0,1,0,1,2,4,4,3,2,1,2,2,2,4,2,2,6,4,9,5,2,3
0,1,0,0,0,0,0,0,0,0,0,0,1,0,1,0,0,0,1,0,1,0,0,0
2,0,0,0,0,0,0,1,2,1,2,0,1,0,0,0,0,3,1,0,0,0,0,0
1,0,0,0,0,0,1,3,5,1,4,7,4,0,6,3,4,2,1,1,2,2,1,2
2,0,0,0,0,1,0,1,0,2,0,4,0,1,3,0,1,4,1,2,0,2,4,5
7,2,1,2,2,0,3,9,2,0,5,3,4,3,5,4,4,2,7,6,0,4,2,7
8,4,3,3,0,1,3,1,4,2,1,8,12,5,6,7,9,9,10,21,23,17,15,8
2,0,2,1,1,1,1,3,6,8,4,8,4,14,7,11,7,16,11,14,11,12,6,13
4,7,0,0,1,3,5,7,3,7,4,3,6,7,12,4,7,7,7,17,10,6,9,6
11,4,1,0,0,4,1,7,5,8,6,16,12,12,11,9,12,16,10,11,20,23,20,19
7,1,1,1,0,2,8,1,6,2,3,4,7,8,6,2,15,18,9,23,14,12,14,14
4,2,1,1,0,1,4,6,1,1,3,1,1,2,2,6,1,6,7,9,9,6,7,5
1,0,0,1,1,1,4,0,0,1,1,3,1,1,5,3,9,4,3,9,7,7,5,6
0,2,0,0,0,1,0,0,1,0,0,0,1,1,0,0,0,1,1,2,1,3,2,1
0,0,0,0,0,0,0,2,2,3,2,2,1,2,2,0,0,0,1,2,1,0,0,0
1,0,0,0,0,0,0,1,0,2,2,2,2,2,2,2,4,4,2,4,3,2,2,3
5,2,2,2,0,0,8,10,5,8,13,6,6,11,11,8,10,6,2,4,2,7,6,9
7,2,1,1,0,0,2,2,6,4,1,6,8,9,13,12,6,9,9,8,8,6,3,7
7,3,2,1,0,3,3,3,2,8,5,8,15,13,10,13,16,7,15,15,17,25,9,12
4,2,2,0,0,1,0,1,2,2,6,6,4,4,8,8,8,10,5,17,15,8,8,2
14,11,5,2,2,0,7,3,2,9,6,10,22,8,11,19,22,14,6,26,26,25,19,15
5,1,1,0,0,1,1,2,2,6,6,9,10,10,8,11,17,5,11,19,21,20,11,4
12,8,3,0,0,1,2,10,4,6,8,8,17,9,13,15,19,21,19,18,25,17,17,14
4,2,1,0,0,1,4,13,2,4,4,8,12,8,9,11,15,12,4,9,13,8,8,13
8,4,0,3,2,9,18,13,17,16,28,35,25,21,43,42,41,39,29,25,45,17,15,7
13,11,4,2,1,16,43,35,32,36,41,29,45,38,42,46,26,31,29,31,40,32,19,25
4,1,0,0,0,0,0,2,5,9,12,6,4,14,9,5,4,5,7,4,2,0,1,1
0,0,0,0,0,0,1,1,0,1,0,3,3,1,2,1,3,0,0,2,1,0,2,0
9,3,2,2,3,3,4,0,1,3,5,14,11,11,11,12,18,13,9,16,20,25,18,10
0,0,0,0,0,0,0,0,0,0,0,1,0,0,0,0,0,0,0,0,0,0,0,0
0,0,0,0,0,0,0,0,0,0,0,0,0,0,0,0,0,0,0,0,0,0,0,0
0,0,0,0,1,1,0,0,2,3,2,5,0,0,1,1,2,1,0,1,0,0,0,2
0,0,0,0,0,0,0,2,3,1,0,0,2,0,3,3,1,0,3,0,1,0,1,0
3,5,0,0,0,2,3,2,2,1,0,3,4,4,4,5,6,5,2,6,3,7,6,8
5,2,2,0,0,4,4,8,7,2,7,4,6,7,6,9,11,12,13,16,8,12,7,3
4,3,1,0,0,2,4,7,2,0,1,4,7,5,7,9,8,10,10,8,9,8,5,11
6,2,0,0,0,2,4,11,4,6,10,5,6,3,5,8,9,9,16,13,17,15,7,4
4,1,1,0,0,2,2,14,13,8,15,13,12,16,11,11,9,7,6,12,11,6,5,1
2,4,1,0,0,3,3,2,4,2,2,7,5,5,5,6,6,10,10,14,17,10,7,2
5,1,1,0,1,0,0,4,2,5,5,6,0,6,8,7,5,11,6,10,9,9,10,6
4,1,0,0,0,2,2,11,8,7,10,11,2,3,8,7,15,5,7,14,6,5,6,6
2,0,0,1,0,1,2,0,1,3,2,0,0,3,6,1,7,3,6,5,3,1,3,5
0,1,0,1,0,0,0,0,7,4,0,1,2,0,1,1,0,1,1,1,1,1,0,1
0,0,0,0,0,0,0,5,3,4,1,2,1,1,1,2,1,0,0,0,0,0,0,0
2,3,3,2,10,4,3,8,7,6,8,4,5,6,9,9,13,3,8,7,12,4,5,3
0,0,0,0,0,1,2,0,3,2,1,1,1,1,0,1,1,1,0,0,0,0,0,1
0,0,1,1,0,0,0,1,0,1,1,2,1,2,2,0,1,4,7,5,2,4,6,4
0,0,0,0,0,0,0,0,0,0,0,1,1,0,0,0,0,0,0,1,0,3,1,0
0,0,0,0,0,0,2,4,2,1,0,1,2,2,0,0,0,1,0,2,3,3,2,1
0,0,0,0,0,0,0,0,0,0,0,0,0,0,0,0,0,0,0,0,1,0,0,0
5,4,7,0,0,3,3,4,6,13,9,6,6,6,12,5,3,2,1,5,9,4,4,3
9,5,2,0,0,2,1,0,3,1,0,6,3,5,3,4,5,4,8,7,8,15,9,10
10,7,5,5,3,3,3,1,2,10,9,14,15,17,19,18,31,14,16,23,26,23,23,12
8,4,3,3,1,1,1,6,3,2,4,3,5,2,4,7,6,5,4,12,9,13,11,11
4,2,1,0,0,0,1,3,5,5,9,12,22,18,16,13,11,10,10,15,11,12,16,9
12,5,3,3,1,3,7,11,32,62,33,29,16,25,29,17,18,18,6,22,14,14,24,9
12,10,0,1,1,3,3,7,3,12,9,13,13,11,11,11,14,15,14,22,23,20,21,23
3,2,3,1,0,1,0,6,5,4,16,9,9,10,14,5,8,14,16,18,15,19,14,10
8,4,4,0,4,1,1,11,10,8,12,13,17,17,16,17,22,17,15,30,31,29,24,22
9,8,1,0,0,2,10,12,8,25,22,16,17,24,27,21,31,12,19,19,21,18,29,14
0,1,0,1,0,4,18,17,23,25,32,34,30,32,26,25,16,20,12,8,9,2,4,1
1,0,1,1,0,1,6,9,4,2,6,6,6,3,6,7,7,7,5,5,4,5,1,4
9,8,5,2,1,1,5,5,5,14,15,17,16,9,16,10,11,14,10,14,11,14,21,11
2,1,3,1,0,1,1,2,0,2,3,7,4,1,6,5,6,11,7,9,9,6,5,6
1,0,0,0,0,0,0,0,1,4,1,1,1,6,5,1,1,2,2,1,2,2,1,0
0,0,0,0,0,0,0,0,0,0,0,0,0,0,0,0,0,0,0,0,0,0,0,0
0,0,0,0,0,0,0,1,0,0,1,0,2,0,0,0,3,0,0,1,0,0,0,0
0,1,0,0,0,0,4,5,2,2,0,1,2,2,6,2,2,1,3,2,3,2,1,1
4,5,0,0,0,0,2,2,0,1,1,4,2,4,2,4,4,2,8,7,8,16,14,8
9,5,3,1,1,3,5,9,6,4,7,15,12,12,10,12,16,19,11,19,17,21,15,10
11,13,2,2,0,4,2,5,3,3,6,10,13,11,16,5,14,9,20,32,21,22,15,13
5,4,0,1,1,0,1,0,2,2,2,4,8,7,5,5,10,4,10,14,8,16,11,9
3,2,1,0,0,0,1,0,5,1,3,3,4,8,4,6,4,4,5,4,2,5,2,3
2,2,1,0,1,1,1,3,2,2,3,4,4,3,2,3,5,4,4,2,3,3,4,3
0,1,2,0,0,0,0,1,1,0,6,2,2,2,3,5,5,4,4,3,3,5,5,1
5,3,0,0,0,2,2,0,2,6,1,4,4,1,5,3,4,7,12,11,5,6,6,2
1,0,0,0,0,0,0,0,0,1,1,0,1,1,1,2,0,2,0,0,4,0,2,3
0,0,0,0,0,0,1,0,0,1,0,1,0,0,0,1,1,0,1,0,0,1,0,0
0,0,0,0,0,0,0,0,0,1,0,0,1,0,0,0,0,0,0,0,0,0,0,0
4,1,0,2,2,4,1,3,2,7,2,6,6,6,14,11,11,11,3,15,7,5,8,3
2,2,0,0,7,0,0,3,3,0,6,2,4,2,3,8,5,5,7,5,7,4,2,6
1,0,1,0,1,0,0,0,0,2,3,2,3,0,1,1,4,4,4,7,1,4,0,2
7,3,2,1,0,0,5,2,2,2,5,4,6,4,2,3,2,1,3,5,6,5,5,1
1,1,0,0,0,2,9,15,9,5,5,2,7,3,6,4,6,3,3,5,5,1,0,1
1,0,0,0,0,0,0,2,4,4,1,0,0,0,0,0,0,1,1,0,0,0,0,0
0,0,0,0,0,0,0,0,3,0,1,0,2,0,2,0,0,0,0,0,0,0,1,1
0,0,0,0,0,0,0,0,0,0,0,0,1,0,0,0,0,0,0,0,0,0,0,0
0,0,0,0,0,0,0,0,2,11,3,2,0,3,0,1,0,3,0,0,0,0,0,0
0,0,0,0,0,0,0,0,0,1,0,0,0,0,1,0,0,0,0,0,0,0,0,0
10,4,2,0,1,3,1,2,4,6,8,4,7,10,7,7,8,11,15,5,11,11,8,14
2,0,0,0,0,0,0,2,0,0,1,2,2,1,2,0,0,2,0,1,3,2,1,0
10,4,4,0,1,1,8,11,16,17,18,36,35,23,22,24,27,19,29,29,27,21,18,18
9,4,2,0,1,1,6,3,5,4,6,19,17,10,15,20,14,13,7,26,18,22,12,13
9,7,4,1,1,6,6,23,39,55,33,33,34,37,37,36,25,19,18,12,21,20,9,9
1,0,0,0,0,1,5,8,27,31,35,10,16,20,18,12,8,6,1,3,3,0,1,1
0,1,1,0,0,5,8,21,49,82,79,35,31,42,44,29,29,15,10,19,16,12,6,3
4,4,2,1,1,0,5,6,33,59,32,20,23,33,40,35,23,13,12,17,14,8,13,7
5,1,2,0,1,2,2,7,7,24,27,27,18,26,25,14,25,19,19,19,12,11,11,5
4,6,2,0,0,0,10,13,15,14,14,17,24,14,18,15,10,14,5,10,7,16,6,4
12,6,6,0,1,1,6,12,19,25,39,28,18,30,36,42,20,24,21,24,24,15,20,20
16,6,7,1,0,2,2,9,10,23,17,20,26,28,30,28,28,13,24,17,35,29,37,22
15,3,1,1,0,1,1,5,5,6,6,8,4,8,14,7,7,10,12,6,16,15,13,10
4,3,1,0,1,8,6,2,8,6,16,13,12,14,6,5,6,2,3,2,9,5,7,3
2,1,1,1,0,1,0,0,2,3,4,6,5,3,8,7,4,1,13,6,7,2,4,4
0,1,0,0,0,1,1,0,2,0,2,0,2,2,2,0,1,1,2,0,1,2,2,0
0,0,0,0,0,0,0,0,0,0,0,0,0,0,0,0,0,0,0,0,0,0,0,0
0,0,0,0,0,0,0,1,0,2,0,1,0,1,1,0,0,0,0,0,0,0,0,0
7,2,1,1,1,6,2,2,3,3,9,9,7,5,6,6,8,11,9,9,11,14,13,7
8,4,0,2,0,3,1,5,0,2,7,4,7,10,9,15,13,16,15,12,19,16,17,14
10,9,3,0,1,4,4,9,9,13,11,17,12,18,12,22,14,17,24,19,20,29,14,16
13,8,2,0,0,1,3,2,0,2,5,7,9,13,7,17,16,27,16,19,22,17,21,13
8,3,2,0,1,1,0,1,2,1,6,4,2,0,5,4,9,6,5,10,6,6,5,4
0,1,0,1,1,2,4,7,7,3,3,3,5,7,4,6,6,6,5,6,3,3,6,3
1,2,1,0,0,2,4,2,1,2,4,6,1,4,5,5,6,6,3,5,1,4,1,0
0,2,2,1,1,0,0,3,2,2,3,1,5,6,5,7,10,10,9,19,11,12,11,5
4,3,3,1,0,2,0,3,2,5,4,6,8,5,8,7,13,11,13,23,19,11,10,14
1,0,0,1,0,1,0,3,1,2,1,0,2,1,0,2,2,0,1,4,4,5,4,1
0,1,0,0,0,0,0,0,0,0,1,1,2,0,1,1,1,1,2,1,0,0,0,0
1,0,0,0,0,0,0,0,2,0,2,1,3,4,0,4,2,2,0,0,0,1,1,0
1,0,0,0,0,0,6,0,2,6,5,1,3,4,6,8,5,1,1,1,4,0,2,0
3,2,0,0,0,5,9,9,13,8,9,7,10,5,13,9,15,14,15,15,22,14,10,14
0,0,0,0,0,0,0,0,0,0,0,0,0,2,2,0,1,0,0,0,1,1,2,1
1,0,0,0,0,0,1,0,0,0,0,0,1,0,0,0,0,0,0,0,0,0,1,0
0,0,0,0,0,0,0,1,0,0,0,0,0,0,0,1,0,1,0,0,0,0,0,0
0,0,0,0,0,0,0,0,0,0,0,0,0,0,0,0,0,0,0,0,0,0,0,0
0,0,0,0,0,0,1,0,2,0,0,0,0,0,0,1,0,0,0,0,0,1,0,0
0,0,0,0,0,0,0,0,2,0,1,0,0,0,1,0,0,0,0,0,0,1,0,0
0,0,0,0,0,0,0,0,0,0,0,0,0,0,0,1,1,0,0,0,0,1,0,0
0,0,0,0,0,0,1,1,1,4,2,0,0,0,0,2,1,0,0,0,1,1,0,0
1,1,0,0,0,0,1,1,6,2,5,3,2,4,1,2,0,0,1,0,1,0,0,0
1,1,0,0,0,1,0,0,0,1,0,1,0,1,0,0,0,0,1,1,0,0,0,0
5,6,0,0,1,3,2,2,4,6,7,11,8,11,14,9,12,10,9,15,20,12,16,15
8,4,4,1,0,1,3,11,8,6,8,10,8,15,8,13,11,15,14,23,22,19,13,14
9,9,2,4,1,1,4,9,23,29,29,29,48,35,35,33,22,21,37,40,44,47,19,17
9,4,0,2,1,1,6,5,5,20,20,18,22,17,23,30,17,18,23,31,35,15,12,6
28,13,9,5,2,3,4,10,30,50,40,40,41,32,47,32,42,24,17,32,25,28,37,33
6,9,5,0,0,0,20,26,14,54,32,17,31,33,25,20,25,18,16,22,17,26,27,12
0,0,0,0,0,0,2,7,21,36,19,7,11,22,17,16,11,2,5,3,1,0,0,0
0,0,0,0,0,0,4,13,25,35,17,20,20,25,16,8,9,2,0,4,1,0,0,0
7,0,3,2,0,2,1,10,15,33,27,30,30,21,25,26,15,16,15,19,19,13,16,11
20,14,7,4,0,1,6,11,5,24,26,36,40,33,15,28,25,17,32,40,45,30,28,35
12,4,5,4,0,1,5,8,7,4,20,17,7,13,17,17,19,10,21,28,31,21,17,23
10,8,2,3,1,5,12,18,23,36,42,32,39,58,61,41,24,21,13,24,23,29,12,23
15,7,5,0,1,4,6,4,8,31,16,17,20,20,21,29,23,21,17,31,19,25,30,23
6,9,1,0,3,10,8,15,11,18,20,22,23,14,15,17,13,14,28,30,17,13,18,10
8,4,3,2,3,7,10,7,6,9,14,18,16,16,9,15,12,14,5,14,14,17,11,8
0,1,1,0,0,0,1,0,1,4,2,1,2,0,1,4,3,2,2,5,1,3,1,1
0,0,0,0,0,0,0,0,0,0,0,1,0,0,0,0,0,0,2,0,0,0,0,0
0,0,0,0,0,0,1,1,0,0,0,1,1,2,2,0,1,1,0,0,2,1,0,0
21,9,3,2,0,2,3,4,5,7,8,10,12,10,9,8,17,18,18,16,26,18,25,25
8,3,1,4,3,4,1,3,1,3,6,11,7,7,5,16,9,9,11,10,12,14,20,10
15,8,1,3,0,2,10,12,14,7,13,11,22,15,20,13,28,24,23,26,24,26,28,14
4,3,2,0,1,0,2,1,1,2,3,1,6,6,5,6,4,4,16,8,11,8,8,10
8,2,1,1,0,1,2,2,2,4,4,6,3,7,6,7,16,6,12,3,14,10,13,9
3,2,2,0,0,0,1,1,2,2,4,6,3,2,1,5,4,8,6,6,5,4,5,3
2,1,1,0,0,3,3,0,4,3,3,4,6,5,4,0,2,3,1,2,4,4,2,2
8,14,2,0,2,4,1,1,2,3,5,4,7,7,8,6,16,17,19,13,22,16,14,5
9,4,2,1,0,1,4,5,3,4,6,6,5,8,8,12,9,8,3,14,14,18,12,5
7,3,2,1,1,2,4,1,0,3,4,6,3,6,3,6,8,2,6,12,5,7,8,3
4,1,1,0,0,3,4,4,0,1,2,2,4,4,3,7,6,6,7,14,7,8,7,2
0,0,1,1,0,0,1,0,0,1,0,0,2,0,0,1,0,0,0,1,0,1,1,1
1,1,1,0,0,0,0,2,7,7,3,2,5,6,4,3,4,3,1,2,2,2,2,0
1,1,0,0,0,1,0,0,1,1,1,4,0,1,2,4,4,4,7,1,0,3,2,0
1,0,1,0,0,2,0,0,1,2,1,3,1,1,1,3,1,2,1,2,5,6,0,1
0,0,1,0,0,0,0,1,0,0,1,0,0,1,1,1,0,0,0,1,3,0,1,0
0,0,0,0,0,0,0,0,0,0,0,0,0,0,0,0,0,0,1,0,0,0,0,0
0,0,0,0,0,0,0,0,0,0,0,0,0,0,0,0,0,0,0,0,0,0,0,0
0,0,0,0,0,0,0,0,8,8,1,3,2,3,2,2,2,1,1,0,0,0,1,0
0,0,0,0,0,0,0,0,0,0,0,0,1,0,0,0,0,0,0,0,0,0,0,0
0,0,0,0,0,0,0,0,0,0,0,0,0,0,0,0,0,0,0,0,0,0,0,0
0,0,0,0,0,0,0,0,2,0,0,0,0,1,0,0,1,0,2,0,0,0,1,0
1,0,0,0,0,0,0,0,0,1,0,1,1,0,0,0,1,0,1,1,0,0,0,2
0,0,0,0,0,0,0,0,0,0,0,0,0,0,1,0,0,0,0,0,0,0,1,1
14,11,6,0,1,1,2,0,3,4,9,5,9,6,10,17,9,14,11,9,27,7,15,15
16,24,10,3,1,2,3,5,6,16,13,11,15,23,16,20,20,23,28,22,32,33,38,31
16,14,5,3,2,1,4,6,8,13,15,31,20,25,34,33,29,18,20,23,33,23,24,28
3,3,1,0,1,4,2,9,27,27,24,12,17,15,18,23,16,10,5,7,6,4,6,2
9,7,2,1,1,2,3,6,5,7,18,10,15,12,14,6,15,9,3,12,14,15,10,5
25,25,10,3,1,6,5,10,14,16,23,21,19,32,22,29,26,25,23,32,35,35,34,21
10,5,5,2,0,0,5,1,8,10,11,14,7,12,17,6,15,9,7,27,28,24,20,11
7,6,1,0,0,4,5,11,35,64,35,30,29,29,18,20,16,10,10,10,8,4,6,6
12,6,2,1,0,0,0,4,3,6,13,10,18,13,10,7,15,14,21,28,21,22,15,10
20,9,6,0,3,7,46,83,36,69,58,45,71,71,62,56,34,19,30,32,38,39,28,23
10,8,3,0,0,4,9,22,24,36,59,57,48,59,51,49,25,18,23,27,28,13,16,13
9,6,0,2,0,0,5,8,8,20,31,29,32,36,33,35,35,23,22,19,20,18,16,10
17,4,3,3,3,2,11,3,9,26,15,17,25,25,18,38,32,19,21,24,23,35,32,17
6,7,0,0,9,20,34,22,20,25,31,24,20,19,12,17,13,6,9,13,7,7,7,6
7,9,5,1,0,1,6,6,3,5,7,13,13,13,10,15,14,11,13,13,7,16,13,8
1,2,0,0,0,0,0,1,1,1,1,1,2,2,1,2,4,1,1,2,4,2,1,0
0,1,0,0,0,0,0,0,0,1,1,0,3,2,1,1,0,0,0,0,0,0,0,1
2,0,0,0,0,0,0,3,1,1,4,5,1,3,0,2,2,2,1,1,2,1,1,0
1,1,0,0,1,1,1,0,6,3,2,4,2,10,2,3,0,5,3,4,2,4,3,1
12,8,7,2,1,5,7,5,10,8,12,7,13,12,26,14,23,15,23,20,26,20,17,21
9,6,1,0,2,3,4,11,8,5,11,15,17,13,20,30,13,10,21,19,15,26,18,15
14,5,3,4,2,2,7,6,9,7,9,11,10,14,10,16,18,21,16,22,33,32,19,14
16,3,6,0,0,1,0,2,6,9,12,10,6,8,8,12,16,13,16,18,13,12,8,15
4,5,0,1,1,4,5,3,4,3,6,10,6,12,8,13,9,14,15,8,12,13,11,5
14,3,2,0,0,2,1,2,2,3,2,7,7,3,15,7,14,10,15,16,17,20,22,11
1,3,0,1,0,0,0,0,1,1,0,1,2,0,5,1,2,7,3,5,6,3,7,2
4,2,4,0,0,0,2,3,1,5,6,7,2,5,14,11,9,10,10,10,13,4,10,5
4,0,0,0,0,1,0,1,0,0,1,3,8,3,6,7,8,8,2,13,7,9,12,8
5,3,1,1,0,0,1,0,2,0,3,4,4,5,2,5,10,10,10,11,11,7,8,3
2,0,1,1,0,0,1,0,1,2,0,2,2,2,2,3,2,10,12,2,12,9,5,5
2,3,2,2,5,3,1,1,1,2,2,4,6,2,5,2,5,4,10,9,11,6,8,8
0,0,0,0,0,0,0,0,0,0,0,1,0,0,0,1,1,1,0,0,1,0,0,0
0,0,0,0,0,0,0,0,0,0,1,0,0,1,0,1,0,1,1,0,0,0,0,0
0,0,0,0,0,0,0,2,0,1,1,0,1,0,0,1,0,1,1,1,1,0,1,0
1,0,0,0,0,0,0,1,0,0,1,0,0,0,1,0,0,1,0,0,0,0,2,0
0,0,0,0,0,0,0,1,1,2,0,1,0,0,1,0,0,0,0,1,0,1,0,0
0,0,0,0,0,1,1,0,2,2,0,1,1,0,0,0,1,0,0,1,0,1,1,2
0,0,0,0,0,0,0,0,0,0,0,1,0,0,0,0,0,0,0,0,0,0,0,0
0,0,0,0,0,0,0,0,0,0,0,0,0,0,0,0,0,0,1,0,2,2,1,1
0,0,0,0,0,0,1,0,0,0,1,0,0,0,0,0,0,1,0,0,2,0,0,0
1,0,0,0,0,0,1,0,1,0,0,0,0,0,0,3,0,0,3,0,1,0,0,0
0,1,0,0,0,0,0,1,0,0,0,0,0,0,0,0,0,0,0,0,0,0,0,1
2,0,1,2,0,0,2,5,2,5,3,4,2,3,0,7,5,3,1,5,5,3,3,5
7,5,3,1,4,2,3,7,3,9,6,12,18,9,9,11,17,10,10,13,14,18,10,8
13,7,2,1,0,3,4,13,9,19,22,14,28,8,15,15,12,25,17,23,18,17,17,16
12,15,3,1,0,1,4,3,11,17,16,15,18,14,12,19,22,13,19,19,21,14,18,12
19,12,7,1,0,3,6,6,11,24,34,48,35,29,34,38,37,26,27,48,52,27,20,20
4,2,4,0,0,2,7,14,30,32,18,16,21,14,20,18,17,16,15,25,20,17,10,14
4,4,1,1,0,0,6,23,12,14,8,8,13,11,13,21,21,10,8,16,27,14,7,12
16,8,5,3,1,1,2,5,4,12,21,13,21,17,14,16,17,8,14,25,25,16,20,20
12,17,5,0,0,4,3,11,15,15,14,27,29,32,20,30,35,22,22,43,36,30,26,27
2,1,0,0,0,2,2,9,15,41,39,12,20,19,27,22,22,7,7,5,7,9,10,5
15,6,1,2,0,2,8,7,12,18,28,22,39,42,29,37,31,21,18,27,29,32,25,14
13,17,6,1,0,2,15,11,18,34,42,41,52,48,50,57,56,27,26,41,42,43,37,35
22,15,6,1,2,1,11,6,15,38,59,57,55,65,63,56,54,41,51,50,49,50,43,28
17,12,3,3,3,3,7,12,6,18,22,21,25,18,22,22,14,23,19,26,33,24,22,25
15,6,3,1,3,5,8,4,15,23,13,30,23,19,22,14,17,17,16,9,20,13,18,17
0,0,0,0,0,1,2,1,0,0,1,1,0,1,4,1,1,0,1,0,2,1,2,1
0,0,0,0,0,0,0,0,0,0,0,0,1,0,0,0,0,0,0,0,0,0,0,0
0,1,0,0,0,0,0,0,0,3,4,3,1,1,2,2,0,0,1,3,2,0,0,0
1,0,0,0,0,0,0,1,1,2,0,0,1,1,2,1,1,0,0,1,0,0,0,1
1,1,1,0,0,0,0,0,2,8,7,6,2,5,15,5,10,8,10,11,2,1,5,4
0,0,0,0,1,0,1,5,4,3,4,5,6,6,6,7,8,6,4,45,3,6,5,4
12,8,4,1,1,4,6,10,12,13,13,12,18,24,24,26,26,19,27,17,18,12,24,19
2,1,1,0,1,2,4,8,2,8,12,11,8,8,4,6,8,14,14,13,23,14,15,4
8,7,1,3,2,3,3,5,6,4,8,11,16,9,8,15,17,25,27,25,27,21,22,15
14,3,2,0,0,1,1,5,4,2,2,4,7,6,4,9,11,10,14,9,13,11,9,8
9,3,0,1,0,1,1,1,5,6,3,7,7,10,8,9,13,17,12,9,22,13,12,2
5,4,4,0,2,2,2,5,5,7,5,8,6,2,9,11,11,8,13,30,13,11,19,12
4,2,0,0,0,1,1,2,3,3,8,5,4,3,8,2,13,7,8,11,13,6,6,6
7,2,2,0,0,2,8,8,6,13,7,7,6,6,14,13,17,22,19,24,16,15,24,11
8,4,3,0,0,0,2,0,2,0,8,14,10,3,7,3,9,11,15,21,18,19,12,11
1,4,0,0,0,0,2,1,2,1,1,4,6,2,3,1,6,5,5,10,9,5,8,4
0,0,1,0,1,0,0,0,1,1,0,0,0,1,0,1,3,1,1,1,2,1,0,0
0,0,0,0,0,0,0,0,1,0,0,0,0,0,0,0,2,0,0,0,0,1,1,0
0,0,0,0,0,0,0,0,0,1,0,0,0,0,0,0,0,0,0,0,0,0,1,0
0,0,0,0,0,0,1,2,4,7,3,2,1,9,3,3,2,4,0,1,1,1,0,0
0,0,0,1,0,0,0,0,7,13,7,4,1,1,2,0,6,2,0,1,1,0,0,0
0,0,0,0,0,0,0,0,6,12,23,5,0,7,3,0,0,0,1,0,2,1,0,0
0,0,0,0,0,0,0,0,0,2,1,0,0,0,0,0,1,1,0,1,0,0,0,0
0,0,0,0,0,0,0,1,0,2,0,0,0,1,1,1,1,0,0,2,1,1,0,1
1,2,0,0,0,0,0,0,1,1,0,1,4,1,2,1,3,2,3,2,2,4,0,5
2,3,1,0,0,0,0,0,1,0,1,0,1,4,2,3,3,0,1,3,0,1,5,2
0,0,0,0,0,0,1,0,0,1,0,0,0,1,0,0,2,1,1,2,0,0,0,2
3,4,2,0,4,14,11,11,25,9,8,6,11,9,7,11,4,2,6,5,4,4,4,6
0,1,0,1,0,0,0,0,3,1,2,4,1,3,2,3,3,3,0,1,2,1,2,1
6,5,2,0,1,0,1,12,8,10,15,13,8,7,10,7,7,6,7,7,7,11,4,2
4,1,1,0,0,1,0,1,2,3,5,2,1,2,6,5,7,13,6,6,5,6,5,2
6,4,3,0,1,1,22,40,25,24,28,17,18,15,13,28,18,21,16,15,11,12,14,12
6,3,2,0,0,1,10,18,24,28,26,18,11,26,19,19,9,10,11,12,11,14,6,6
6,7,2,2,0,2,8,9,22,30,36,43,41,34,29,42,40,30,32,25,22,26,32,32
8,5,1,2,3,0,16,31,55,68,63,69,56,51,46,58,44,22,23,31,40,34,29,17
15,7,5,1,0,0,5,15,18,12,18,23,21,12,27,22,26,20,28,41,36,37,30,27
19,6,3,0,1,1,15,25,23,38,33,35,29,29,40,31,27,22,22,21,26,23,14,19
14,7,4,0,2,1,13,12,16,30,31,26,29,32,21,20,18,18,10,25,22,24,33,15
18,14,13,4,2,3,13,15,26,45,56,36,36,81,45,43,35,27,24,31,30,39,36,31
17,11,2,4,0,5,12,21,33,66,86,94,98,89,87,80,96,58,45,53,60,41,30,27
15,10,9,3,1,2,12,24,28,57,94,109,97,79,86,83,97,60,49,59,48,54,29,34
16,21,11,5,1,4,18,38,49,42,73,60,75,73,64,66,54,25,22,30,39,51,33,31
22,12,5,2,1,5,33,45,24,46,63,59,46,51,58,43,42,36,26,21,32,27,32,23
8,4,3,1,0,5,10,13,9,12,13,17,13,14,17,15,14,9,11,6,5,15,8,8
8,5,1,2,0,3,8,5,13,21,21,20,22,26,29,20,18,23,19,15,21,13,16,14
0,0,0,0,0,0,0,0,4,2,1,1,1,0,2,2,1,1,2,2,1,0,0,1
0,0,0,0,0,0,0,0,1,3,5,2,0,2,1,4,0,1,0,0,0,0,1,1
0,3,0,0,0,0,0,1,1,2,2,5,6,6,7,2,2,21,35,47,29,2,2,2
0,0,0,0,0,0,0,0,0,2,2,0,0,0,0,0,4,0,2,18,2,0,0,0
1,1,0,0,1,0,2,0,4,4,5,6,8,8,9,7,5,8,6,9,2,3,3,2
12,10,5,2,0,4,7,12,12,17,25,17,28,18,27,22,24,14,22,24,28,20,22,22
13,9,1,0,0,2,2,7,3,3,3,10,9,11,8,11,13,12,14,16,23,14,11,8
7,4,5,0,0,2,4,3,4,6,10,9,9,6,18,13,14,16,22,21,18,20,24,17
7,3,2,0,0,1,4,4,2,6,11,9,13,5,7,15,14,10,9,11,10,14,13,4
4,2,3,1,0,0,0,3,4,7,7,9,5,20,12,10,13,8,10,6,8,17,13,9
3,3,1,2,0,0,0,5,2,4,2,6,0,7,6,7,1,4,5,11,11,7,7,6
3,6,2,1,1,0,18,21,30,23,20,16,24,30,25,24,17,14,21,14,16,20,21,15
7,5,0,0,0,3,2,2,2,1,4,3,7,5,3,11,12,19,17,14,19,8,14,7
8,2,2,2,0,0,0,1,0,5,6,5,2,4,8,9,9,9,7,5,6,9,11,10
3,0,0,0,0,0,1,1,2,0,2,3,2,3,1,1,5,2,2,4,0,4,0,1
0,0,1,0,0,0,0,1,0,2,4,1,1,1,0,1,3,1,1,1,0,0,0,0
0,0,0,0,0,0,0,0,13,4,3,6,5,5,4,9,1,1,1,0,1,0,0,0
3,0,2,2,0,2,5,23,31,33,37,12,24,34,15,19,16,9,5,9,15,9,8,9
1,0,0,1,0,0,1,2,9,9,4,5,1,2,1,5,2,0,0,0,2,0,3,0
0,0,0,0,0,0,1,0,9,29,2,2,4,5,2,5,1,1,0,0,0,0,0,0
0,0,0,0,0,0,0,1,0,0,0,1,0,0,1,1,0,0,0,0,0,0,0,0
0,0,0,0,0,0,0,0,0,0,1,0,1,0,0,0,0,2,1,0,0,0,1,0
0,4,0,0,0,0,1,4,2,3,2,1,3,4,1,7,7,4,7,11,8,13,4,3
6,8,2,0,1,0,2,0,2,1,3,4,1,2,8,4,6,7,14,16,20,18,21,13
0,0,0,0,0,0,0,0,0,0,0,0,0,0,0,0,1,1,0,2,2,0,0,1
0,0,0,0,0,2,1,5,5,3,1,2,0,0,2,1,0,1,1,1,0,0,1,1
5,7,2,0,1,0,6,11,5,8,8,13,6,10,14,14,19,27,12,24,18,15,15,16
6,3,3,0,0,0,5,9,25,27,14,12,18,23,12,7,13,13,4,7,6,3,7,5
1,3,1,1,0,0,1,4,6,6,7,6,4,4,9,9,6,7,2,1,16,6,5,4
1,0,0,0,0,0,1,0,1,3,1,0,2,1,0,1,1,1,1,1,0,1,0,2
21,15,5,4,0,3,2,9,8,14,13,16,25,25,23,22,25,15,16,25,29,26,29,31
10,11,2,0,2,0,10,18,22,41,43,39,33,43,30,50,32,25,23,35,26,28,25,13
3,5,2,0,0,3,9,25,83,113,74,50,40,81,70,51,50,30,22,30,21,16,9,8
11,2,3,0,0,5,13,22,16,22,17,23,21,31,28,25,21,21,14,22,20,20,13,10
20,6,7,2,2,2,5,11,18,30,43,27,32,38,40,27,27,17,14,24,26,31,19,21
17,8,5,1,1,7,26,30,37,51,50,41,58,45,51,48,34,35,27,37,31,28,18,11
18,10,3,2,1,7,14,24,25,37,39,43,38,58,45,48,48,36,30,32,36,38,35,24
10,6,3,3,1,3,23,34,51,66,74,58,59,68,67,54,56,52,42,37,35,31,30,27
9,8,2,2,2,2,9,12,20,16,28,26,27,20,29,23,20,15,13,16,30,23,17,12
11,5,2,0,3,6,17,13,27,45,51,39,37,41,40,42,39,18,27,24,10,22,31,14
19,14,3,3,6,13,54,60,43,77,108,66,77,96,74,51,53,28,29,48,33,32,25,24
25,19,8,4,5,1,4,14,6,17,40,33,38,40,33,51,32,25,38,37,46,53,46,42
26,19,9,5,2,2,9,29,16,26,48,54,58,40,35,29,45,40,34,37,54,39,40,33
12,12,1,1,1,3,12,11,5,19,12,17,27,24,24,20,33,24,22,17,18,19,17,23
14,7,0,1,2,12,27,54,40,75,72,51,58,76,57,49,33,21,22,17,24,24,18,26
2,1,0,0,0,0,1,2,2,3,6,4,6,2,3,2,3,1,1,5,0,3,4,3
0,0,0,0,0,0,0,0,1,0,7,4,2,2,2,1,1,1,2,0,1,2,0,2
2,0,0,0,0,0,1,4,11,8,14,4,5,18,25,15,7,4,3,5,5,2,3,1
15,21,4,0,2,3,7,6,9,12,21,18,21,17,14,15,22,22,20,21,27,30,30,22
5,4,2,1,0,1,7,6,3,8,10,12,16,13,11,12,12,17,8,13,10,19,6,6
1,1,1,1,0,1,0,4,0,4,1,9,3,5,4,6,7,10,10,6,15,10,7,6
3,5,1,0,1,0,2,4,1,4,3,7,7,3,10,9,4,12,6,14,5,5,11,10
3,4,1,0,0,0,1,4,3,7,1,9,8,6,11,9,13,6,12,11,12,8,12,10
0,0,0,0,0,0,1,1,1,2,1,2,1,1,2,4,3,1,1,1,1,1,0,0
5,6,0,1,1,0,1,3,1,3,0,4,5,6,2,6,6,9,16,10,19,14,10,15
13,9,2,1,3,0,3,2,12,8,8,8,20,17,12,16,14,23,19,32,23,54,23,23
2,3,4,1,1,1,0,0,0,0,1,4,2,5,4,4,6,4,4,10,11,14,17,3
1,0,0,0,0,0,0,0,1,2,0,2,2,0,0,0,0,3,4,0,1,2,2,1
0,0,0,0,1,0,8,7,3,14,6,2,3,3,2,3,0,1,2,2,0,2,3,1
0,0,1,0,0,0,8,12,24,54,12,6,5,16,11,12,8,3,1,0,3,2,0,0
3,3,0,0,0,0,0,1,1,4,1,2,1,2,1,1,0,6,3,5,7,4,1,4
1,0,0,0,0,0,1,9,15,25,10,9,6,7,10,7,1,1,0,2,1,1,0,0
2,0,0,0,0,0,1,4,10,16,6,7,4,9,7,2,7,4,1,0,3,3,0,2
0,0,0,0,0,0,1,1,6,10,4,0,1,1,4,2,2,0,2,1,1,2,0,0
1,0,0,0,0,0,0,0,10,8,3,2,3,3,2,3,4,0,1,0,3,1,3,3
4,4,0,0,0,0,0,4,2,2,0,2,4,0,4,7,2,3,3,9,8,6,9,4
3,0,0,0,0,0,0,0,1,4,2,0,1,3,4,4,1,2,0,1,1,1,4,0
1,0,0,0,0,0,0,1,0,0,0,1,0,1,0,0,2,2,0,2,1,1,1,1
4,1,2,0,1,2,0,0,8,5,4,8,4,4,2,2,3,7,3,4,3,6,7,5
10,13,4,1,1,4,4,16,12,10,8,11,6,6,12,24,16,21,17,22,16,18,18,15
9,3,0,2,1,0,5,7,14,17,29,28,23,21,37,32,16,25,23,21,34,24,19,12
14,8,5,1,2,2,13,32,39,43,43,22,25,21,32,27,27,23,18,27,23,25,20,20
10,4,2,0,0,0,6,21,14,27,26,22,19,32,15,20,11,6,11,12,11,18,7,11
19,17,12,4,0,2,3,26,16,13,21,23,32,26,23,37,41,25,34,40,48,38,43,33
28,26,5,0,2,5,10,26,37,41,28,32,24,44,29,35,27,23,28,25,48,37,37,30
16,15,5,2,2,7,12,29,74,93,90,71,76,82,50,69,61,47,38,44,52,53,39,48
19,12,3,1,0,6,16,33,61,106,86,76,79,71,64,64,40,52,54,36,38,38,31,20
19,16,3,1,2,5,5,11,15,30,31,35,29,38,41,29,31,22,25,24,17,27,36,27
23,15,7,2,1,4,10,20,19,49,84,54,44,54,70,57,58,47,29,66,51,52,52,30
20,17,11,0,2,5,14,17,29,41,61,55,51,42,50,52,49,29,38,26,33,35,30,31
14,9,6,1,0,3,10,16,10,17,24,30,27,35,35,30,26,22,39,34,21,25,26,24
12,4,1,1,0,2,13,8,8,13,25,21,25,32,25,20,25,11,19,21,21,18,18,18
10,7,3,1,1,3,5,6,12,12,29,29,33,37,28,35,27,17,20,23,23,23,25,20
21,13,7,1,1,3,10,22,13,23,34,27,38,41,29,39,35,22,45,35,26,38,35,27
26,10,8,3,2,3,6,12,16,28,46,61,57,69,45,56,65,47,60,48,59,47,42,36
39,27,8,3,4,6,16,35,49,91,132,124,169,120,114,103,111,87,81,88,84,88,62,57
23,17,15,3,1,3,13,20,12,49,57,53,49,42,43,39,39,41,26,40,39,48,35,31
43,23,10,3,5,10,16,29,25,39,55,65,45,54,51,50,40,37,31,40,57,47,38,48
19,7,3,4,2,4,10,17,7,13,13,23,23,26,20,28,21,17,12,18,25,16,20,17
9,6,2,1,0,1,6,2,6,11,15,8,6,8,22,14,7,3,5,9,4,10,13,4
4,2,0,1,0,1,2,1,2,1,3,4,7,8,6,4,8,5,5,11,13,3,5,7
3,2,1,0,0,1,1,0,5,9,9,11,9,6,9,6,7,10,10,10,10,5,2,5
4,1,0,0,0,0,6,3,7,9,11,14,7,11,13,14,19,16,15,14,15,16,12,11
11,7,0,0,1,3,12,24,32,40,38,26,35,33,36,33,36,19,17,25,25,24,22,21
14,5,4,0,1,0,4,4,4,7,6,6,12,11,10,19,25,17,16,36,31,30,31,14
8,3,3,0,0,0,2,8,5,7,19,9,20,14,14,24,19,15,27,19,16,18,20,12
5,2,0,0,2,3,1,7,6,6,14,2,6,6,8,9,14,11,13,14,15,7,12,14
12,4,4,0,2,8,36,29,21,42,32,27,43,17,25,39,37,42,24,24,35,38,25,18
0,3,0,0,0,2,10,36,26,17,19,17,9,12,16,13,17,4,12,10,7,3,7,4
1,0,0,0,0,0,0,1,15,28,16,15,15,16,12,19,10,5,4,1,0,1,0,0
2,0,0,0,0,0,0,0,0,0,0,1,0,0,1,2,0,0,1,3,3,1,2,1
0,1,0,0,0,0,2,5,5,21,13,6,5,10,9,5,4,4,3,1,3,2,3,0
2,1,0,1,1,1,4,8,15,19,21,20,19,18,30,18,24,31,7,15,17,15,14,5
5,1,1,0,0,1,2,10,4,22,6,8,3,6,8,11,9,9,9,11,11,11,8,11
4,0,1,0,0,2,2,2,21,30,24,12,11,15,7,11,16,11,11,2,3,4,5,2
3,1,1,1,0,0,0,4,5,3,7,5,3,3,0,1,3,3,3,7,0,7,6,3
4,1,1,0,0,2,2,0,7,11,5,7,5,6,4,4,8,7,7,7,10,13,3,6
5,1,0,1,0,0,0,1,2,5,2,5,11,3,4,8,7,5,15,17,8,7,7,10
4,4,1,0,0,1,3,1,6,6,4,5,7,5,6,3,4,8,13,18,17,17,14,13
12,7,2,2,0,1,4,4,1,7,8,7,13,4,5,8,6,17,23,29,27,43,17,22
1,1,0,0,0,0,0,0,1,0,1,1,0,1,0,0,0,0,0,1,1,1,1,0
5,0,1,0,1,0,1,4,7,10,5,2,5,7,7,5,5,2,2,3,6,5,3,4
9,6,3,1,1,16,36,88,94,89,52,33,49,44,43,24,32,25,17,18,18,27,15,14
9,6,4,1,1,5,3,8,6,5,13,7,8,9,8,11,14,13,19,13,18,25,18,20
18,6,3,0,0,5,19,20,31,33,34,29,13,26,22,24,33,31,14,15,26,20,28,21
6,3,2,1,1,3,12,9,7,22,21,16,14,13,21,18,10,22,14,14,22,19,19,11
8,8,3,1,0,1,10,24,17,24,35,23,21,17,26,31,25,24,24,22,32,25,27,31
17,12,9,0,0,2,9,19,28,45,31,32,37,34,33,40,30,34,28,40,49,40,33,16
18,14,6,1,0,4,8,21,22,24,23,27,27,23,21,24,22,25,24,36,42,24,40,31
24,19,6,2,2,3,10,13,18,22,34,31,37,33,40,25,40,27,19,18,29,34,26,37
19,21,2,2,5,14,47,71,46,70,101,102,114,98,92,63,67,55,54,55,68,49,46,36
28,28,6,3,0,5,9,19,25,60,76,60,59,65,50,64,43,30,41,43,56,57,45,18
16,9,8,3,4,4,17,32,26,56,103,58,77,70,63,61,43,43,33,45,34,41,38,36
9,4,1,2,1,2,11,21,17,29,45,32,29,32,26,27,27,35,27,27,21,24,18,4
13,6,6,2,2,8,59,97,102,116,148,106,107,131,114,93,81,41,27,47,34,30,28,14
26,21,13,1,4,17,55,84,65,74,105,94,107,77,73,54,48,41,39,55,60,60,41,35
21,13,8,2,2,4,12,52,53,69,130,135,94,114,100,96,68,65,57,60,42,37,38,23
13,14,6,1,0,15,74,104,68,101,119,98,84,106,81,54,34,31,31,22,24,28,28,15
7,7,2,1,0,3,18,23,15,36,41,32,45,46,39,36,26,20,10,22,19,11,12,11
36,16,9,2,3,2,8,12,9,18,51,41,32,40,31,40,34,35,22,42,33,28,31,40
33,24,5,3,2,7,25,46,37,48,68,58,72,67,66,51,57,28,33,48,38,43,43,36
7,11,2,3,1,4,18,20,4,13,23,21,25,21,20,21,27,14,23,18,23,22,23,15
22,18,11,3,7,4,20,13,8,17,34,35,34,52,37,42,43,40,23,33,33,51,41,45
4,1,0,0,1,3,11,9,11,26,29,20,16,20,33,19,8,7,6,6,4,2,8,3
14,3,5,0,1,0,1,0,2,5,4,5,8,10,12,10,8,5,9,9,15,15,8,7
18,16,7,2,0,9,25,50,39,58,80,64,61,75,64,60,51,57,45,51,52,40,43,44
25,11,4,1,2,3,12,9,13,19,29,24,17,30,30,32,20,29,23,30,28,29,23,25
1,4,4,1,0,1,2,7,7,6,13,11,10,9,13,20,16,6,11,11,20,13,7,9
8,3,2,1,0,0,4,2,8,10,14,15,23,11,18,14,17,18,15,38,21,21,15,16
8,6,4,0,1,2,3,7,8,8,16,16,20,17,23,17,19,14,11,17,23,25,25,12
5,6,2,0,1,2,4,11,11,12,17,17,17,11,17,13,26,8,17,21,26,17,18,19
5,1,0,0,1,2,20,13,31,39,27,18,20,29,27,20,24,13,23,17,18,9,13,3
0,0,0,0,1,0,1,0,0,2,2,3,2,7,6,4,3,0,2,0,3,1,0,0
0,0,0,0,0,0,0,0,0,1,2,1,0,0,1,3,1,1,0,1,0,1,1,1
0,1,0,0,0,0,2,3,10,5,4,0,7,3,2,4,3,2,1,2,1,0,1,1
3,2,0,0,0,0,1,10,15,36,34,16,20,25,14,14,14,10,3,7,6,1,0,3
0,0,0,0,0,0,1,2,10,23,14,3,5,10,3,8,5,3,2,0,1,1,1,2
2,1,1,0,0,4,7,19,19,38,43,41,33,41,21,34,35,34,21,24,13,9,5,1
0,0,0,0,0,0,0,4,9,7,3,2,5,3,3,3,3,3,0,0,1,0,0,1
13,5,0,2,0,1,2,5,1,8,15,14,14,18,13,10,16,19,15,21,12,24,17,11
3,3,1,0,0,4,10,8,3,7,6,3,2,3,4,5,5,5,11,8,8,5,7,7
4,1,0,0,0,0,2,0,6,8,3,1,4,3,1,3,5,2,3,7,4,3,6,5
4,3,0,0,0,0,2,1,2,1,6,2,3,1,3,9,5,4,10,2,6,3,2,0
1,1,1,1,0,1,2,2,0,1,2,1,3,1,1,0,2,5,2,0,4,5,2,1
1,1,1,0,0,2,2,0,4,4,1,2,2,2,1,0,2,4,2,1,3,2,2,2
0,2,0,0,0,0,11,18,54,45,28,13,9,16,14,13,9,10,3,2,1,4,3,1
4,5,0,0,0,2,2,5,7,7,6,7,4,9,4,8,7,2,3,2,6,13,13,7
19,14,3,1,1,1,6,17,12,13,18,15,8,13,17,17,21,17,8,15,25,35,29,32
1,0,0,0,1,0,1,2,7,6,5,3,5,4,2,5,1,1,2,3,6,5,2,2
8,9,1,0,0,0,0,6,27,29,14,8,14,12,18,9,13,10,7,13,9,9,9,8
0,0,0,1,1,1,4,3,24,32,8,7,6,13,8,11,1,3,1,2,2,2,1,2
4,0,1,0,2,1,1,4,18,46,29,27,14,27,23,17,25,13,6,15,15,15,19,8
3,6,0,1,1,0,1,3,5,6,2,5,9,10,5,10,8,7,7,10,9,16,12,7
6,14,10,0,2,3,2,5,8,20,30,23,17,24,28,20,26,19,19,22,23,21,26,21
9,3,2,1,0,8,22,8,9,16,19,23,31,24,24,19,22,20,16,20,25,13,20,14
12,13,6,1,0,2,5,13,25,54,51,45,51,59,47,38,39,38,19,31,30,35,29,25
18,8,4,3,1,2,11,24,20,42,30,44,42,49,59,36,32,22,22,32,23,24,29,30
25,26,7,3,4,7,24,39,42,76,84,76,76,91,83,78,65,33,40,56,53,46,44,26
21,23,7,10,5,23,36,94,61,127,211,149,160,169,140,123,98,74,60,70,66,59,66,41
28,13,8,2,1,0,11,16,29,50,69,61,53,60,48,34,36,39,38,34,40,42,43,26
23,15,10,1,1,6,22,44,30,63,72,92,88,83,78,59,54,52,37,57,50,49,38,38
23,7,3,1,1,1,12,41,31,55,62,88,73,89,74,57,52,33,43,27,41,28,27,20
29,9,6,2,4,6,16,29,53,86,115,117,111,110,87,70,80,62,36,61,60,50,54,37
28,19,7,2,4,10,16,12,13,37,47,35,55,36,43,35,48,33,23,34,41,26,38,31
15,19,5,1,1,8,11,15,14,15,37,37,46,45,25,31,26,21,16,27,24,25,24,29
21,13,5,6,3,5,10,21,13,14,27,26,33,26,24,24,34,20,20,22,17,32,27,25
15,11,3,4,3,3,5,6,6,12,18,19,13,18,19,19,15,21,14,20,22,13,25,20
1,1,0,0,0,0,1,4,9,6,19,7,11,16,10,7,8,8,8,13,6,6,6,1
6,8,1,2,0,0,6,2,6,6,8,17,11,13,7,18,8,20,15,19,12,14,9,15
7,9,8,2,2,3,5,8,13,17,16,18,18,18,16,25,16,14,16,17,17,18,25,16
17,11,5,2,3,4,4,6,13,10,16,19,21,18,21,24,21,17,20,20,24,15,26,18
9,3,2,0,0,0,7,9,30,60,49,27,28,56,36,29,21,16,14,14,13,21,19,13
1,1,1,1,0,3,3,7,9,14,11,15,13,14,19,16,16,7,17,12,10,11,11,9
1,0,0,0,1,1,3,2,5,5,5,0,1,2,2,0,4,1,2,1,3,3,2,1
0,0,0,0,0,0,0,2,2,1,0,1,2,1,1,0,0,0,0,1,1,1,1,0
6,2,1,0,1,2,2,13,41,55,47,47,32,43,40,43,31,24,27,31,14,14,14,4
1,1,0,0,0,0,1,1,3,7,3,3,3,5,2,6,6,1,3,3,2,2,2,1
0,0,0,0,0,0,1,0,0,3,4,1,2,4,3,4,4,3,0,0,3,0,0,2
0,0,0,0,0,0,1,0,0,1,1,2,0,0,0,3,0,2,1,0,0,1,0,0
1,0,0,0,0,0,1,5,10,12,9,7,9,13,7,15,7,2,5,1,1,5,3,2
2,0,0,0,0,14,1,8,8,19,11,7,2,6,6,5,8,4,3,8,6,10,5,1
0,1,0,0,0,1,1,4,7,21,9,7,6,14,3,9,2,1,0,1,0,1,2,0
0,0,0,0,0,0,0,2,7,13,6,4,5,6,3,3,1,1,2,4,1,0,0,0
1,0,0,0,0,3,10,13,15,14,11,9,11,15,16,14,15,12,16,12,6,10,7,5
3,2,0,0,1,13,29,33,24,14,21,18,23,17,25,21,24,24,26,20,9,10,8,3
3,4,1,0,0,1,3,8,19,27,11,9,4,15,13,17,10,7,14,8,6,7,7,2
2,0,0,0,0,1,1,6,3,18,4,5,6,3,8,2,2,2,5,1,0,3,1,2
0,0,0,0,0,0,0,0,0,0,2,0,0,0,1,0,1,2,1,0,1,1,0,0
0,0,0,1,0,0,0,2,27,26,12,5,2,7,4,5,2,0,0,0,0,1,0,0
1,0,0,0,0,0,2,7,36,52,18,15,6,12,10,4,9,7,2,2,1,2,2,0
2,2,4,0,1,1,1,0,3,4,4,3,3,4,6,5,5,10,5,10,9,9,7,4
13,2,0,0,0,0,0,1,5,4,5,6,2,10,1,4,9,11,4,18,18,22,19,10
1,1,1,0,1,3,3,4,24,29,17,5,6,7,16,7,14,7,5,3,12,3,11,10
0,0,0,0,0,1,0,19,16,19,13,8,12,13,15,10,7,2,2,4,1,3,1,2
6,2,4,0,1,1,2,28,30,46,46,35,19,31,27,14,14,14,10,8,12,17,14,12
5,3,3,0,0,2,2,6,25,45,36,13,17,32,14,12,21,15,15,12,16,6,14,14
17,9,1,0,0,1,7,3,1,5,5,13,7,5,3,7,9,14,9,18,17,16,23,21
12,8,4,6,1,4,10,10,7,12,13,13,18,17,14,16,13,14,16,16,15,19,28,18
5,13,5,1,0,0,2,4,3,13,12,11,15,14,9,27,11,14,5,9,17,21,17,20
18,14,6,3,1,3,2,9,6,17,21,21,23,15,17,20,27,19,17,26,22,27,29,28
29,15,8,4,3,4,9,25,27,43,81,57,56,57,64,58,42,51,53,53,61,54,51,49
16,14,3,0,3,5,4,26,9,25,23,22,33,30,21,32,22,18,20,24,30,28,27,24
23,24,7,5,1,2,19,22,41,78,89,90,118,84,82,71,62,47,35,55,72,56,42,51
31,15,5,7,6,30,37,39,88,165,191,152,161,147,157,128,103,61,56,81,44,42,46,34
18,13,6,2,2,6,27,42,63,135,146,135,121,132,108,89,72,69,36,50,42,42,44,34
17,9,4,2,2,3,20,33,21,43,64,52,64,67,60,50,53,36,33,49,36,34,33,18
12,8,5,3,3,16,54,24,33,50,61,53,51,77,62,61,49,25,18,14,16,18,15,16
61,57,20,9,6,10,47,42,70,170,235,196,163,157,134,122,120,60,81,89,99,120,164,129
26,13,15,4,1,6,10,11,27,36,58,71,61,43,65,46,52,35,26,29,35,32,37,31
30,21,9,4,3,9,13,9,17,31,70,53,56,43,49,41,48,27,29,35,38,28,45,29
9,11,5,3,2,4,6,6,24,41,31,31,41,27,32,14,26,14,17,13,10,16,20,10
7,4,0,1,0,0,6,8,26,27,29,23,18,22,25,9,11,17,12,7,7,11,4,6
12,4,5,2,0,2,6,11,8,22,17,21,18,23,29,26,32,20,27,25,23,19,23,20
20,14,7,0,1,1,11,11,7,12,22,23,26,23,22,41,31,26,27,20,36,38,41,36
21,14,7,2,4,11,15,17,24,39,50,56,56,60,62,63,59,61,51,69,56,41,54,34
2,3,0,0,1,1,8,19,36,62,53,20,45,55,59,43,34,13,9,6,8,7,8,2
3,0,0,0,0,2,3,5,19,37,34,14,21,28,22,18,15,13,6,9,9,8,8,4
1,0,0,0,0,4,7,10,27,45,52,23,28,52,36,32,24,5,7,2,4,5,2,1
10,1,1,0,0,2,2,16,21,19,26,22,20,27,22,16,28,21,29,18,39,23,25,12
1,1,0,0,0,0,0,0,3,3,6,5,1,0,1,1,1,4,4,2,3,2,1,0
2,0,1,0,0,0,0,4,1,8,3,3,6,9,5,8,15,14,9,17,8,10,5,5
0,0,1,0,0,0,1,2,0,3,1,1,0,0,0,3,3,3,0,1,1,1,1,1
0,0,0,0,0,0,0,0,0,0,1,0,1,1,2,1,3,0,0,0,3,2,0,0
0,0,0,0,0,0,1,0,1,0,1,1,0,2,0,0,3,0,0,0,2,0,0,0
0,1,0,0,0,0,0,0,0,1,1,0,0,0,1,1,2,1,3,1,2,1,2,1
1,0,0,0,0,0,1,0,2,1,5,0,1,0,1,3,1,0,1,2,0,1,1,0
1,1,0,0,0,0,0,0,4,3,6,3,4,7,2,2,3,1,1,2,2,2,2,0
1,0,0,0,1,0,2,5,2,4,6,6,3,4,5,6,9,11,23,11,12,15,9,9
1,2,0,0,0,0,2,3,1,2,1,1,2,2,0,2,5,1,5,1,1,0,3,2
0,0,0,0,0,0,1,1,10,24,8,3,9,11,11,6,3,1,5,0,2,4,3,0
0,0,0,0,0,0,2,7,20,34,29,8,6,14,8,11,5,1,0,2,0,0,2,0
0,1,0,0,0,0,0,0,1,1,0,0,0,0,1,0,0,6,3,1,0,2,3,1
1,0,0,0,0,0,0,0,1,9,1,1,0,5,2,1,1,1,0,0,0,0,0,0
0,0,0,0,0,0,0,2,20,48,12,4,5,16,9,3,1,2,2,0,0,1,0,1
11,5,3,0,1,4,1,4,3,3,7,10,8,3,7,12,15,10,11,14,14,13,11,18
5,2,0,0,0,2,0,7,17,41,23,18,16,9,22,23,14,10,19,16,19,18,14,9
9,9,1,1,1,1,3,8,6,9,7,6,9,12,8,12,14,10,15,15,13,14,13,14
1,3,1,0,0,1,5,10,30,34,31,23,26,20,20,21,13,18,8,13,8,6,7,9
4,2,0,2,0,2,4,6,24,34,20,23,19,20,15,13,9,16,18,11,7,15,12,8
14,8,2,1,1,5,3,5,11,7,20,19,15,13,19,13,15,15,14,9,19,23,15,13
17,12,4,3,0,3,13,13,7,15,12,15,13,17,12,19,21,18,15,15,37,26,25,16
18,9,10,3,0,2,8,9,13,20,22,33,28,31,33,36,38,26,29,28,34,46,29,26
29,12,14,6,3,7,15,21,34,41,40,40,46,43,66,55,42,46,34,39,48,40,35,45
8,10,4,5,1,4,2,1,7,9,14,13,18,15,18,12,9,17,16,21,23,30,27,18
42,19,20,5,3,5,12,13,16,23,43,47,30,50,43,30,54,46,36,53,64,59,43,43
18,17,9,0,1,3,9,21,18,24,52,38,36,50,53,52,45,28,28,42,39,46,43,39
35,20,14,1,4,4,7,25,20,31,35,42,34,50,50,51,25,27,25,48,34,50,45,26
24,29,8,5,2,4,27,74,70,122,148,101,90,125,118,89,73,51,43,67,48,58,56,46
17,15,5,1,1,2,7,19,21,37,51,44,54,63,54,39,53,34,21,41,40,31,40,21
21,13,4,4,2,16,51,81,96,173,181,163,158,164,139,144,85,68,36,44,53,23,37,37
29,18,11,3,5,14,41,33,34,79,99,118,101,123,103,89,89,83,61,60,59,47,56,46
32,24,13,3,7,32,99,74,68,88,132,139,130,131,127,112,83,64,57,56,54,45,49,39
22,16,9,5,5,5,28,92,111,163,150,129,92,116,103,99,83,49,31,37,48,34,36,22
3,3,0,2,1,7,11,21,34,78,92,83,105,65,64,44,48,31,15,32,20,15,10,10
5,0,2,0,0,2,2,20,67,90,47,52,62,47,39,44,41,30,19,31,18,9,15,6
8,2,3,1,0,1,4,4,23,27,8,13,16,18,26,26,14,9,8,11,8,10,21,18
18,9,3,1,2,6,20,15,29,41,46,49,49,50,38,51,48,27,29,22,17,19,31,19
19,18,5,7,0,2,6,11,56,100,104,124,113,94,110,97,92,64,51,57,64,38,46,28
13,10,1,2,4,17,12,14,16,28,27,28,25,27,21,32,31,21,15,30,33,30,33,29
7,6,1,1,1,4,4,17,25,30,31,29,28,30,38,37,27,23,22,21,24,20,24,22
4,8,4,0,0,2,0,1,0,7,8,18,12,21,13,20,26,17,11,19,25,15,20,13
3,3,0,0,0,3,7,17,27,51,31,23,27,40,42,32,30,15,12,12,25,16,8,6
3,2,1,1,0,1,6,8,14,19,23,24,20,26,21,19,20,13,15,11,14,11,13,12
8,3,0,1,0,2,6,7,14,25,25,50,33,31,34,33,51,46,52,53,42,24,24,7
3,1,0,0,0,1,0,3,1,6,5,3,4,2,10,8,18,18,13,11,13,12,9,5
6,0,0,1,0,0,0,2,3,2,3,2,4,4,5,6,9,3,3,5,2,6,7,2
0,1,0,0,0,0,2,2,0,2,0,1,2,3,5,2,3,1,2,3,1,1,1,2
0,0,0,0,0,0,2,0,2,1,1,1,0,0,0,2,0,2,2,1,1,0,0,0
0,0,0,0,0,0,0,0,0,0,1,1,1,0,1,1,4,0,2,1,0,0,0,0
1,0,0,0,0,0,0,1,0,3,0,2,1,1,1,0,1,0,1,0,0,1,1,0
2,0,0,0,0,0,0,0,0,0,1,0,2,0,1,0,1,0,0,0,0,0,0,1
0,0,0,0,0,0,0,0,0,1,0,0,0,0,0,0,0,0,0,0,0,0,0,0
0,0,0,0,0,0,0,0,0,0,0,0,0,0,0,1,0,0,0,1,0,0,0,0
1,0,0,0,0,0,0,2,7,5,8,2,3,9,15,3,2,0,0,0,0,1,0,0
0,1,0,0,0,0,0,1,3,6,0,1,0,0,0,0,0,0,0,2,0,1,1,0
0,0,0,0,0,0,0,0,0,0,0,0,0,0,0,0,0,0,3,0,0,0,0,0
3,0,0,0,0,0,0,1,0,1,0,0,0,1,1,1,0,1,3,1,0,3,0,2
5,8,2,0,0,2,1,2,2,3,12,4,6,6,5,11,5,5,4,2,14,7,6,5
12,9,7,2,2,5,6,5,4,3,7,3,8,8,10,18,14,10,6,16,12,17,18,13
5,4,1,0,0,0,9,5,4,6,7,6,3,13,7,7,9,10,9,18,20,13,12,15
10,8,3,1,1,4,1,5,3,14,10,7,8,11,19,14,12,17,12,16,15,20,18,9
4,1,1,0,0,6,3,6,27,42,22,18,21,18,14,12,21,14,8,9,7,22,19,13
8,2,5,0,1,3,1,4,4,5,6,11,6,14,6,6,17,13,15,24,17,10,19,9
9,6,2,1,0,3,4,4,5,2,5,8,6,6,11,17,9,10,12,21,10,24,16,10
16,14,7,4,4,4,20,34,29,28,38,34,36,37,31,39,20,20,22,39,28,45,35,33
22,13,4,2,2,5,9,8,6,12,17,19,17,15,13,15,9,10,20,15,24,10,23,27
10,4,1,1,0,5,5,11,12,24,29,21,13,22,29,18,20,10,9,4,12,17,12,11
24,16,7,3,5,2,23,13,8,23,32,31,48,42,28,39,31,26,25,32,27,38,29,21
13,11,3,2,0,5,2,13,6,13,15,14,12,14,16,17,18,17,13,26,16,26,32,26
48,39,16,9,8,16,25,9,18,34,70,62,69,68,63,70,73,58,57,72,94,60,65,55
37,26,17,6,15,42,33,39,32,86,110,88,73,83,69,71,66,66,40,50,44,51,47,49
19,14,10,2,2,2,5,8,15,33,42,42,46,56,47,41,39,33,25,45,23,44,30,19
12,6,6,0,0,4,8,15,20,40,44,33,46,45,49,48,36,19,21,22,28,26,22,12
25,19,5,3,3,6,9,14,13,20,27,32,25,33,18,20,17,20,18,11,22,26,22,13
17,20,5,0,0,4,13,10,17,20,25,29,20,33,33,28,33,21,16,21,18,28,24,21
34,19,9,3,2,1,27,18,44,79,87,91,86,76,85,69,77,54,33,44,35,43,42,37
28,16,9,3,3,18,14,38,44,90,113,113,105,115,108,85,74,48,34,33,29,34,41,47
2,0,0,0,0,0,5,9,24,44,49,34,32,30,38,30,17,15,16,18,19,34,30,10
2,0,0,1,0,0,10,17,48,93,94,76,84,85,71,68,49,43,34,31,26,13,17,6
4,2,0,0,0,5,19,64,157,209,139,113,99,131,92,92,75,33,28,16,19,15,19,7
7,9,3,1,4,5,23,30,52,73,59,52,51,99,75,50,51,21,18,28,16,14,26,17
22,20,6,2,2,3,8,12,9,21,26,17,25,21,18,29,17,20,21,22,14,16,37,25
9,6,6,0,0,1,5,13,12,31,38,26,36,33,26,21,16,13,24,30,26,14,21,11
9,2,1,0,0,2,3,4,10,18,16,13,16,8,10,13,15,14,9,19,13,13,13,9
12,5,1,0,1,0,3,8,11,13,12,14,14,11,11,6,21,12,7,15,14,16,10,9
7,5,3,0,2,1,1,4,1,6,8,6,9,8,13,13,8,8,17,11,18,10,13,13
4,2,2,0,0,0,1,4,2,1,9,7,7,8,13,14,6,13,11,6,26,15,11,7
6,1,2,1,0,1,0,1,4,3,2,4,7,6,9,11,7,10,6,8,9,5,9,4
4,2,0,0,0,0,0,2,0,4,3,2,4,5,5,7,0,4,2,2,8,6,4,7
5,4,1,0,0,0,0,2,3,5,5,5,13,10,7,9,14,10,7,5,7,2,5,4
0,1,0,0,0,0,0,4,1,2,8,10,9,9,7,9,6,12,6,7,6,2,1,0
1,0,0,0,0,0,0,0,1,0,1,0,0,0,2,1,1,0,0,0,0,1,0,0
2,2,2,1,0,0,2,4,17,18,17,8,6,10,10,5,5,8,6,5,1,5,5,1
3,0,1,0,0,0,3,0,2,2,2,3,4,5,4,6,3,1,2,3,5,6,2,3
0,0,0,0,0,0,0,0,0,0,0,0,0,0,0,0,0,0,0,0,0,0,0,0
0,0,0,0,0,0,0,0,0,0,0,0,0,0,0,0,0,0,0,0,0,0,0,0
1,0,0,0,0,0,0,0,0,0,0,0,0,0,0,0,0,1,1,2,0,2,1,0
0,0,0,0,0,0,0,0,0,0,0,0,0,0,0,0,0,0,0,0,0,0,0,0
0,0,0,0,0,0,0,0,0,0,0,0,0,0,1,0,0,0,0,0,0,0,0,0
1,0,0,0,0,0,0,0,0,1,1,1,0,0,0,0,0,1,1,0,0,1,0,0
10,8,2,0,0,2,3,6,5,1,7,7,3,2,7,6,3,9,12,11,14,13,12,6
12,10,4,2,0,1,3,7,14,12,15,17,18,14,22,19,21,13,12,14,19,18,11,12
5,2,3,0,0,0,9,4,2,3,8,4,9,7,9,5,10,11,9,16,16,12,15,5
8,2,0,1,1,2,2,1,2,10,5,10,12,9,6,9,10,11,16,11,19,13,16,13
10,8,3,0,1,1,4,5,14,26,27,25,30,34,27,25,19,32,40,20,31,22,21,5
8,13,1,0,3,2,6,7,18,9,8,13,10,28,26,21,15,7,16,23,14,16,13,8
14,9,3,3,1,2,7,10,10,15,13,11,7,17,24,20,16,13,16,18,22,20,15,25
14,15,7,1,4,13,10,10,7,15,15,12,18,14,19,15,17,19,11,21,16,28,17,17
23,15,2,3,2,15,15,14,10,26,31,33,28,27,30,14,18,23,22,28,25,24,23,29
10,7,3,2,1,2,1,4,3,1,7,5,10,13,6,7,7,11,8,9,10,17,8,10
30,22,10,2,2,7,12,8,12,11,14,16,18,25,23,28,17,18,24,35,46,41,40,36
14,14,6,3,2,7,19,10,18,24,30,40,30,47,31,34,45,39,25,25,44,33,40,38
29,23,14,3,0,9,18,26,26,37,51,51,46,54,55,57,35,45,34,51,56,56,36,49
22,13,10,6,1,2,3,2,7,24,22,24,34,27,22,25,30,23,29,32,26,29,32,28
20,15,7,1,7,16,29,45,42,70,78,74,77,85,78,95,82,42,28,44,23,37,42,29
26,10,9,1,5,36,95,99,55,93,122,124,100,110,118,117,136,57,40,57,48,58,66,28
17,17,4,0,1,3,10,13,10,20,37,26,25,36,34,27,14,24,14,19,14,23,21,12
19,12,5,2,1,6,8,15,9,15,21,13,17,19,19,29,24,10,4,12,15,16,17,14
11,6,1,0,8,36,31,33,20,48,78,72,61,72,70,40,39,15,6,13,10,10,9,16
20,18,8,5,1,3,10,11,23,38,47,35,37,40,61,34,34,24,16,17,15,28,24,19
2,6,2,1,1,2,9,11,19,27,41,29,31,28,26,29,23,18,16,17,29,24,36,17
0,2,0,0,0,0,1,3,16,21,11,9,9,8,16,12,10,3,1,1,2,0,3,1
2,3,4,1,1,0,15,56,109,122,67,46,49,97,66,62,34,19,18,10,7,10,6,6
0,0,0,0,0,0,0,0,0,0,0,0,0,0,0,1,1,0,0,0,0,0,0,0
18,7,10,2,0,2,2,9,13,24,22,31,27,28,31,23,17,22,14,20,23,16,38,25
1,2,0,0,0,0,1,0,0,2,1,2,2,0,1,1,1,2,1,0,0,1,2,0
4,1,1,0,0,1,2,1,14,22,17,18,21,17,25,25,14,11,14,17,11,17,21,19
13,3,2,0,0,1,2,3,3,9,7,7,12,11,14,11,8,9,12,19,23,11,26,13
10,5,1,1,0,1,6,7,9,21,32,17,32,26,32,30,22,20,11,22,19,22,25,17
8,8,1,1,0,0,6,4,1,5,13,12,18,14,13,16,24,17,19,22,25,13,19,17
6,3,2,0,2,1,6,5,2,8,7,8,5,9,12,17,13,12,18,22,21,14,17,22
10,4,2,1,3,3,3,7,3,6,6,9,12,9,12,13,22,13,10,20,21,16,17,12
3,0,4,0,0,1,3,5,4,10,8,11,6,7,8,5,8,16,13,14,11,10,8,7
6,8,2,0,0,0,1,2,3,13,11,10,9,14,12,9,13,16,10,25,16,11,10,8
0,1,0,0,0,0,4,11,6,7,6,6,4,8,9,12,15,13,5,8,7,6,4,2
1,0,0,0,0,0,1,5,13,29,13,9,9,11,8,3,9,2,7,8,6,1,2,2
5,1,0,0,1,1,1,1,4,6,2,4,3,3,1,2,2,2,2,3,4,1,1,2
0,0,0,0,0,0,1,4,11,26,6,3,6,12,2,0,4,1,1,2,0,3,0,2
0,0,0,0,0,0,0,0,1,0,1,0,0,0,0,1,0,0,0,0,0,0,0,0
2,1,0,0,0,0,0,1,5,6,7,2,7,4,3,3,4,1,3,2,0,3,1,1
4,0,0,0,1,0,1,0,1,1,2,3,6,4,1,5,5,7,14,25,20,15,8,6
0,1,1,0,0,0,1,0,1,2,0,2,1,3,1,0,0,0,4,7,1,3,2,2
0,0,0,0,1,0,0,0,0,1,3,1,1,0,1,3,0,0,0,1,0,1,1,2
1,0,0,0,1,0,2,1,3,5,7,3,4,3,7,4,7,5,6,3,3,3,1,2
7,2,1,1,0,0,1,24,81,61,78,21,8,16,8,4,11,9,13,12,7,5,9,5
11,7,4,3,0,3,3,4,7,11,15,12,22,31,33,16,15,4,10,18,12,13,7,8
8,7,4,1,2,6,5,3,3,4,3,8,4,10,12,6,5,9,11,15,18,14,17,18
8,7,7,2,2,4,5,5,5,8,9,12,12,10,13,11,16,18,18,15,22,30,12,15
3,4,2,1,1,1,7,7,5,5,8,7,9,7,5,6,10,5,12,9,13,6,11,7
3,0,1,0,0,3,8,3,10,12,14,13,8,20,18,11,13,6,6,5,12,6,6,3
10,3,7,1,1,1,3,3,3,8,8,6,8,4,8,12,15,8,11,5,10,15,15,18
3,2,2,0,0,0,2,1,1,3,5,3,4,5,2,4,4,4,4,5,8,4,7,8
12,6,5,2,1,4,1,10,16,32,19,25,12,20,35,34,24,17,18,13,25,22,17,16
20,15,7,4,0,2,5,11,3,7,10,11,16,21,21,16,9,20,14,16,30,24,30,31
16,7,8,3,2,4,2,7,5,8,15,12,12,15,10,9,17,13,15,16,19,29,13,19
13,12,2,3,3,7,4,4,5,7,14,16,12,18,21,27,18,12,5,24,17,30,23,22
22,16,8,3,3,5,11,13,14,17,20,21,15,20,24,23,27,18,13,35,55,41,47,34
18,10,8,2,3,27,58,54,37,60,59,64,53,54,63,72,53,38,27,23,19,25,24,18
21,18,12,2,3,12,29,20,12,37,35,35,31,47,35,48,32,23,17,23,42,37,23,25
29,21,10,6,4,8,26,24,10,13,36,44,45,30,31,48,33,33,29,42,53,50,48,39
18,11,6,1,3,6,9,18,7,17,23,19,26,25,26,24,18,11,13,15,22,23,22,15
16,14,12,7,3,4,21,16,7,26,29,35,38,31,30,33,31,17,8,23,25,27,29,18
15,17,10,1,2,4,59,54,47,85,81,71,92,102,87,63,52,40,27,35,38,31,34,25
14,11,8,2,1,2,15,23,29,34,34,32,41,45,38,37,29,21,17,23,24,28,30,26
15,14,5,3,0,7,6,8,14,15,19,20,30,21,25,27,13,12,9,13,22,22,20,23
9,1,3,0,1,3,4,5,20,25,17,15,14,15,20,18,14,12,3,10,6,7,13,9
19,16,9,2,1,10,6,11,30,34,22,26,31,24,27,28,30,20,20,24,14,27,37,24
1,0,0,1,0,0,0,3,13,14,5,5,7,7,10,4,5,2,3,3,5,3,1,4
3,1,3,0,0,1,2,2,3,4,7,4,7,7,10,13,9,6,8,10,12,7,5,7
0,0,0,0,0,0,0,0,0,0,1,0,1,0,0,0,0,0,0,0,0,0,1,0
0,0,0,0,0,0,0,0,0,0,0,0,0,0,0,0,0,0,0,0,0,0,0,0
10,7,1,0,1,1,2,0,2,7,6,7,10,7,13,19,7,8,8,14,17,11,14,11
8,4,1,0,0,3,5,9,5,6,10,14,11,14,16,14,16,16,11,28,28,23,15,11
14,5,0,0,1,2,5,8,5,18,27,14,19,29,23,24,15,13,15,15,18,22,18,12
5,1,3,0,0,0,5,3,4,7,7,12,12,5,14,7,9,14,19,19,16,15,12,10
5,6,1,0,1,2,3,6,0,7,2,9,7,9,10,12,3,7,12,11,14,19,16,10
13,5,6,0,1,2,3,3,5,8,12,16,13,19,17,25,9,8,7,30,24,21,27,9
10,2,0,0,1,0,4,4,12,19,25,13,10,9,14,15,10,8,15,16,16,19,16,12
5,2,0,1,0,3,3,1,5,15,19,15,9,21,11,16,13,12,12,9,15,9,5,6
1,0,0,0,0,2,1,1,6,7,7,2,1,4,3,2,3,2,0,1,1,1,1,0
0,0,0,0,0,0,1,1,9,24,9,6,9,9,4,4,4,2,1,1,1,0,0,1
0,0,0,0,0,0,1,1,3,4,2,3,2,4,6,2,1,1,0,0,2,0,0,1
0,0,0,0,0,1,1,2,13,10,9,2,5,7,4,2,0,3,0,0,2,1,0,1
0,0,0,0,0,1,0,0,4,0,1,0,1,2,1,0,0,3,0,0,2,1,1,0
0,1,0,0,0,0,0,0,0,0,0,1,0,0,0,1,2,1,0,1,1,0,0,1
0,0,0,0,0,0,0,0,0,0,0,0,0,0,0,0,0,0,0,0,0,1,0,0
3,0,0,0,0,2,3,0,0,1,0,1,1,2,2,1,1,1,2,2,0,2,2,1
0,2,0,0,0,0,1,4,7,4,3,1,3,1,6,4,1,2,2,5,4,2,4,0
10,9,5,0,0,2,2,4,2,4,8,6,8,10,8,14,10,11,16,27,14,21,15,10
0,1,0,0,0,0,2,3,7,9,3,3,2,3,6,1,2,1,3,0,2,6,2,4
12,8,1,1,1,1,20,8,14,16,16,14,10,21,18,13,12,8,17,16,13,18,13,18
9,2,0,1,1,0,1,3,2,3,7,5,6,7,8,9,2,6,6,4,8,9,16,4
11,10,3,0,3,5,7,6,3,10,12,12,13,14,19,9,19,12,15,20,18,12,21,21
10,8,2,1,3,1,4,2,6,4,5,7,11,18,7,13,8,11,9,20,15,24,16,5
3,2,4,1,0,2,0,5,1,1,3,6,2,5,4,5,1,6,2,9,6,3,9,4
6,8,1,0,1,1,2,1,1,3,9,5,8,9,13,10,9,14,14,9,15,8,13,16
7,3,3,2,3,5,7,4,5,2,5,7,7,6,11,11,14,16,9,21,18,17,18,13
23,16,12,4,6,6,11,23,11,19,38,28,40,47,28,35,25,16,27,26,66,44,40,28
18,16,8,5,1,9,13,5,7,7,18,24,13,24,25,19,16,15,9,17,37,42,35,21
22,16,7,1,1,11,14,9,10,20,14,26,21,36,27,40,30,18,19,32,41,45,34,27
22,16,5,3,4,21,20,19,21,24,25,49,27,36,40,40,27,28,22,23,44,37,31,32
18,6,5,1,1,9,14,9,5,24,21,26,27,22,23,20,23,17,15,18,16,19,24,22
33,19,8,6,6,2,12,13,11,17,22,19,24,21,33,33,28,23,23,30,32,31,43,29
13,9,12,4,0,15,23,23,15,24,31,29,39,27,42,22,27,21,19,26,26,19,23,17
21,18,9,1,1,4,9,13,9,33,31,40,32,30,43,26,38,31,24,28,34,27,27,28
26,18,5,0,4,3,16,19,14,30,33,47,44,46,49,57,43,25,23,23,50,38,44,37
13,17,13,2,1,5,10,6,10,10,20,23,20,31,29,28,26,21,17,28,36,28,34,23
31,15,7,3,4,3,18,11,11,21,31,31,34,31,32,36,43,40,28,33,41,42,41,32
27,19,11,0,3,14,26,21,24,24,42,39,34,38,29,38,25,27,19,22,34,34,30,25
10,5,2,1,0,4,12,22,19,45,33,26,26,24,22,25,22,25,13,15,16,22,16,11
26,12,8,1,1,4,4,7,2,11,12,10,17,19,17,23,19,12,11,15,15,23,13,19
15,9,4,1,1,4,6,5,9,15,14,18,16,20,17,19,15,25,16,16,27,22,15,12
6,0,2,0,1,0,0,5,5,4,5,9,6,10,11,11,13,13,10,10,16,10,12,11
11,6,2,2,1,6,2,8,5,10,19,11,12,10,20,15,15,6,7,20,14,19,24,7
0,0,0,0,0,1,0,0,0,0,0,1,0,1,1,1,0,0,0,1,0,0,0,1
9,2,0,0,0,0,1,5,4,2,4,6,5,10,3,4,1,3,5,5,5,3,1,6
2,0,1,2,2,2,2,3,2,2,4,7,4,3,9,6,4,10,8,8,11,10,7,9
10,6,2,0,0,0,2,7,4,2,7,7,6,8,12,9,10,11,7,10,25,11,18,11
1,2,1,0,0,1,1,4,7,6,4,11,8,7,14,9,12,15,6,14,12,10,6,4
5,4,0,1,1,1,2,4,10,9,19,24,20,34,20,23,22,17,15,23,29,7,12,5
5,5,3,0,1,0,0,3,7,8,12,8,14,4,6,19,11,18,14,20,18,15,15,20
6,4,1,0,0,1,2,2,1,4,5,9,2,10,12,7,10,12,9,24,18,8,15,12
5,2,1,0,0,0,1,3,2,9,11,8,7,7,12,8,10,6,10,7,5,9,8,3
2,3,0,1,0,1,0,3,4,24,14,12,8,8,7,13,9,7,16,17,11,9,10,4
2,2,1,1,0,0,1,1,13,23,15,9,9,10,7,8,9,4,5,6,14,5,9,6
0,0,0,0,0,0,0,1,2,4,1,4,3,2,8,1,3,1,1,0,1,1,0,0
1,0,0,0,0,0,1,0,2,0,2,1,2,4,0,1,1,1,1,3,1,1,2,0
0,0,0,0,0,0,0,0,0,0,0,0,0,0,0,0,0,0,0,0,1,0,1,0
0,0,0,0,0,0,0,0,0,0,0,0,0,0,0,0,0,1,0,0,0,0,0,0
2,3,0,0,1,3,5,10,10,13,16,13,10,5,6,3,2,0,0,1,0,0,0,1
1,1,0,0,0,1,2,5,3,6,4,2,4,3,1,3,1,0,0,0,1,0,0,0
2,3,0,0,0,1,3,15,9,15,16,11,13,8,13,18,15,8,8,11,3,4,3,2
13,7,1,0,1,1,1,2,4,4,6,7,5,6,6,7,3,2,8,3,5,6,8,7
11,5,3,0,0,2,8,19,9,19,10,11,13,13,15,12,15,11,13,12,20,18,16,11
1,4,1,0,2,5,10,3,3,3,3,5,4,4,6,3,5,5,11,6,8,13,8,4
6,8,3,1,1,1,4,1,3,7,4,5,9,4,7,2,9,6,8,12,12,15,18,10
7,4,4,1,1,2,7,10,7,11,11,14,14,23,14,14,16,16,19,24,20,23,14,7
8,9,1,2,3,2,5,5,3,9,9,11,10,12,14,14,24,17,19,19,26,27,13,10
17,13,4,1,2,3,10,7,9,21,11,17,14,19,17,16,20,25,9,18,28,33,22,25
11,8,4,0,3,5,11,17,12,15,16,17,20,26,16,27,24,15,20,23,27,20,23,17
12,12,6,2,2,3,21,22,11,4,7,13,13,21,20,17,23,14,17,16,14,32,27,17
15,8,6,1,1,3,23,16,13,12,19,28,16,36,27,30,21,17,17,26,27,18,35,12
11,4,5,2,1,2,2,6,9,20,16,12,13,21,15,25,23,25,17,18,22,23,19,19
16,12,11,2,5,1,12,10,8,17,15,30,19,22,26,26,15,20,13,19,25,27,28,18
27,20,5,2,2,9,17,14,17,32,36,36,17,33,41,26,26,26,31,26,38,34,35,25
17,12,5,3,3,7,10,1,8,23,17,18,14,19,25,35,18,19,19,17,16,22,19,23
25,14,4,3,3,7,14,16,28,38,42,44,45,35,46,42,35,34,24,21,44,41,34,19
17,10,3,0,0,0,4,7,6,21,11,23,26,27,17,21,15,20,15,18,22,13,20,13
24,19,10,3,3,1,6,7,13,36,30,31,33,38,58,40,37,23,27,39,42,45,35,36
10,3,3,1,1,4,3,9,18,13,10,10,12,14,22,15,10,7,13,14,18,13,10,6
10,3,9,3,0,10,11,11,24,41,38,31,42,47,36,37,39,28,35,18,31,36,26,28
16,5,6,0,2,5,9,5,4,13,15,13,18,23,26,22,26,21,26,30,27,21,33,18
8,9,7,1,1,27,10,13,6,13,24,15,10,30,26,14,9,17,14,24,22,24,19,14
13,8,6,2,3,12,10,8,15,14,21,23,23,35,30,35,23,21,30,22,42,29,32,16
14,8,6,0,2,6,25,46,55,62,52,49,47,43,47,42,29,33,25,23,36,36,22,20
19,7,4,1,2,3,7,7,10,13,16,10,21,11,18,24,12,19,24,23,27,21,25,16
3,1,0,0,0,0,0,0,0,2,0,2,1,3,1,3,3,1,1,0,4,1,1,1
0,0,0,0,0,0,0,0,0,0,0,0,0,0,1,0,0,0,0,0,0,0,0,0
7,2,2,0,2,1,1,1,1,6,3,6,4,8,4,1,6,13,6,12,10,3,9,13
7,5,2,0,0,3,2,4,6,3,3,10,3,9,8,9,7,7,6,14,10,10,2,5
5,3,0,0,0,1,1,0,3,7,5,8,5,9,9,5,10,15,7,15,15,6,6,10
6,1,1,1,0,0,3,4,2,2,8,12,3,4,9,7,11,7,9,18,19,9,19,9
6,3,3,0,0,1,1,1,3,8,9,5,8,6,11,11,7,8,17,11,23,17,18,11
8,6,1,0,2,3,3,2,1,4,7,7,5,5,9,6,8,9,8,13,22,15,14,15
2,0,0,0,1,1,0,1,1,4,5,4,4,3,9,9,6,11,8,11,8,2,7,5
4,5,1,0,0,1,1,1,2,11,5,6,4,7,4,9,11,12,22,24,18,17,10,11
0,0,0,0,0,0,0,2,6,14,5,4,1,6,0,1,1,0,0,0,1,1,0,0
1,0,0,0,0,0,2,2,20,14,9,9,3,6,6,3,3,2,3,0,0,0,1,1
0,0,0,0,0,1,0,2,15,7,6,5,1,5,2,4,2,2,0,0,1,1,0,1
0,0,0,0,0,0,2,7,6,2,8,5,10,7,6,12,3,5,6,3,8,3,1,0
1,0,0,0,0,0,0,0,0,0,1,0,0,0,0,1,0,1,0,0,0,1,0,0
2,0,1,0,0,0,0,3,2,1,0,1,2,2,4,1,3,1,2,1,2,2,0,0
3,3,0,0,0,0,0,0,4,4,5,1,0,3,7,2,2,0,1,3,4,0,1,4
0,0,0,0,0,0,0,1,7,2,6,2,2,5,3,1,2,1,1,2,0,0,0,0
1,2,0,0,0,0,0,0,2,1,5,1,4,2,1,3,2,1,4,1,8,2,4,2
7,7,2,1,0,0,1,0,0,3,7,11,10,5,8,3,10,18,7,14,12,15,13,6
4,6,3,0,0,4,8,9,6,2,12,2,11,9,4,14,6,12,10,8,17,18,10,7
9,5,2,1,1,2,5,5,3,7,6,10,5,11,9,12,12,12,15,20,19,25,26,16
7,9,3,2,0,1,3,5,10,12,12,26,20,14,25,28,22,25,22,29,28,25,12,18
11,8,4,4,1,1,9,7,5,8,9,9,15,12,13,10,15,12,16,18,23,24,12,14
14,8,4,1,0,5,4,8,7,8,11,19,17,14,16,20,21,21,14,16,16,24,31,17
16,10,3,3,0,3,6,11,34,17,20,19,14,17,21,12,20,22,28,35,28,33,31,17
7,4,1,0,0,1,4,0,4,10,10,8,13,8,10,9,13,13,18,16,15,12,14,11
3,1,1,0,2,0,4,3,12,11,12,9,9,11,8,15,6,11,5,6,7,11,13,7
27,20,6,2,3,21,39,67,66,83,73,71,86,99,83,67,62,43,51,55,56,47,54,28
13,7,5,1,1,2,2,5,14,17,20,12,25,21,17,22,16,18,18,18,23,21,11,18
25,25,15,5,2,5,9,14,16,23,30,19,34,23,28,32,38,30,32,34,63,33,42,27
13,10,5,1,0,4,5,4,17,16,13,19,12,15,23,19,9,15,8,23,24,22,10,15
21,5,3,3,5,15,25,20,35,33,42,43,44,57,51,50,56,43,40,44,35,23,28,10
21,11,6,4,1,4,17,12,11,17,15,14,22,28,21,23,20,28,16,33,33,37,35,29
8,8,4,3,2,5,5,9,14,19,24,32,19,22,30,25,31,16,11,15,22,15,27,34
17,17,5,0,0,4,15,11,22,33,33,28,38,32,22,33,25,18,14,17,19,30,19,22
20,12,4,4,0,0,10,12,8,10,21,16,28,20,20,19,23,23,24,27,23,31,35,28
20,14,11,5,2,6,45,73,68,112,88,54,67,113,90,86,70,35,52,52,59,47,43,41
13,4,2,0,1,4,7,7,5,10,10,6,14,15,19,16,21,23,16,17,28,22,24,15
8,5,2,1,2,8,10,5,3,14,5,9,11,13,20,11,10,3,7,4,7,6,6,7
10,7,5,1,0,5,12,9,13,32,18,16,22,25,33,38,24,24,23,20,31,32,23,12
13,15,4,2,1,11,11,13,13,8,19,19,10,16,21,25,32,17,23,25,36,24,26,26
13,6,5,3,3,4,15,39,18,17,20,18,24,31,37,28,14,12,17,17,22,23,19,7
6,3,2,0,1,0,1,0,1,4,11,2,5,6,7,5,11,5,12,9,6,6,4,3
0,0,0,0,0,0,0,0,0,0,0,1,0,0,2,0,0,0,0,0,0,0,0,0
0,0,0,0,0,0,0,0,1,2,0,0,1,1,0,0,0,0,1,0,0,0,1,1
3,0,0,1,1,0,0,2,3,7,3,4,2,4,5,4,4,5,6,6,2,5,9,2
6,2,2,0,1,0,1,0,2,3,1,9,8,6,9,9,2,5,11,11,14,11,12,8
12,1,1,1,1,0,4,4,1,2,12,10,9,9,6,8,17,16,10,11,10,18,18,14
3,6,3,1,0,1,3,3,0,1,3,3,1,5,6,10,5,8,10,9,14,13,8,6
1,1,0,0,1,0,1,1,0,3,4,5,5,6,6,3,4,6,4,13,6,9,6,7
7,3,2,0,0,2,1,1,2,0,6,8,5,8,5,9,8,9,9,11,6,10,6,9
3,2,1,0,0,1,0,4,5,10,5,3,5,3,3,4,0,2,3,4,3,3,4,3
0,0,0,0,0,0,3,4,7,15,0,4,6,6,6,0,2,0,2,3,0,0,0,0
0,0,0,0,0,0,0,4,10,3,2,1,1,2,5,1,0,3,2,0,2,1,1,1
0,0,0,0,0,0,0,0,0,1,1,1,1,0,0,0,1,1,1,1,1,0,0,0
2,0,0,0,0,0,1,0,2,1,0,0,2,1,2,1,0,1,0,2,0,0,1,1
5,3,0,0,0,1,1,3,0,7,3,4,3,2,5,2,5,1,1,1,2,1,1,1
3,2,0,0,0,0,2,2,3,2,3,0,0,3,2,2,0,0,0,2,2,2,0,1
1,1,0,1,0,0,4,1,3,3,1,3,2,2,2,3,3,0,0,0,4,1,2,1
6,6,0,1,1,1,1,2,2,5,6,13,4,4,11,8,3,5,7,11,11,14,17,7
0,1,0,0,0,0,1,0,1,1,2,1,3,0,3,2,3,2,3,5,1,4,5,2
6,2,2,2,0,0,1,2,5,3,7,6,7,9,5,5,13,12,13,17,14,15,11,8
3,4,4,2,2,3,4,5,3,3,5,4,6,16,7,6,10,15,13,17,20,12,19,6
11,7,3,2,0,1,2,4,4,5,6,9,7,13,15,12,9,10,11,19,19,20,21,11
14,10,4,2,2,7,17,19,8,11,11,16,18,16,13,8,11,18,18,24,21,26,22,18
22,4,7,2,2,3,12,5,8,9,6,13,16,20,20,11,11,14,9,7,18,16,19,20
3,5,1,0,0,3,19,21,11,9,10,7,15,7,7,20,2,6,8,6,11,9,8,12
0,0,2,0,0,1,6,12,38,91,52,32,23,31,27,26,15,9,9,10,12,11,3,5
5,3,2,2,0,1,6,11,34,49,28,16,20,16,24,19,15,16,12,13,24,16,10,11
13,8,3,2,1,9,14,28,46,33,33,27,33,31,41,31,19,30,26,27,26,17,14,12
7,5,1,2,1,0,5,5,13,13,6,14,9,16,16,21,19,23,22,21,28,22,14,13
10,3,5,2,1,3,9,6,6,12,10,25,17,28,22,22,25,28,29,36,31,21,22,25
14,10,4,1,0,1,6,4,9,12,16,8,20,14,15,17,23,19,24,30,25,24,32,18
11,6,6,2,3,3,37,52,25,27,23,17,26,27,24,34,19,26,24,25,24,20,21,20
18,19,5,1,0,6,11,18,12,15,19,24,34,34,31,32,37,13,19,30,42,29,36,23
20,18,9,2,2,5,8,18,11,15,12,22,19,16,25,35,27,18,20,33,41,40,31,36
7,4,2,1,0,1,4,11,18,23,17,11,21,9,19,20,9,12,12,14,12,9,5,3
14,13,6,0,2,1,3,7,15,11,17,15,16,22,24,15,12,14,14,19,22,33,23,22
14,8,4,3,1,5,4,10,10,12,16,11,16,31,16,19,18,15,20,22,27,27,31,17
12,2,3,0,3,1,6,17,12,18,19,16,19,30,38,31,21,19,19,31,26,25,25,20
18,6,6,0,1,5,17,26,13,15,20,24,33,39,34,34,31,22,21,28,39,40,37,16
7,3,4,2,0,1,7,10,8,12,16,15,23,20,16,26,19,21,19,15,29,23,25,13
6,1,2,0,0,3,4,4,9,15,5,5,7,19,22,12,15,5,11,7,7,11,11,5
14,3,3,2,0,0,1,3,1,6,5,9,6,8,16,8,6,16,11,11,17,19,16,12
8,7,0,0,2,1,1,8,5,5,7,3,11,9,7,14,7,6,6,13,16,8,9,12
0,0,0,0,0,1,2,0,5,0,1,2,1,4,1,5,1,3,2,3,2,2,5,1
0,0,0,0,0,0,0,0,0,0,0,0,0,0,0,0,0,0,0,0,0,0,0,0
9,2,3,1,0,1,3,5,4,3,5,10,5,6,9,6,12,6,8,11,10,12,12,9
8,3,1,0,1,2,1,4,2,0,2,2,3,3,3,8,1,9,7,6,11,8,6,6
2,5,1,0,0,2,2,0,1,1,3,5,5,2,7,6,11,4,9,11,16,13,10,13
11,3,4,0,0,2,3,2,3,10,7,10,4,8,9,8,6,9,11,16,13,16,6,8
6,1,0,0,1,2,1,4,3,2,1,3,2,5,2,11,5,4,14,9,10,14,13,6
2,2,1,0,0,0,1,2,2,4,4,3,3,5,6,1,2,5,4,6,4,2,2,2
0,0,0,0,0,0,0,0,0,0,0,0,0,0,0,0,1,2,3,3,0,2,0,3
0,0,0,0,0,0,1,5,4,8,6,2,4,1,2,0,2,0,0,0,1,0,0,2
0,0,0,0,0,0,0,1,6,8,5,2,3,5,1,3,1,0,1,0,0,0,1,0
2,0,0,0,0,0,1,0,0,0,0,0,1,0,0,0,0,0,0,0,0,0,0,0
1,0,0,0,0,0,0,0,1,1,1,1,0,1,1,1,0,1,1,2,1,0,0,0
1,2,1,0,0,0,0,0,0,0,1,0,1,4,2,1,0,0,0,0,1,0,0,0
0,0,0,0,0,0,0,0,0,1,1,2,1,1,2,3,1,1,0,1,1,1,1,0
0,0,1,0,0,1,0,1,0,1,1,2,2,1,2,0,0,1,1,1,1,2,1,0
2,3,1,0,1,7,2,0,0,1,1,1,1,1,3,4,2,3,3,2,3,5,3,2
7,2,2,1,0,0,1,2,0,1,4,4,2,4,2,6,2,6,4,5,5,4,5,2
7,4,0,3,1,1,1,0,3,3,6,3,7,5,5,2,10,3,10,6,11,8,6,6
11,6,2,0,0,1,4,0,5,3,8,5,3,7,12,8,11,16,12,12,20,13,17,6
10,4,0,1,0,0,6,10,7,9,8,12,14,8,9,16,13,13,16,17,21,14,21,8
6,5,1,1,0,5,7,11,13,13,12,9,12,9,12,8,7,9,5,2,5,5,9,3
6,2,0,2,1,2,12,12,9,15,8,14,10,15,15,10,27,14,11,8,26,16,16,17
8,4,0,0,1,0,6,18,8,8,5,8,8,7,8,7,15,9,8,13,10,15,9,8
8,6,4,0,0,0,8,7,15,9,15,15,8,9,9,21,13,12,15,10,17,16,18,15
3,0,0,0,1,7,10,14,52,42,27,15,14,20,15,17,15,11,7,4,7,4,2,0
2,2,3,0,0,1,8,11,17,14,17,18,12,7,14,16,12,2,10,8,5,13,10,8
3,2,0,1,0,1,8,8,8,4,4,4,4,3,4,3,4,7,7,4,4,9,3,7
16,12,5,0,2,2,11,22,11,7,15,16,14,22,26,27,24,19,27,22,29,19,12,18
22,14,3,5,3,2,10,8,9,15,12,12,20,17,21,21,31,21,27,25,29,32,29,20
18,11,6,6,3,7,11,18,15,14,26,18,24,27,27,32,23,21,18,20,38,35,33,24
14,5,3,4,1,7,31,41,63,51,52,39,51,54,55,59,34,23,16,26,27,30,32,22
9,6,8,2,2,2,10,18,18,18,19,15,18,15,25,31,22,17,9,11,32,24,21,18
11,5,5,0,1,1,1,7,28,19,10,15,8,12,9,11,11,6,8,5,16,11,10,7
11,3,3,1,0,3,12,17,38,36,23,20,22,21,19,28,19,20,13,7,17,22,22,24
5,5,3,0,3,5,5,9,17,23,28,11,15,24,22,20,20,15,14,16,25,23,13,8
19,18,7,2,4,8,5,9,13,19,21,21,20,23,28,40,32,21,26,35,27,38,36,25
17,11,5,2,1,3,10,11,7,11,13,12,18,20,16,18,23,16,31,41,34,33,38,30
18,9,5,1,1,1,4,6,10,8,14,10,11,10,16,15,15,16,17,17,23,23,16,19
19,8,9,2,1,5,9,16,6,7,10,9,20,11,19,22,30,22,20,38,32,33,27,20
2,4,1,0,0,1,0,3,4,3,6,3,1,3,5,12,5,4,6,1,6,0,3,3
9,2,1,2,0,2,6,11,7,10,10,14,11,9,7,9,8,4,18,18,15,17,24,9
1,0,0,0,0,0,1,0,1,0,1,0,0,0,0,1,2,1,0,0,1,0,0,1
0,0,0,0,0,0,0,0,0,0,0,0,0,0,0,0,0,0,0,0,0,0,0,0
7,0,0,1,0,0,2,0,1,2,1,1,4,5,5,3,10,6,4,2,14,10,3,3
2,2,0,0,0,2,0,1,1,0,5,2,4,4,3,3,6,6,5,11,8,11,5,9
8,3,1,0,0,2,5,7,8,5,11,8,6,10,6,5,14,16,9,16,12,14,9,13
3,1,1,0,0,0,0,1,4,1,4,2,3,2,1,6,1,2,3,8,10,10,7,8
6,4,3,0,0,0,3,5,2,6,5,5,6,2,7,8,9,9,7,9,7,8,7,8
11,1,2,1,0,3,0,5,2,4,6,9,8,6,6,10,5,13,10,19,21,11,11,8
3,1,1,0,0,2,5,6,3,5,5,3,1,1,1,4,1,2,4,4,2,3,2,1
0,0,0,0,0,1,3,6,3,7,1,3,6,2,9,5,1,0,0,2,2,1,2,1
1,0,0,0,0,1,4,2,9,1,2,3,3,1,3,0,1,0,2,0,2,1,1,0
0,0,0,0,0,0,0,0,0,0,0,0,0,0,0,0,0,0,0,0,0,0,0,0
1,0,0,0,0,0,0,0,0,1,0,1,0,0,0,0,0,0,0,1,0,0,0,2
0,0,0,0,0,0,0,1,0,1,0,0,0,0,1,0,0,0,0,1,0,0,0,1
1,0,2,1,0,1,0,1,1,0,1,2,2,2,1,2,2,0,0,1,2,2,3,3
3,2,2,0,0,2,1,0,1,4,3,2,2,0,3,3,4,4,2,3,2,2,3,1
7,1,3,0,0,0,0,1,0,1,2,1,2,0,1,3,0,3,1,4,2,4,4,8
0,1,0,0,0,0,0,1,0,0,0,0,1,0,1,1,0,0,1,0,0,2,2,0
3,1,1,0,1,0,0,1,6,2,2,2,2,1,6,3,2,5,1,5,0,4,2,2
2,2,0,0,0,0,1,1,0,2,1,1,3,3,6,3,2,4,5,3,4,5,5,3
1,1,1,0,1,0,1,2,0,2,7,2,4,2,3,2,3,3,4,2,4,5,3,4
1,1,0,0,0,0,1,6,0,4,6,4,2,4,6,3,4,2,5,3,1,0,0,2
11,5,3,0,0,17,24,11,13,7,16,11,11,7,7,15,15,8,23,19,23,18,20,5
7,5,2,0,0,8,4,9,20,7,10,4,6,9,6,11,12,4,4,13,7,9,8,3
2,1,0,0,0,0,5,7,55,73,30,8,16,20,21,13,12,11,7,3,3,8,2,1
5,3,2,1,0,11,14,19,42,34,21,25,26,20,28,19,15,22,12,18,13,4,4,4
3,5,2,0,0,9,21,28,22,19,13,9,10,15,15,13,16,10,9,10,15,15,9,2
2,1,0,0,0,1,3,4,14,10,4,4,3,6,2,6,5,3,2,4,1,2,4,1
9,8,4,1,2,5,12,13,20,20,9,12,13,7,22,12,12,16,8,19,14,18,20,9
13,9,6,3,0,6,9,14,10,7,13,21,15,15,19,23,14,18,27,31,23,35,23,20
12,5,3,1,0,5,11,15,19,11,17,20,17,5,20,18,13,15,15,17,16,18,18,12
12,5,5,2,2,3,10,18,34,29,19,27,28,25,26,17,27,19,16,19,30,26,23,14
14,21,7,3,1,5,6,10,27,28,40,25,22,37,29,24,21,14,37,27,28,24,30,18
4,3,1,1,0,2,8,11,22,21,13,15,18,21,15,13,14,11,9,14,11,9,10,6
11,5,3,2,0,2,14,30,21,17,16,21,21,17,25,22,21,19,18,20,21,24,18,25
20,10,3,2,1,7,7,9,25,15,18,22,25,28,31,29,35,27,38,20,27,36,25,18
11,9,1,2,0,1,11,9,14,33,31,27,24,43,33,35,44,27,29,33,41,33,24,15
0,1,1,0,0,0,2,4,10,4,6,3,5,3,6,2,2,3,7,1,1,2,4,1
22,14,4,0,0,7,8,8,16,13,15,16,16,21,24,19,22,23,20,22,34,23,29,11
13,12,6,2,1,4,10,11,7,8,13,13,17,22,19,22,18,9,25,23,34,28,24,18
7,3,3,1,0,1,3,12,12,5,12,19,12,12,11,17,15,7,13,14,20,22,14,15
0,1,0,0,0,0,1,8,1,6,7,7,5,7,12,10,6,4,5,8,10,7,4,2
1,0,0,0,0,0,0,1,0,1,0,0,1,0,1,0,0,0,0,0,2,0,0,0
3,0,1,0,1,1,2,3,0,2,1,4,1,0,2,2,1,1,1,0,4,4,2,5
3,1,2,0,1,1,1,3,0,1,0,1,0,2,3,1,3,3,3,3,4,4,8,3
6,4,2,0,0,0,1,2,0,1,3,2,2,2,1,5,6,2,7,12,7,8,12,10
0,1,0,0,0,0,0,1,0,1,0,1,1,0,0,0,1,0,1,1,1,2,1,0
0,0,0,0,0,0,0,0,0,0,0,0,0,0,0,0,0,0,0,0,0,0,0,0
3,0,0,0,1,0,1,0,0,0,1,0,1,0,3,0,1,2,1,3,3,3,5,2
2,1,2,0,0,0,2,4,0,5,3,5,4,7,6,7,9,12,12,11,14,14,17,4
0,0,1,0,0,0,0,1,0,0,1,0,0,0,0,1,0,3,4,0,2,2,1,3
1,3,0,0,0,0,2,0,0,0,3,0,2,0,2,0,1,2,1,5,2,4,2,5
0,0,0,0,0,0,0,1,0,0,0,0,0,0,0,0,0,0,0,0,0,0,0,0
0,0,0,0,0,0,0,0,0,0,0,0,0,0,0,0,0,0,0,0,0,0,0,0
0,0,1,0,0,0,0,0,0,0,0,1,1,0,0,0,0,0,0,0,0,0,2,0
0,0,0,1,0,0,0,0,0,2,0,1,0,0,0,1,0,0,1,0,0,0,0,0
1,0,1,0,0,0,0,0,0,0,0,0,0,0,1,0,1,0,0,0,0,0,2,1
1,0,0,0,0,0,1,3,0,1,1,1,0,0,2,0,2,0,1,0,1,0,2,1
1,0,0,0,0,0,0,1,3,1,0,2,0,5,1,1,0,0,0,0,1,0,0,1
1,0,0,0,0,0,5,13,11,8,3,3,7,3,6,4,6,2,3,1,2,2,3,0
0,1,0,0,0,2,3,16,8,9,5,13,16,13,12,5,7,2,5,9,5,9,4,5
8,3,1,0,0,1,3,7,4,5,4,7,4,6,5,6,6,8,5,5,11,6,4,4
8,1,2,0,1,4,10,19,8,10,10,6,8,6,10,7,9,6,10,8,10,18,10,12
1,1,0,1,1,0,1,3,0,0,1,0,4,1,1,4,2,2,5,2,2,1,0,3
6,5,7,3,0,2,1,6,3,2,7,3,10,6,5,5,4,7,12,12,14,18,12,12
7,6,4,0,0,7,9,9,9,8,5,5,5,13,9,5,11,6,6,13,13,12,17,5
6,0,0,0,1,0,1,9,23,32,20,8,11,13,11,14,3,11,7,10,9,4,5,5
4,7,3,2,2,6,8,9,11,17,12,18,11,13,15,10,13,10,8,19,12,11,20,15
2,0,0,0,0,0,2,2,6,1,2,1,6,3,3,1,0,1,1,1,1,3,1,0
16,6,7,2,1,1,2,3,3,4,4,7,5,11,9,8,11,11,13,15,12,17,11,9
11,8,8,0,3,1,6,12,8,5,14,11,8,15,17,14,15,17,20,28,19,25,35,14
11,9,3,2,2,1,4,8,5,12,16,11,21,14,27,13,16,16,15,26,27,19,26,20
14,9,6,0,1,4,5,12,13,9,10,14,23,11,18,16,10,21,22,26,33,19,21,18
14,5,5,2,0,8,21,20,22,16,17,21,25,20,23,25,31,27,23,31,34,34,34,28
4,3,2,0,0,0,1,1,10,4,4,0,10,6,4,6,4,3,6,12,9,7,4,4
5,3,1,1,0,4,24,53,42,40,32,37,28,43,30,23,19,14,15,20,19,11,12,3
9,7,6,2,1,1,8,11,38,36,26,27,29,35,39,41,33,26,18,30,21,24,16,19
21,10,7,0,0,16,41,49,67,90,98,83,94,84,100,85,106,93,104,91,50,55,48,27
7,5,8,0,1,2,4,4,11,28,28,15,13,19,10,13,25,18,10,23,26,16,17,7
14,7,4,1,0,3,3,5,16,9,14,15,18,15,23,21,20,20,22,23,26,26,17,11
16,5,3,1,0,4,4,6,11,19,15,16,20,20,21,19,30,14,19,24,32,27,18,14
4,2,2,0,1,2,6,9,7,7,10,7,13,9,9,7,6,12,11,11,12,17,9,10
2,0,0,0,0,0,1,2,0,4,1,0,4,3,3,4,1,1,2,6,3,6,3,2
0,0,0,0,0,0,0,1,0,0,0,0,0,1,1,1,0,1,0,0,0,0,0,0
0,1,0,0,0,0,0,0,1,0,0,0,1,0,0,1,0,0,0,0,0,0,0,0
2,0,0,0,0,0,0,0,0,0,0,0,1,0,0,0,1,1,0,0,0,0,1,2
2,3,1,0,0,0,2,1,1,2,0,4,3,4,3,5,2,4,7,4,6,3,6,6
2,1,0,0,0,1,1,0,0,2,4,0,0,0,0,0,3,0,2,1,1,2,4,2
1,1,0,0,0,0,2,0,0,0,2,0,0,1,1,0,1,0,0,2,1,0,3,1
0,0,0,0,0,0,0,0,0,0,0,0,0,0,0,0,0,0,0,0,0,0,0,0
0,1,0,0,1,3,0,1,2,7,0,5,5,3,4,4,2,2,5,3,3,0,3,1
3,1,0,1,0,1,1,1,2,3,4,4,5,3,4,5,3,7,7,15,9,6,3,9
4,5,0,1,0,0,1,0,2,0,2,1,2,1,1,5,4,6,7,10,6,1,8,6
0,0,0,0,0,0,1,0,1,1,2,0,1,1,0,0,0,0,0,0,1,0,0,1
0,0,0,0,0,0,0,0,1,0,2,0,0,1,0,0,0,1,0,0,0,1,1,0
0,0,0,0,0,0,0,1,0,0,0,0,0,0,0,1,0,0,0,0,1,0,1,1
0,0,0,0,0,0,0,0,0,0,0,0,0,0,1,0,1,0,0,1,0,0,0,0
0,0,0,0,0,0,0,0,0,0,0,0,0,0,0,0,0,0,0,0,0,0,0,0
4,0,0,0,0,0,0,1,0,3,2,1,1,0,1,2,2,1,1,2,3,3,1,3
5,6,3,0,2,2,1,2,2,5,3,6,3,8,12,8,10,8,9,7,9,12,10,7
0,1,1,0,0,0,0,1,1,1,2,3,0,2,2,9,4,1,3,5,4,3,7,7
7,0,1,0,0,0,4,7,10,8,6,5,6,7,9,6,5,4,5,6,5,4,4,1
6,4,1,0,0,3,2,1,1,2,1,8,3,4,5,0,4,6,4,4,6,6,8,8
7,2,3,0,1,2,0,4,2,2,4,2,9,4,3,9,4,7,9,12,7,11,9,7
3,0,1,0,0,1,3,5,4,3,8,3,5,5,3,4,7,1,1,1,7,4,7,4
0,0,0,0,0,0,0,0,0,0,0,0,0,0,0,0,0,0,0,0,0,0,0,0
0,0,0,0,0,0,0,0,0,0,0,0,1,4,0,0,0,0,0,0,0,0,0,0
6,2,2,1,0,2,3,6,21,9,4,3,9,2,5,4,3,9,6,10,9,10,6,8
16,9,7,1,4,6,6,12,10,7,7,14,9,8,9,9,8,14,19,18,27,30,24,19
22,15,5,1,4,7,24,18,22,21,22,16,19,16,29,26,25,12,16,28,26,34,21,15
14,3,5,0,0,6,6,18,9,6,11,7,9,16,7,12,18,12,8,10,15,21,13,16
9,6,2,1,0,4,8,14,14,6,4,12,5,18,11,12,17,10,15,22,24,20,19,14
7,8,2,2,1,3,4,4,19,8,9,15,13,13,21,16,16,20,12,25,29,19,17,16
5,1,3,0,0,3,4,6,9,20,7,4,5,10,8,8,5,3,7,10,8,6,1,3
15,9,7,0,1,12,31,53,44,43,30,26,31,23,33,30,24,20,21,25,28,27,23,17
13,8,9,0,1,7,6,10,12,7,13,14,14,14,11,18,16,17,25,27,28,19,18,22
16,15,4,2,0,0,3,17,10,12,11,15,24,23,22,29,15,11,27,23,36,37,26,16
10,7,3,1,2,2,3,8,12,10,9,9,22,10,17,18,16,9,13,23,20,23,23,14
8,7,4,2,2,9,10,12,28,61,47,30,40,34,31,23,40,37,24,39,26,29,23,13
8,2,4,3,1,6,9,11,10,22,11,8,9,18,18,8,16,9,9,12,13,13,12,12
9,10,7,0,1,2,3,3,7,5,4,9,5,11,8,7,13,14,9,13,11,4,12,10
9,6,1,0,1,4,19,23,32,32,28,31,30,24,28,28,22,29,19,27,24,26,15,9
11,11,1,1,1,1,12,10,3,4,8,16,11,13,12,16,17,18,17,28,33,26,22,15
7,6,5,1,2,2,6,10,9,12,12,11,5,15,12,13,10,6,13,10,16,18,8,9
1,0,0,0,0,0,0,0,0,2,2,0,0,1,1,0,0,1,0,0,1,3,1,0
0,2,1,0,0,1,2,0,1,3,2,1,3,0,1,6,3,3,4,1,2,5,1,5
0,0,0,0,0,0,1,0,2,2,1,0,0,0,2,0,0,0,0,0,0,0,0,1
0,0,0,0,1,0,0,0,0,1,0,0,2,0,2,2,0,0,1,0,2,1,0,0
1,1,3,0,0,4,4,2,0,0,0,0,2,1,0,0,1,1,0,1,0,1,0,0
2,1,1,0,0,1,0,0,1,1,2,0,0,0,0,5,5,4,2,3,3,3,4,2
0,0,0,0,0,3,5,2,4,0,4,4,5,2,5,3,5,3,8,2,3,0,1,0
0,0,0,0,0,0,0,0,0,0,0,0,0,0,0,0,1,0,1,0,0,0,0,0
6,0,1,0,0,0,1,3,0,2,4,4,3,2,5,9,8,1,15,5,6,8,8,5
1,0,1,0,0,0,2,0,8,8,3,2,0,3,2,0,3,4,3,5,5,4,2,1
0,0,0,0,0,0,1,1,0,0,1,1,1,0,1,0,0,0,0,0,0,0,0,0
0,0,0,0,0,1,0,0,1,5,0,1,1,1,0,0,0,0,0,0,0,0,1,0
0,0,0,0,0,0,0,0,3,3,2,1,0,0,1,1,0,0,0,0,0,0,0,1
0,0,0,0,0,0,0,1,0,0,0,0,0,0,0,0,0,0,0,0,0,0,0,0
0,0,0,0,0,0,0,0,0,0,0,0,0,0,0,0,0,0,0,0,0,0,0,0
0,0,0,0,0,0,0,0,0,0,0,0,0,0,0,0,0,0,0,0,0,0,0,0
1,0,0,0,0,1,3,1,0,0,0,2,3,1,0,1,1,2,4,0,2,3,3,1
5,1,0,0,0,1,3,4,2,2,3,3,2,4,6,3,4,2,1,0,3,4,3,3
4,3,1,1,0,0,2,1,1,2,2,3,5,5,3,7,5,5,6,2,7,9,11,7
0,0,1,0,0,0,1,0,2,0,1,1,1,2,4,1,1,1,2,0,1,2,1,0
0,1,0,0,0,1,2,0,4,5,2,0,1,2,1,5,1,0,0,0,0,0,0,1
0,1,2,0,0,4,9,7,8,11,3,0,2,4,3,5,2,2,1,1,2,3,1,0
0,1,0,0,0,0,0,0,0,0,0,0,0,0,1,1,0,0,0,0,0,0,0,0
2,0,0,0,1,3,3,3,3,1,0,0,0,2,0,0,0,1,2,1,0,0,0,1
2,1,0,0,1,2,15,9,5,3,1,3,4,2,0,1,0,1,2,2,0,0,0,1
8,4,2,1,0,4,8,4,4,7,3,3,4,9,11,7,10,6,6,16,16,15,14,13
13,16,8,0,3,6,25,16,8,6,12,13,17,13,8,16,19,20,18,24,27,33,29,8
8,9,7,1,3,9,38,63,42,21,14,14,16,22,14,26,23,22,24,16,16,25,19,14
18,7,4,2,5,6,8,12,13,12,7,11,20,13,25,24,25,17,21,19,32,35,27,19
23,9,3,2,3,3,8,25,6,7,7,16,13,9,9,13,10,14,18,22,29,17,20,17
7,6,4,1,0,0,3,3,5,8,5,9,5,14,9,13,17,9,11,14,15,22,11,7
2,5,1,0,1,0,2,1,1,2,5,2,2,2,8,11,7,9,16,15,16,10,12,7
5,4,6,0,0,2,4,8,7,5,7,10,8,7,8,15,9,10,6,12,19,23,11,11
12,9,4,2,3,9,8,2,8,8,11,5,12,4,14,11,14,15,21,20,21,18,18,17
6,4,5,0,1,4,7,6,2,10,12,6,12,15,7,10,19,14,15,24,32,25,18,9
2,0,1,0,0,0,0,2,6,5,1,4,0,3,5,5,4,2,3,2,2,2,3,4
7,2,1,0,0,2,7,17,30,25,20,9,7,8,10,12,6,6,9,4,11,3,2,5
8,10,3,1,2,6,0,10,7,9,12,6,11,13,15,9,15,15,22,27,22,19,11,11
12,11,6,1,3,6,26,73,77,78,49,45,55,74,65,52,28,24,23,30,28,33,19,8
12,2,4,2,1,3,6,6,4,7,7,15,19,9,15,14,9,16,19,24,19,20,12,11
17,10,5,0,1,1,4,7,6,4,9,17,19,14,6,11,23,12,13,18,31,19,18,10
5,1,3,2,1,3,3,3,1,6,13,7,5,10,12,8,8,9,13,16,18,6,12,10
1,2,0,0,1,3,2,1,7,11,5,6,5,3,5,2,1,5,5,4,4,4,1,0
1,1,0,0,0,0,0,1,3,3,1,0,1,1,3,1,2,0,3,1,1,1,1,0
0,0,0,0,0,0,0,0,0,0,0,0,0,0,0,0,0,0,0,0,0,0,0,0
0,0,0,0,0,0,0,0,1,1,0,0,0,0,0,0,0,0,0,0,1,0,0,0
0,0,0,0,0,0,0,0,1,0,0,0,0,0,0,0,0,0,2,1,0,0,0,0
1,2,2,0,0,0,0,1,0,3,1,2,1,1,2,5,1,3,2,4,6,0,1,2
0,2,1,0,0,0,1,1,0,0,1,1,1,1,1,0,4,2,1,3,4,2,5,1
0,0,0,0,0,0,0,0,0,0,0,0,0,0,0,0,0,0,0,0,0,0,0,0
0,0,0,0,0,0,0,2,5,5,1,0,1,0,1,3,0,0,2,1,0,1,1,0
0,0,0,0,0,0,1,2,9,6,6,1,4,3,1,2,0,1,1,1,2,0,0,0
0,0,0,0,0,0,0,0,6,3,0,0,1,0,0,2,0,1,0,0,0,0,0,0
0,0,0,0,0,0,0,0,1,2,0,1,0,0,3,1,1,0,0,0,0,0,0,0
1,0,1,0,0,1,3,0,0,2,0,1,1,1,3,2,0,0,0,0,1,2,0,0
0,0,0,0,0,0,0,0,1,0,0,0,0,0,0,0,1,0,0,0,0,2,0,1
0,0,0,0,0,0,0,0,0,1,0,0,0,0,0,1,0,0,0,1,0,0,0,0
2,0,0,0,0,0,1,0,0,0,0,0,0,1,0,1,0,0,0,0,0,0,0,0
0,0,1,0,0,0,0,0,0,0,0,0,0,0,0,0,1,0,0,0,0,0,0,0
1,2,2,0,0,1,0,2,5,0,0,1,0,0,2,2,2,0,4,4,0,2,1,1
6,4,2,0,0,1,0,4,5,2,5,7,3,6,9,4,3,10,3,8,11,11,3,2
2,0,1,0,1,0,0,0,0,1,1,1,1,1,4,2,1,2,3,4,6,4,0,1
0,1,0,0,0,1,2,0,7,4,0,0,4,2,0,0,1,1,0,2,0,0,1,2
5,3,1,0,0,2,3,2,6,6,1,4,6,3,6,4,7,5,3,3,9,8,5,5
0,0,0,0,0,0,0,0,0,1,0,1,1,0,0,1,0,0,1,0,0,1,1,1
1,0,0,0,0,3,1,1,0,1,1,0,0,0,0,0,1,0,0,0,0,0,1,0
7,5,3,2,1,10,9,16,14,10,10,14,11,7,2,2,4,2,1,6,4,1,4,1
8,8,5,1,4,1,4,1,6,6,10,19,13,8,11,17,25,18,22,15,25,13,11,8
17,14,7,1,2,8,6,7,15,11,6,9,14,13,12,11,15,24,16,33,27,31,23,26
12,4,3,2,4,2,8,11,26,19,20,41,35,36,36,25,39,46,33,39,35,16,19,6
14,8,0,3,1,2,7,13,7,6,8,11,12,12,9,13,18,16,16,16,29,18,17,10
11,5,11,0,1,4,19,27,9,3,4,9,5,15,3,9,10,9,12,17,27,28,21,13
9,4,3,1,0,4,3,3,4,4,11,6,13,4,7,7,17,5,14,13,20,19,9,7
7,7,1,2,2,3,8,7,9,11,4,4,11,13,9,11,15,22,15,16,11,5,16,11
12,4,1,2,0,6,19,28,27,12,12,13,10,7,16,12,13,13,17,18,21,24,6,8
6,5,1,0,1,1,12,19,7,7,5,8,6,5,3,2,5,4,10,9,7,7,4,4
2,4,0,0,0,0,4,6,2,6,12,2,1,2,3,12,4,8,11,12,8,11,11,10
0,1,1,0,0,0,1,9,12,4,2,3,2,0,1,3,2,3,1,2,0,0,1,1
4,0,0,0,0,0,1,5,22,26,16,8,11,8,5,6,5,3,4,3,1,2,1,0
3,0,1,0,1,0,1,2,4,5,3,2,6,0,2,1,6,13,8,2,8,5,5,7
16,6,4,0,0,7,5,14,10,14,8,13,18,16,19,28,20,21,28,42,27,35,21,21
13,11,3,0,2,4,10,18,25,8,10,13,12,16,18,15,18,19,17,22,23,11,23,16
13,8,8,3,5,7,7,12,6,7,11,13,16,10,6,17,18,22,33,22,24,24,19,6
4,1,1,0,3,2,1,0,5,1,5,3,6,9,4,1,3,4,10,6,5,10,6,4
0,0,0,0,0,0,0,3,0,0,2,0,0,1,1,0,0,0,0,0,0,1,0,0
0,0,0,0,0,0,0,0,0,0,0,0,0,0,0,0,0,0,0,0,0,0,0,0
0,1,0,0,0,0,0,0,0,0,0,0,0,1,0,0,0,0,0,1,0,0,0,0
0,0,0,0,0,0,0,0,0,1,0,0,0,0,0,1,0,0,0,2,0,1,0,0
0,2,1,0,0,0,1,0,0,0,0,0,1,2,0,0,1,0,0,1,0,0,1,0
1,0,0,0,0,0,0,0,0,1,1,1,0,2,1,1,0,0,0,2,0,2,2,1
0,0,0,0,0,0,0,0,0,0,1,2,0,2,2,2,0,0,1,0,2,1,0,0
0,0,0,0,0,0,0,0,0,2,1,1,0,0,0,0,1,0,0,0,0,0,1,0
2,0,0,0,0,0,0,1,9,21,9,5,3,14,12,6,1,1,1,3,1,2,0,1
0,0,0,0,0,0,0,2,4,5,3,4,3,6,4,0,1,1,0,0,2,1,1,1
0,0,0,0,0,0,0,3,5,8,4,2,0,4,3,3,2,1,0,1,1,2,3,0
3,1,1,0,0,0,1,3,0,0,4,1,1,4,2,2,2,0,1,3,1,1,1,0
1,1,2,0,0,1,0,1,0,0,2,1,3,1,2,1,0,0,3,2,1,2,3,0
0,0,0,0,0,0,0,0,0,0,0,0,0,0,0,0,0,0,0,0,0,1,0,0
0,0,1,0,0,0,0,0,1,0,0,1,1,0,0,0,1,1,1,1,1,3,1,0
0,0,1,0,0,0,0,0,0,0,0,0,0,0,0,0,0,1,1,0,1,0,0,0
0,0,0,0,0,0,1,0,0,2,0,0,0,0,0,1,0,0,1,0,1,0,0,1
4,0,0,0,0,2,1,0,0,3,0,1,1,0,1,1,3,1,0,0,2,0,1,2
2,4,2,0,0,1,1,4,1,4,4,3,1,6,3,5,6,6,4,8,6,12,9,12
2,2,0,0,1,0,2,0,3,2,3,4,4,6,4,1,1,3,2,7,5,3,4,2
0,0,0,0,0,0,0,0,0,1,0,0,0,0,0,1,0,0,0,0,0,0,0,2
2,3,1,0,0,0,0,0,1,3,2,1,2,1,7,4,4,5,3,11,7,6,4,3
4,2,0,2,1,4,1,2,5,9,2,0,4,4,4,7,3,3,3,13,8,9,13,7
7,7,3,1,2,3,4,6,12,3,3,7,12,8,8,8,11,11,15,10,16,15,17,13
13,5,3,2,3,10,17,24,24,9,8,17,15,9,19,21,14,9,18,12,22,19,13,16
18,12,7,3,3,7,13,15,8,5,15,19,13,8,11,16,18,16,20,17,28,24,13,16
5,0,2,1,2,2,2,5,3,5,6,5,3,8,7,7,17,12,10,19,18,11,9,8
16,4,4,3,4,13,11,5,9,7,6,7,7,8,11,15,20,16,10,32,25,28,24,17
3,1,1,1,0,3,3,7,4,3,1,4,5,5,9,5,6,2,11,3,15,6,7,8
6,3,0,1,4,8,3,1,5,3,6,8,5,6,10,12,9,7,12,26,19,12,8,14
1,0,0,0,0,0,0,0,2,1,1,6,3,2,1,2,1,5,2,2,3,2,2,1
7,5,2,0,0,7,12,25,8,12,10,6,11,6,7,7,13,10,5,10,7,10,9,10
3,3,1,0,0,0,1,2,2,5,2,2,1,0,3,6,1,0,1,3,2,5,5,4
0,0,0,0,0,3,8,25,14,6,2,4,2,1,2,3,4,3,2,1,3,4,0,2
0,0,0,0,0,0,3,4,5,0,1,0,0,0,1,1,5,2,2,3,0,1,1,0
1,0,0,0,0,0,0,1,0,0,2,1,1,0,1,1,0,2,0,0,3,1,1,0
8,7,1,4,0,0,6,7,4,6,12,3,9,8,7,15,11,18,15,12,25,10,17,12
5,3,4,3,2,5,15,12,12,5,7,12,16,7,18,16,13,20,22,20,25,23,17,13
13,9,2,2,3,3,6,24,16,7,18,17,13,14,13,14,22,20,28,23,24,20,27,15
6,5,1,1,0,4,4,6,10,6,2,2,5,6,6,9,2,8,9,10,3,4,7,3
0,0,1,0,0,1,1,4,7,5,2,1,5,2,2,4,2,0,1,2,1,0,3,0
0,0,0,0,0,1,2,5,1,1,0,2,1,1,1,3,3,3,2,5,3,1,4,0
0,0,0,0,0,0,0,0,1,0,0,0,0,0,0,0,0,0,1,0,0,0,0,0
0,0,0,0,0,0,0,1,0,2,0,0,1,1,0,0,1,0,0,0,0,0,0,0
1,1,0,0,0,0,1,0,1,0,0,2,0,2,1,0,0,0,1,0,0,0,0,0
2,1,0,0,0,0,0,0,1,2,2,1,0,0,6,1,3,3,2,2,2,3,1,1
2,1,0,1,0,1,2,1,0,1,1,1,0,2,0,1,2,5,4,8,5,3,6,3
1,1,0,0,0,0,2,1,3,1,0,4,2,2,3,2,3,2,1,1,5,0,0,0
0,0,0,0,0,0,2,6,6,13,7,12,7,19,17,13,7,2,2,1,3,1,2,0
0,0,0,0,0,0,0,0,2,7,2,1,1,0,0,1,1,0,0,0,0,0,0,0
0,0,0,0,0,0,0,0,2,3,3,2,0,1,0,1,0,1,0,0,1,0,0,1
1,0,0,0,0,0,1,0,0,0,1,1,0,1,1,2,0,0,0,1,3,1,2,2
0,0,0,0,0,0,0,0,0,0,1,2,1,1,1,0,0,0,0,1,0,0,1,1
2,0,0,0,0,1,1,1,1,2,0,1,0,2,0,1,0,0,0,0,2,2,2,0
2,1,1,0,1,1,2,1,0,0,2,0,1,0,2,1,0,2,3,2,0,0,3,2
2,0,2,0,0,0,0,1,0,1,4,0,0,0,1,1,4,0,1,1,0,2,0,1
2,1,0,0,1,0,1,0,0,1,0,0,0,0,1,2,0,0,3,0,0,1,0,2
4,0,0,0,0,0,0,1,2,1,0,1,2,0,0,0,0,1,0,2,0,1,0,0
2,1,0,0,0,0,0,0,0,2,1,0,0,0,0,1,1,0,0,3,0,0,0,1
2,2,1,0,0,0,0,5,2,1,1,3,1,2,3,2,5,5,5,5,9,2,6,8
4,6,0,0,1,3,6,4,4,4,5,3,5,4,5,6,9,4,5,5,7,6,4,3
7,6,3,1,2,8,21,34,42,21,16,16,22,15,19,15,23,23,18,24,28,25,21,19
4,4,7,2,4,18,10,21,10,10,7,14,7,6,13,14,11,19,9,17,20,30,16,19
18,14,4,1,9,22,23,14,6,6,13,4,15,10,16,22,12,11,20,26,28,25,17,15
5,3,1,0,6,17,44,18,29,12,12,9,6,3,7,5,5,6,6,10,4,3,5,6
3,0,3,0,1,4,7,4,6,4,6,3,10,3,2,9,7,3,11,6,6,9,7,4
6,5,5,2,3,21,20,9,2,6,4,10,7,6,4,11,10,14,14,15,17,16,16,10
2,2,2,2,2,7,9,5,4,5,7,5,10,8,7,2,7,3,5,4,5,8,8,8
4,2,1,0,0,1,4,3,3,4,1,3,5,1,7,6,5,13,3,6,10,13,9,8
2,0,0,1,0,0,1,1,3,4,1,1,6,1,5,4,8,3,7,7,5,4,6,4
2,2,1,0,0,0,0,0,7,1,1,2,0,4,2,3,6,1,7,7,9,7,9,5
2,1,0,0,0,0,2,9,9,1,1,2,3,2,3,4,2,2,5,1,4,6,1,2
3,3,1,1,0,0,9,5,5,3,3,2,1,3,3,3,5,2,4,3,5,3,0,1
4,3,1,2,1,1,1,4,3,4,2,5,6,5,7,5,10,15,13,10,12,18,17,10
5,2,4,1,0,2,3,4,5,7,6,6,4,2,3,7,5,13,10,12,8,15,7,8
18,17,12,3,3,14,9,13,17,11,9,13,14,12,6,18,29,21,23,29,28,21,28,10
2,2,1,0,0,5,2,2,3,2,4,1,4,1,6,3,4,5,6,6,2,4,2,2
0,0,0,0,0,0,0,0,0,1,1,0,1,0,0,0,0,1,1,1,1,0,1,1
0,0,0,0,0,0,0,0,0,0,0,0,1,0,0,0,0,0,0,1,0,0,0,0
0,0,0,0,0,0,0,1,0,0,0,0,0,0,1,0,0,1,1,1,0,0,1,0
1,2,0,0,0,1,0,0,0,1,0,1,1,0,2,0,3,0,1,2,1,1,1,2
0,1,0,0,0,0,0,0,0,0,1,3,1,1,1,2,0,0,0,2,4,4,1,2
3,1,2,0,0,0,1,1,0,1,0,1,1,1,3,6,0,2,2,5,2,4,2,2
5,3,0,0,0,0,1,1,3,0,1,6,1,2,1,1,3,7,8,3,9,10,8,3
0,0,0,0,0,0,0,0,3,3,2,3,3,2,3,2,0,0,0,0,0,1,0,2
0,0,0,0,0,0,0,0,2,3,4,1,3,4,1,2,1,0,0,0,1,0,0,0
1,0,0,0,0,1,1,0,1,1,0,3,1,1,1,0,0,1,2,2,3,2,1,0
1,0,0,0,0,0,0,0,0,0,0,0,0,0,1,0,0,0,3,0,2,0,1,0
0,0,0,0,0,0,0,0,1,1,0,0,0,0,0,0,0,0,0,0,0,0,0,0
6,0,1,0,3,3,3,3,2,3,3,3,1,7,6,6,0,1,2,7,4,6,7,6
2,0,1,0,0,2,0,0,0,0,0,1,1,0,0,1,2,1,1,1,1,0,1,1
0,1,0,0,0,0,1,0,1,0,0,1,1,0,1,1,1,1,1,1,4,0,0,2
0,2,2,1,0,2,7,7,2,4,0,2,1,0,3,4,3,3,1,3,7,2,1,1
2,0,1,0,0,1,0,1,2,1,0,0,1,2,2,1,1,0,0,3,2,2,4,3
4,3,1,0,0,0,0,0,3,2,3,2,2,2,1,1,4,3,1,3,7,4,5,3
6,2,4,1,5,10,9,25,8,9,12,13,8,7,1,7,9,3,8,13,14,7,12,9
5,3,2,0,4,13,5,5,7,3,4,5,4,1,3,8,3,5,7,7,6,9,10,10
9,5,3,3,3,8,15,9,5,7,3,4,11,14,12,10,11,14,16,16,26,13,15,4
1,1,0,0,0,0,1,2,0,1,2,0,0,0,0,0,2,0,0,1,0,0,0,0
2,0,0,0,0,1,2,1,4,1,1,0,0,1,2,2,1,1,1,1,2,0,1,2
2,2,1,0,0,1,2,1,6,3,2,5,3,8,1,3,3,5,7,6,12,6,7,3
5,4,5,1,7,19,23,10,5,9,12,8,14,8,18,12,15,9,13,21,19,16,15,9
6,6,6,1,6,13,9,8,10,10,3,4,6,4,6,9,7,4,9,11,6,20,8,11
3,2,0,0,1,0,1,1,15,6,11,7,0,3,5,8,3,4,7,5,2,5,1,2
0,1,0,0,0,0,0,2,2,1,1,1,1,1,1,0,0,1,0,0,0,0,0,0
1,1,0,0,0,0,1,0,1,3,5,1,2,5,1,2,0,3,2,1,3,1,1,1
2,0,0,0,0,0,0,0,1,2,1,1,2,2,1,2,5,2,1,4,4,4,5,4
0,2,2,1,0,1,1,5,5,3,0,3,6,2,4,3,2,3,4,5,6,4,5,1
1,0,0,0,0,2,0,1,3,1,3,0,2,0,1,1,1,2,0,0,0,0,0,0
2,0,0,0,1,2,0,0,0,4,0,1,0,0,0,0,0,0,0,0,0,0,1,2
0,0,0,0,0,0,0,0,0,0,0,0,0,0,0,0,0,0,0,0,1,0,0,0
0,0,0,0,0,0,0,0,1,0,0,0,0,0,0,0,0,0,0,0,0,0,0,0
0,0,0,0,0,0,0,0,0,0,0,0,0,0,0,0,0,0,0,0,0,0,0,0
1,0,1,0,0,0,1,0,0,0,0,0,0,0,1,0,1,2,0,0,0,1,0,0
0,3,0,0,3,2,3,1,1,0,3,1,3,3,5,2,2,5,5,3,2,4,3,4
1,0,0,0,0,1,0,1,0,0,2,2,4,1,2,1,3,1,0,2,1,2,4,4
5,0,2,0,1,0,0,2,2,3,4,10,1,5,4,6,7,10,4,12,6,17,7,3
2,0,0,0,0,1,1,0,1,3,5,3,4,5,1,3,2,0,2,0,5,1,3,2
0,0,0,0,0,0,0,1,4,8,3,3,2,0,3,3,2,0,0,0,0,0,1,0
0,0,0,0,0,0,0,0,3,1,3,0,1,1,0,0,2,0,0,0,0,0,0,0
0,1,1,0,0,0,0,0,0,1,1,0,1,0,0,1,1,0,0,0,0,1,1,1
0,1,0,0,0,0,0,0,0,0,0,0,1,0,0,1,0,0,0,0,0,1,0,0
1,0,0,0,2,2,1,3,0,0,0,0,2,0,0,2,0,1,2,0,2,0,2,4
1,1,3,0,0,1,2,3,1,1,0,1,0,2,1,1,0,3,0,2,2,1,1,2
13,6,3,1,11,29,26,16,9,2,4,7,4,4,3,11,12,12,8,13,10,13,11,12
2,5,2,1,4,8,16,14,11,19,6,5,4,8,5,6,4,1,4,2,4,11,2,4
0,0,1,0,0,0,1,1,1,0,1,1,2,1,0,0,0,2,1,2,1,1,0,1
0,1,0,0,0,0,0,1,2,3,1,1,1,0,0,1,0,0,1,1,1,0,0,0
0,1,0,0,0,0,0,0,2,3,2,0,1,0,0,1,2,1,1,2,2,1,1,0
0,1,0,0,0,2,3,1,3,0,1,1,1,0,2,2,1,0,0,0,0,0,3,0
0,0,1,0,0,0,0,0,4,0,0,1,0,2,1,0,0,0,1,0,0,0,0,0
0,0,0,0,0,0,0,0,0,0,0,0,0,0,0,0,0,0,0,0,0,0,0,0
5,3,3,0,4,8,8,13,4,2,3,3,0,3,5,4,6,5,5,7,3,6,5,6
2,2,3,0,0,8,4,4,4,3,5,1,3,4,3,4,4,2,5,5,2,4,1,2
10,1,0,1,2,4,7,5,3,5,1,3,3,2,6,7,2,4,6,4,7,10,9,8
0,3,0,0,0,0,2,1,1,2,0,2,1,1,1,0,0,2,1,3,0,1,3,0
0,1,0,0,0,1,3,2,4,4,0,1,9,5,2,3,1,2,0,2,0,0,0,0
0,0,0,0,0,0,0,0,0,0,0,0,0,0,0,0,1,0,0,0,0,0,0,0
0,0,0,0,0,0,1,1,0,0,0,0,0,0,0,0,0,0,0,0,0,0,0,0
0,0,0,0,0,0,0,0,0,0,0,0,1,1,0,0,0,0,0,0,1,0,0,0
0,0,0,0,0,0,0,2,2,0,0,2,0,3,0,0,0,0,0,0,0,0,0,0
0,0,0,0,0,1,0,0,0,0,0,0,0,0,0,0,0,0,0,0,0,0,0,0
0,0,0,0,0,0,0,0,0,0,0,0,0,0,0,0,0,0,0,0,0,0,0,0
0,1,0,0,0,0,0,1,0,0,0,0,1,0,0,0,0,0,1,1,1,0,1,0
0,0,0,0,0,0,0,0,0,1,0,3,2,0,0,1,1,3,0,2,1,2,0,1
2,0,0,0,0,2,0,0,1,0,3,1,3,4,0,3,1,1,5,5,3,7,3,3
3,1,0,0,0,0,2,7,1,9,5,10,4,7,8,10,4,4,4,1,3,3,2,3
0,2,1,0,0,1,0,1,2,4,5,2,1,5,8,5,1,1,2,2,3,4,3,4
1,1,0,0,0,0,0,0,2,2,4,3,4,6,4,8,3,2,2,5,1,1,0,0
0,0,0,0,0,0,0,0,0,2,1,0,0,0,0,1,0,0,0,0,0,0,0,0
0,0,0,0,0,0,0,1,0,0,0,1,0,0,0,0,0,0,0,0,0,0,0,0
1,0,2,0,0,1,8,4,6,5,0,1,2,2,1,1,2,1,0,1,1,1,0,1
2,1,0,0,0,2,4,11,10,3,2,2,3,0,4,4,3,1,1,1,2,2,1,4
0,0,0,0,0,1,0,0,1,0,0,0,0,0,0,0,1,0,0,1,0,0,1,1
0,1,1,0,1,0,4,0,1,1,2,0,0,0,4,2,0,1,0,1,0,1,0,1
0,0,0,0,0,0,0,0,2,0,2,0,0,2,1,2,0,0,0,0,0,0,0,2
0,0,0,0,0,0,1,0,0,0,1,0,1,0,0,0,0,0,0,0,0,0,0,0
0,0,0,0,0,0,0,0,0,0,0,0,0,0,0,0,0,0,0,0,0,0,0,0
0,0,0,0,0,0,0,0,0,0,0,0,0,0,0,0,0,0,0,0,0,0,0,0
0,0,0,0,0,0,0,0,0,0,0,0,0,0,0,0,0,0,0,0,0,0,0,0
0,0,0,0,0,0,0,0,0,0,0,0,0,0,0,0,0,0,0,0,0,1,1,0
2,0,0,0,1,1,1,5,1,2,2,5,0,2,3,3,3,2,2,1,7,3,1,4
0,0,0,0,0,0,0,0,1,0,0,0,0,0,0,0,1,0,1,0,0,0,0,0
0,0,0,0,0,0,0,0,0,0,0,0,0,0,0,0,0,0,0,0,0,0,0,0
0,0,0,0,0,0,0,0,0,0,0,0,0,0,0,0,0,0,0,0,0,0,0,0
0,0,0,0,0,0,0,0,0,0,0,0,0,0,0,0,0,0,0,0,0,0,0,0
1,0,0,0,0,0,0,0,0,0,0,0,0,0,0,0,0,0,0,0,0,0,0,0
0,0,0,0,0,0,1,2,2,1,0,1,0,1,0,0,0,0,0,0,0,0,0,0
0,0,0,0,0,0,0,0,0,0,0,0,0,0,0,0,0,0,0,0,0,1,0,0
0,0,0,0,0,0,0,1,0,0,0,0,0,1,0,0,0,0,0,0,0,0,1,0
0,0,0,0,0,0,0,0,0,0,0,0,2,0,1,0,0,0,2,0,0,0,0,1
1,0,0,0,0,1,0,2,1,1,1,0,0,0,1,2,0,2,3,1,4,5,3,1
1,0,0,0,0,2,1,3,1,3,4,2,3,0,2,4,1,0,3,5,3,3,0,0
1,2,0,0,1,0,2,2,0,1,0,0,2,1,2,1,2,2,5,2,4,2,5,2
1,1,1,0,0,0,0,1,3,4,6,2,1,6,10,8,2,1,3,4,1,2,1,3
0,0,0,0,0,0,0,1,1,0,1,0,1,2,2,0,0,1,2,2,1,0,0,0
2,1,3,0,1,0,1,2,1,2,0,3,2,2,2,2,1,3,3,3,6,3,8,6
1,0,0,2,0,3,5,4,2,2,1,1,1,0,3,3,2,1,0,3,0,0,0,3
0,0,0,0,0,0,2,1,1,0,0,0,0,1,2,0,1,0,0,1,0,0,0,0
0,0,0,0,0,0,0,0,0,0,0,0,0,0,0,0,0,0,0,0,0,0,0,0
0,0,0,0,0,0,0,0,2,0,0,0,1,0,0,0,0,0,0,1,0,0,0,0
0,0,0,0,0,0,0,0,0,0,0,1,0,0,0,0,0,0,0,0,0,0,0,0
0,0,0,0,0,0,0,1,2,1,1,0,0,0,0,0,0,0,0,0,0,0,0,0
0,2,0,0,0,0,0,2,2,1,2,0,0,1,0,0,0,0,0,0,0,1,0,1
0,0,0,0,0,0,0,0,0,0,0,0,0,0,0,0,0,0,0,0,0,1,0,0
0,0,0,0,0,0,0,0,0,0,0,0,0,0,0,0,0,0,0,1,0,0,0,0
0,0,0,0,0,0,0,0,0,0,0,0,0,0,0,0,0,0,0,0,0,0,0,0
0,0,0,0,0,0,0,0,0,0,0,0,0,0,0,0,0,0,0,0,0,0,0,0
0,0,0,0,0,0,0,1,0,0,0,0,0,1,0,0,2,0,1,0,1,0,1,0
0,0,0,0,0,0,0,0,0,0,0,0,2,0,2,0,0,0,0,0,0,0,0,0
0,0,0,0,0,0,0,1,1,0,0,2,0,0,0,0,1,0,0,0,0,0,0,0
0,0,0,0,0,0,0,0,0,0,0,0,0,0,0,1,0,0,1,0,0,0,0,0
0,0,0,0,0,0,0,0,0,0,0,0,0,0,0,0,0,0,0,0,0,0,0,0
0,0,0,0,0,0,0,0,0,0,0,0,0,0,0,0,0,1,0,0,0,0,0,0
0,0,0,0,0,1,0,0,1,0,0,0,0,0,0,0,0,0,0,0,0,0,0,0
0,0,1,0,0,0,0,0,0,0,0,0,0,0,0,0,0,0,0,0,0,0,0,0
0,0,1,0,0,0,0,1,1,1,0,0,0,2,0,2,0,1,2,0,0,0,0,1
4,1,0,2,2,0,0,0,2,5,3,0,0,1,1,1,1,1,1,7,2,7,7,6
10,5,0,1,0,0,3,8,8,10,4,3,4,3,4,4,7,6,3,1,5,4,3,6
0,0,0,0,0,0,1,0,1,1,0,0,1,1,0,0,1,1,0,0,0,0,0,0
0,0,0,0,0,0,0,0,0,0,0,1,0,0,0,0,0,0,0,0,0,1,0,0
0,0,0,0,0,0,0,0,0,0,0,0,0,0,1,0,0,0,0,0,0,0,0,0
0,0,0,0,0,0,1,0,0,0,0,0,0,0,0,0,0,0,0,0,0,0,0,0
0,0,0,0,0,0,0,0,0,0,0,0,0,0,0,0,0,0,0,0,0,0,0,0
0,0,0,0,0,0,0,0,0,0,0,0,1,0,0,0,0,0,0,0,0,1,0,0
0,1,0,0,0,0,0,0,0,1,0,0,2,1,0,0,1,0,0,3,1,2,0,1
0,1,0,0,0,0,0,0,0,1,1,0,1,0,0,1,2,1,1,0,0,0,2,0
0,0,0,0,0,0,0,0,0,0,0,0,0,0,0,0,0,0,0,0,1,0,0,0
0,0,0,0,0,0,0,0,0,0,0,0,0,0,0,0,0,0,0,0,0,0,0,0
0,0,0,0,0,0,0,0,0,1,1,1,0,1,0,0,0,1,0,0,0,0,0,0
2,1,3,0,0,4,11,6,7,9,11,5,4,10,12,5,7,4,5,3,5,3,3,2
0,0,0,0,0,0,0,0,0,0,0,0,0,0,0,0,0,0,0,0,0,0,0,0
0,0,0,0,0,0,0,0,0,0,0,0,0,0,0,1,0,0,0,0,0,0,0,0
0,0,0,0,0,0,0,0,2,0,0,0,0,0,1,0,1,0,0,0,0,0,0,0
0,0,0,0,0,0,0,1,0,0,1,0,1,0,0,0,0,0,0,0,0,0,1,0
0,0,0,0,0,0,0,0,0,0,0,0,0,0,0,0,0,0,0,0,0,0,0,0
0,0,0,0,0,0,0,0,0,0,0,0,0,0,0,0,0,0,0,1,0,0,0,0
0,0,0,0,0,0,0,0,0,0,0,0,0,0,0,0,0,0,0,0,0,0,0,0
