14.511391,22.731040,48.796553,21.992282,-7.610199,75.703381,101.173047,90.905222,13.554331,60.584920
27.679454,-16.908830,7.287108,-12.548576,34.180400,13.956868,78.381522,94.937070,20.009145,-4.496671
29.443837,14.443012,-5.950091,-27.373609,-25.782331,25.014131,121.966644,73.953357,5.075900,51.714298
18.436902,52.346427,6.814248,-38.466825,60.135720,56.729231,98.727181,91.213579,24.724012,46.138916
14.057023,-31.511943,48.819152,46.366075,-13.528451,31.158274,60.381755,86.728460,66.858784,49.777230
43.495355,-25.477305,40.613940,46.829113,41.407802,21.077883,47.232619,92.622099,61.191245,40.122825
-30.783926,10.820286,38.108457,24.914528,-21.520246,104.228830,98.465099,104.095519,20.205448,53.034725
10.693227,-14.123360,-24.763342,56.847155,-17.110301,77.941626,124.828369,82.660820,52.075494,4.651744
-46.822082,8.213195,30.711367,39.214808,-9.785705,60.395711,45.024568,92.600259,7.745580,33.433378
43.111715,38.868262,-7.981250,-34.163227,-4.281311,78.054606,81.274107,75.890264,13.771426,-17.890552
42.929039,33.196066,-4.039191,20.924596,1.364676,56.374018,102.783597,16.679093,60.127626,29.502826
37.036414,-18.101003,1.415878,6.740742,-22.372381,93.121056,105.555215,24.189035,44.264104,8.574860
-21.190830,24.364802,-39.352975,31.693836,13.506937,23.392149,64.025635,32.480750,20.763408,0.981264
38.439957,30.423928,27.774426,-25.205882,7.303603,54.358050,97.192599,53.368534,54.593495,11.706669
-38.283594,43.733722,-0.012628,-19.068268,-17.802290,17.498857,103.331574,49.847679,79.839162,24.275484
10.580700,-35.140183,4.298286,49.487952,4.318712,59.451711,119.024182,98.686801,9.469773,-8.826214
6.390226,-2.783111,27.933073,-22.053634,33.541808,59.379354,71.905507,32.938775,77.289905,37.996808
4.980764,-15.546825,-20.664862,32.838293,21.814582,33.176475,97.377718,50.652154,61.356874,47.529904
-28.301224,8.917475,-4.262670,-3.213419,-9.463241,51.914897,68.023535,49.510234,56.372605,19.342689
23.546779,26.951049,1.974398,10.284144,26.814336,30.344002,90.930650,67.827778,19.640601,37.577416
19.285428,-1.551369,-19.536425,15.094661,23.304277,76.441691,102.467919,85.103263,36.529072,48.260115
-25.102050,-8.579340,6.506398,35.937606,17.777869,35.217149,76.730913,63.648594,62.437114,44.844534
-22.936994,23.723641,-10.940093,17.204434,44.102801,37.160063,86.172298,51.324971,43.583561,31.477568
-18.801998,4.319851,-20.951475,2.214880,49.718783,41.181490,81.245233,84.473131,21.069022,36.429331
-19.129811,-8.206034,3.566680,16.649678,25.448045,85.569481,79.630674,34.683756,38.907974,44.981197
1.032304,16.258004,-19.020246,29.448218,46.269779,48.682157,79.425364,75.718689,46.961362,29.864754
4.917389,-32.060180,-6.265271,-17.188215,62.444945,27.734911,50.730570,48.009838,20.504757,1.383729
-0.163837,-6.599679,36.563435,12.708637,61.759963,34.542634,127.172232,43.785642,34.171230,9.907796
1.807927,1.312141,1.607857,-32.073001,16.489944,21.882862,66.276432,48.989983,30.396749,58.428342
-48.713534,14.112313,29.134260,-1.938458,51.690898,13.949055,130.247731,68.639729,69.766343,32.570348
-26.879767,-35.942317,30.077134,-12.443796,-9.639048,84.207929,82.315939,32.771038,93.508370,-9.730829
-21.768120,-21.605908,-25.930160,56.947160,-10.507068,8.041110,61.308340,61.253240,23.506444,-5.676879
8.888734,43.825479,10.484413,50.916790,68.237009,65.248429,85.556012,22.248286,70.237450,42.510036
-15.407201,18.268616,0.594550,-26.574276,30.634163,96.667022,118.522316,57.704920,31.216278,21.750484
42.009670,8.830488,-26.398700,-27.635074,-11.671671,31.047332,69.005570,22.388103,63.735082,-19.151338
-12.198318,-0.391960,5.372973,-22.924532,-19.164047,65.611524,129.293724,59.137821,75.029204,29.772089
16.073974,-1.063683,4.732033,34.558759,49.075207,29.776840,114.038793,94.392489,13.655250,-1.910592
41.184931,33.182527,-7.583512,-16.143088,26.281505,49.826258,105.784168,54.754831,60.461151,-0.891104
18.889241,-31.379858,-33.339059,46.330098,-17.627659,90.573785,103.054903,31.598509,57.000240,60.147314
-41.236540,22.824416,-20.179225,16.335278,11.536373,35.202139,117.214360,58.360107,11.842635,7.432738
44.036979,-24.227502,32.084637,21.527890,16.858616,58.332380,97.820280,43.405174,50.549803,39.252339
-40.608959,-7.986315,16.478908,16.367377,-19.078562,78.806916,64.524965,92.778213,63.469953,45.876101
-19.599997,-33.011524,28.955090,41.696433,17.954650,31.562888,98.810936,88.444699,23.058517,-2.627833
-15.770684,31.351897,40.165770,8.471480,-5.615390,76.901515,95.028346,97.177522,30.718597,-16.512855
-22.211845,-25.508478,42.499139,-2.201324,7.674658,76.075196,90.938028,73.106523,36.583567,17.483638
-5.254948,13.094517,-10.075004,-7.545056,-4.620486,62.364907,73.047186,38.974688,76.392571,9.618121
22.611688,12.130649,33.786098,14.526905,9.931173,63.963452,94.336548,43.192812,34.827898,26.289320
-11.698111,26.265924,31.513910,7.194696,10.778215,60.247222,106.244157,49.917248,43.380945,3.577731
-20.125716,-1.579837,-8.689904,20.152955,7.498104,40.328730,84.423623,58.873754,51.382385,16.726231
-14.491598,-2.086271,6.825110,14.661776,23.610051,56.324067,76.150076,58.303901,58.119195,6.739261
7.824270,13.655701,0.306203,5.858613,7.073575,51.781814,70.776582,77.209255,36.470547,41.003512
2.762075,13.551349,13.166930,13.417505,16.091021,61.897057,84.163684,42.009372,66.812394,29.350949
9.009999,2.132385,14.327371,21.959413,32.275855,44.868133,75.671099,75.189568,66.185894,3.245036
-3.795538,33.281298,31.093324,28.911860,3.381037,60.001992,71.459433,64.890665,45.032165,9.059871
-6.381997,37.447969,-23.295741,44.820970,34.423290,64.086590,88.392060,25.196821,56.505549,40.800973
38.493993,-32.705309,23.310228,15.200736,23.600375,77.625733,50.250262,30.094370,87.449928,-9.920747
20.707111,39.142072,13.132100,28.316778,31.832277,44.782250,74.080008,40.658903,32.475884,39.342444
33.637244,-21.372812,-7.146712,32.163587,38.972966,68.522839,59.755554,93.349386,71.122743,22.034791
-35.880010,-11.579265,53.268103,-18.298303,-25.710941,16.539337,57.436754,22.903101,17.442383,50.991819
-21.104001,17.320954,6.699967,24.186970,68.606430,54.825795,54.099714,81.492354,43.170050,22.218035
22.013230,3.032721,37.474903,23.171347,51.710579,37.275075,57.777636,47.734709,26.525051,55.341105
12.775054,39.648592,26.462507,32.240629,36.477024,42.940661,78.901959,22.196378,17.117828,46.835314
-29.238424,25.925421,8.582226,30.172950,0.300371,48.584979,92.929817,75.865909,84.295993,36.049720
-6.370209,27.694272,-25.336377,20.647462,8.554086,73.092913,87.090736,91.716089,74.483728,32.141765
-20.557405,25.324299,-13.815673,-5.463998,28.821580,80.058200,119.524018,63.455027,67.362255,38.352638
26.219475,1.817060,37.775062,-16.376457,48.720789,43.452024,104.314347,64.572944,31.088140,-5.373658
15.096718,46.905893,16.098064,13.695196,25.628934,37.273755,91.437987,80.747365,35.432803,27.014100
24.458499,-22.195804,31.498514,-9.725865,32.343459,20.714768,91.195529,101.180941,13.170939,-18.750818
-4.525274,24.639866,-23.661856,4.209987,41.472785,37.908927,81.694257,60.992548,52.948825,35.320052
13.353573,-13.941744,35.389504,-15.361823,24.770592,97.974738,100.576138,70.688754,74.039942,42.515153
-10.920148,9.124319,38.315605,-26.473433,-13.129090,75.437364,69.682619,53.725946,17.924738,37.928674
-13.809551,-15.881194,29.939620,2.283473,29.451584,57.561362,60.337992,74.794307,61.441993,9.918328
-18.565225,23.676638,-24.513273,-20.445304,9.099142,62.783216,82.535359,66.501986,36.804066,10.162097
-3.153820,2.229868,23.310662,-0.188892,45.248646,69.853328,72.624511,45.755669,24.684461,36.532936
-13.860696,22.665818,-6.395078,32.102807,25.546134,71.873497,75.816715,41.622724,35.436605,37.094759
16.092188,3.997611,-8.157938,14.209538,7.864991,50.253747,84.347471,67.413760,47.932824,7.496813
-8.249885,-9.415791,5.772074,-2.157504,22.564661,46.838642,102.122703,52.610339,55.717789,34.694871
7.780527,-8.983571,-0.643929,-1.609955,19.982547,53.859568,89.357979,61.471059,42.998463,13.483352
6.859131,15.586233,3.183996,24.555866,11.366167,52.818291,100.071154,60.122340,53.805859,31.148663
0.390502,-11.211857,-7.148980,11.679362,33.060822,62.632161,90.123772,59.848616,52.764176,11.942078
-17.107368,-15.183464,27.639155,3.542599,41.953547,50.987118,107.592440,56.793602,57.305553,27.590170
-19.566900,-2.657425,3.325450,16.905160,16.677861,56.821862,106.383456,82.862481,31.010037,8.929628
-21.125826,28.508569,11.178826,-15.485334,31.705983,56.091634,97.625345,88.949008,30.960326,8.430756
24.390622,29.600672,-11.688827,28.214087,53.621929,50.504531,66.740074,75.058640,36.471905,-9.243704
2.443383,20.774060,-27.126325,8.909709,-14.357074,33.120528,107.586668,44.704589,34.898663,33.273494
-1.460021,-7.157948,-19.548838,-5.967894,16.290370,72.528963,117.772517,83.414240,98.250912,61.490727
-1.418826,-30.852278,36.663278,3.812054,60.651881,14.374715,130.298477,45.807620,76.996633,55.521627
-23.174721,-29.986067,35.482345,2.531573,1.778231,67.113974,123.639367,98.319749,21.777979,21.188796
9.598005,-35.600017,-21.978934,42.620117,59.874688,73.375633,87.939005,85.388017,14.617808,9.982305
-20.267957,-21.810711,-21.208558,7.622022,48.673362,58.870593,65.354417,30.655733,60.786098,-3.556845
0.869600,22.671143,28.318926,18.781159,46.155534,47.913803,100.037053,40.209595,54.304930,18.494102
8.683983,11.419120,3.485048,17.444327,14.307659,54.985505,73.913588,45.346943,37.930574,20.664325
8.545142,7.194660,19.094215,10.011835,0.072104,36.214370,89.267954,76.321752,32.963161,14.355685
-18.749720,-5.506981,-4.891989,-10.258710,1.286418,38.852368,112.716256,49.636227,43.358752,-3.442713
22.970473,-1.075952,-1.250561,1.315675,5.303322,39.818659,127.530201,73.765863,49.784227,7.903245
-29.951538,-11.507009,21.365591,37.596980,21.855076,14.173282,99.483321,92.431894,67.821641,29.536415
-25.339548,-18.987332,37.574867,0.996452,-18.791763,52.649928,88.645939,94.767553,42.122905,22.395617
-14.175900,36.794689,-7.591963,42.218039,28.948635,93.162488,55.986435,36.345914,62.797883,42.120729
29.609783,-32.893963,-7.398902,47.583951,59.664315,87.856870,83.200182,37.542058,61.920588,40.176979
-31.202035,25.302427,20.614969,44.145922,38.614294,70.149574,79.341560,31.320081,22.715644,-10.731924
3.960198,21.475039,35.805818,18.814046,43.332007,60.347284,116.138714,79.922647,24.889649,43.144056
-16.632044,19.962832,-9.071599,3.065716,15.289977,65.426184,87.430266,61.070328,52.724953,10.663426
16.483167,20.207122,8.496788,3.147404,21.465333,40.502227,93.516273,46.937596,35.067091,20.995235
-7.141489,1.715506,4.879256,14.680573,34.390378,62.391239,88.334849,56.846855,44.865721,22.224108
4.618445,-2.113437,9.443406,4.538914,17.916467,61.972592,90.544665,68.566543,43.203962,22.326296
-2.941107,3.981586,2.539516,5.757866,16.529306,56.696693,90.142524,57.684366,50.769605,20.664520
2.981949,-3.260904,10.556603,14.754699,28.638900,50.694857,92.024278,54.609887,49.429619,27.835120
-2.794791,12.796919,1.128046,1.478718,17.340568,49.338335,79.868784,69.759556,57.042760,20.346477
8.421717,4.016783,-8.433883,-1.678539,19.035106,63.240082,104.343267,45.926322,37.174880,10.603434
-19.328697,-13.176588,27.000671,33.983798,22.098004,55.936830,99.903160,64.411437,42.686895,12.037476
20.666458,21.491118,-20.472251,37.757840,31.910588,53.041981,68.342969,71.036723,67.403445,17.866343
32.459393,22.027761,28.961318,25.460319,28.093722,41.385560,58.252848,60.790044,52.253339,-11.142383
30.810485,28.343271,-15.391290,18.955858,60.920601,40.378948,130.514575,62.525739,24.234677,14.885570
27.354091,19.718071,9.046439,-23.729814,-11.542848,15.841964,130.811982,105.405133,80.671437,-9.402705
-46.612069,-1.307583,1.711843,-15.335836,-8.659016,43.053085,107.130828,38.084920,19.718016,48.983512
37.805666,3.212913,5.979690,-13.817737,66.913450,78.207403,124.634983,22.484310,5.715459,34.839206
-8.946985,-11.908427,-12.349690,23.480730,11.941948,91.747034,109.162444,30.802979,23.699362,-2.094574
-11.144041,12.482819,20.808962,6.914346,4.895722,75.416912,93.783983,42.112157,49.002809,-0.549658
-2.826947,5.055783,3.503885,6.444738,18.053307,61.441335,81.379383,61.879141,43.959619,28.310059
2.140920,-3.189252,7.958908,16.806230,20.050935,57.058642,90.411863,56.988464,45.392894,25.501621
-1.227563,-6.441715,5.295661,14.810636,12.945011,55.894745,91.483730,52.874684,40.464205,21.189745
-21.475136,20.221263,-0.663505,-2.308982,-0.058988,75.248574,74.050706,66.608920,32.397676,38.309557
19.437375,-12.236004,-17.714003,0.046932,16.845977,66.317726,109.502450,28.233335,80.605271,25.163314
34.931435,-23.570785,12.839331,22.337817,46.354138,95.910704,116.514270,33.221092,90.320593,10.617801
-28.629474,-30.541716,-17.900886,23.968609,59.266931,18.026110,117.807596,85.273393,82.080154,-1.018349
4.984541,13.227184,10.400294,29.640624,-19.546671,16.348756,82.990664,65.081037,44.044600,-16.067800
13.682699,27.645234,45.168328,-25.770772,57.697084,36.116949,88.271022,84.220213,56.511083,-15.725518
-8.663679,-18.024464,-1.260661,-4.960457,-5.819745,29.237229,102.985425,29.998799,43.237714,8.706170
1.094305,-23.753089,3.307826,14.018284,36.981834,83.605733,105.269497,40.436929,67.948024,4.464704
-18.691588,-8.440625,-0.178966,29.163111,10.175887,51.173905,99.226841,78.324793,47.846949,30.556629
-2.989013,-3.857502,3.159459,16.096745,30.210374,55.737243,85.231718,49.182588,54.774905,21.187073
2.217252,0.657912,6.941580,18.212998,23.706149,59.087915,86.104573,61.172073,50.257719,13.986607
4.137924,4.715169,6.057064,7.840064,21.847439,59.815052,93.527537,60.559273,49.714867,19.869503
0.994338,2.470057,7.030530,9.095967,23.089644,55.507616,89.464957,60.176275,46.536100,21.485174
3.930938,4.351134,4.982961,7.631764,21.495743,54.358564,86.850541,61.713936,48.483129,20.981110
1.184014,7.088344,15.422408,16.006111,20.030673,61.688383,91.677127,57.853236,50.646587,19.537321
-2.560359,-0.928032,8.094817,0.741584,29.962175,66.830801,97.555686,65.391846,42.727932,20.002686
17.533790,-0.847335,-4.857011,30.090044,37.410685,64.288959,94.853962,53.622545,42.959812,30.124641
-22.885036,27.060692,-16.994564,21.693262,24.127944,56.072749,63.795450,69.566153,41.438814,32.781784
-6.638215,19.854027,0.481799,40.667982,-3.755876,88.496941,117.497871,42.822046,64.576761,43.617365
5.727419,35.611584,-23.873677,-27.985019,3.434642,78.963632,59.340590,70.933015,28.325847,50.943684
-35.335646,47.276838,-3.341278,-24.076507,9.903996,71.495556,63.137085,89.417150,11.536198,60.657894
-5.970642,-17.755812,-21.520332,-1.245975,44.826420,61.236251,54.642993,104.788893,23.105661,39.406952
33.156352,22.311992,-3.681477,-13.836197,28.583349,45.181499,130.152060,51.270788,79.689692,-9.109888
-4.920796,0.990081,-9.712535,35.845430,20.373926,52.986105,98.491680,60.030345,65.688791,-4.003767
17.426416,-5.299265,9.035117,24.596504,15.825059,66.213242,87.408775,62.409500,52.062622,1.980889
4.563716,3.892361,5.663877,8.347895,24.078253,60.243360,89.716706,66.274969,47.204818,19.711140
0.285742,2.823769,7.616914,11.611378,22.235221,56.102687,89.591296,61.886880,48.878808,20.296697
4.045594,1.342102,7.184133,6.634469,27.739915,59.322721,92.651477,67.167526,49.442151,23.282690
3.473192,22.747742,11.272965,1.839638,31.424883,42.561047,89.131181,76.799665,33.762762,14.759985
-7.113971,-13.989652,24.346472,35.658649,-4.622700,27.745356,116.266340,48.765205,45.057080,0.671665
-8.830120,-5.680945,44.024716,13.784303,44.543149,36.070096,125.780100,88.237188,42.869219,-15.293971
-14.081074,-25.977793,31.380111,44.459689,33.573531,46.705730,80.188363,58.358056,91.494143,33.497484
19.213940,38.751305,30.578472,41.911547,48.449473,28.749442,120.723595,66.920140,8.205048,61.064900
-18.215016,-20.111664,35.680381,7.163472,18.106584,53.750100,115.208609,64.061536,85.546017,-12.563089
-13.475377,23.773860,15.725436,-10.290308,40.703057,85.537401,78.300906,55.509093,32.706379,47.981437
-11.842056,-23.342321,-9.537992,16.282864,32.217693,55.655675,72.747215,42.730357,31.941588,-1.837801
-11.536701,1.911040,3.776397,17.696034,8.531601,69.432428,72.057983,61.030416,40.325285,40.032029
7.371899,-2.566729,5.965103,11.564738,18.535063,67.619870,94.573296,54.523906,55.403651,33.678355
4.622967,-3.202710,2.863265,16.511265,19.693571,54.405524,89.264467,59.374165,53.626615,19.693746
-0.543873,0.682698,9.094192,12.276157,23.770082,58.095894,88.141231,60.788373,48.048987,23.483504
1.938990,3.586577,8.569102,11.005243,23.401974,56.569049,89.588934,60.142618,48.665564,20.746100
3.191215,3.799264,8.697320,11.593101,22.368132,54.780104,91.879635,59.831029,50.011119,21.982343
-1.920453,-1.878706,12.277801,8.264594,22.679287,54.655434,93.032635,62.418692,49.951667,20.215000
-4.265108,2.553119,12.094073,6.401537,21.272063,63.807914,92.471959,63.935431,40.930287,29.753873
11.304738,8.091661,-11.354534,-1.466765,4.085280,60.497891,90.160672,77.803546,68.650370,24.946181
-25.511194,-2.241309,-10.977234,-1.371746,30.571958,38.816079,65.059966,75.083169,50.189664,38.869905
25.161841,9.533728,9.389661,19.627123,24.335477,52.457825,120.746124,28.678984,31.559050,45.122632
-20.576016,31.354821,-37.593212,-37.286642,16.747409,86.879476,88.039287,74.611166,87.078466,-6.384312
-42.440480,-35.263087,-33.229078,18.766069,49.507504,79.194180,55.981826,48.347370,5.632493,52.296747
-28.835182,-16.689982,-39.450013,-25.106617,9.390827,95.735272,56.350562,62.354683,19.942571,12.287445
19.508863,-2.783429,-7.453122,45.923908,42.318386,18.312986,70.742050,37.682334,34.539176,36.654288
1.423458,-10.769277,-24.062669,30.670380,47.280044,36.333245,86.620530,30.412063,22.974747,-11.761613
13.715807,11.714518,-0.238272,21.624291,6.503581,60.946117,80.728115,37.596908,60.813508,32.021825
7.998838,-0.546323,11.016290,15.037254,19.431877,67.938463,94.057333,50.916008,50.553311,10.017299
-5.326548,7.198182,8.857054,13.417791,19.656749,61.632127,83.284496,59.605068,45.063202,20.964461
-6.953303,6.654794,4.251486,3.265672,26.762771,59.691917,84.250579,69.590945,38.530290,32.653304
23.437948,19.769128,31.192809,30.141029,17.182373,79.368260,101.210009,57.214515,33.891704,39.615860
-8.130030,-21.311125,-3.460720,44.699990,22.190379,78.929691,124.169249,40.321131,49.078378,-11.629359
14.129007,39.373375,-7.353391,-15.139007,24.410788,90.575399,70.291929,81.697194,63.704525,42.675742
-32.617738,10.793761,-16.278188,-10.010461,33.351232,54.989758,79.765937,91.789809,70.519850,21.620386
29.460263,36.478413,4.583011,16.843853,-2.714145,94.868246,131.473490,62.248218,47.145760,32.255071
-27.650392,40.359901,-16.427076,33.897404,49.115228,93.412767,53.480155,43.725224,46.267307,57.245722
8.065060,-1.459477,35.618742,11.282602,-3.313516,23.433394,109.014008,46.816392,43.577749,13.327553
-6.188703,3.592887,31.837652,20.360298,26.126660,78.316314,73.045327,66.099076,64.780459,44.243528
0.872063,11.676078,5.631606,9.901817,21.454945,74.050572,103.469257,69.987704,70.136081,18.036616
11.682213,-0.378889,-3.939194,5.910746,14.043371,58.256881,92.360972,48.660078,44.452813,8.006427
2.656410,0.747431,1.944415,12.344635,16.930654,59.540619,92.186198,67.091629,47.644352,28.062890
0.285763,-0.033956,11.733541,9.448806,21.518991,53.327434,90.682781,62.545327,50.426268,22.380669
0.627222,4.701510,6.963362,10.800806,22.107900,58.902938,90.223524,63.040317,47.585680,22.323906
3.032069,3.921104,7.665508,14.837315,19.577045,59.473536,90.935255,59.657642,45.260678,22.450316
-2.523358,-2.531153,5.504608,5.236684,22.814549,54.894772,93.336025,53.925085,42.339646,14.155251
-4.722423,-8.235110,17.263228,-2.440015,26.480169,66.442154,102.095213,56.250192,41.225159,16.828669
17.563240,-3.692949,-5.157189,6.633259,18.982813,70.835606,71.342631,81.305202,42.025725,17.222204
11.615159,12.643968,-11.918512,-9.254551,3.619856,33.955834,115.939717,67.858901,34.401441,-6.692819
22.894809,34.076551,14.495368,-22.573823,5.115942,43.848252,70.001509,57.378078,52.425169,10.796478
-43.725760,-20.900826,24.245288,-5.206766,71.851463,23.993133,96.556738,72.735445,42.122642,18.388917
6.810342,-15.991284,-8.320812,-15.118590,67.442971,81.279142,111.963652,13.675260,89.898930,51.905352
-13.662192,-25.853280,9.932454,3.822986,20.740201,16.401116,114.385443,50.655967,31.813528,15.807500
-37.295035,-18.950638,31.349296,19.642145,26.386041,27.636340,121.259733,34.251793,3.495487,12.780710
-8.532457,-28.461954,2.453363,41.844603,-6.031925,92.634501,94.489500,38.547924,75.390852,57.653024
-29.901553,-4.228012,33.685153,-14.667599,-8.549376,82.591591,99.910469,82.569856,49.815109,47.669254
-15.580285,26.775558,4.510896,16.408019,37.427579,52.002948,96.582274,56.800761,66.508438,8.701148
4.560413,-6.639999,8.519044,4.512302,23.557194,48.060070,80.916279,68.595066,30.960622,17.770527
16.324128,6.143157,7.139356,29.666860,1.626136,40.834787,112.570540,49.582646,34.730875,9.853753
7.792997,-8.669057,14.728978,37.906205,48.907339,25.961139,106.157050,33.459901,18.460438,38.862436
-0.718761,-12.623106,-10.291169,-12.284635,25.302957,91.302848,97.620923,33.175480,87.736453,59.148532
28.281466,3.348851,-22.959727,19.826503,-0.201384,15.019074,129.865519,76.572173,85.012173,5.127564
-19.371288,9.775536,32.583703,6.068598,49.421256,94.774753,90.797688,32.061520,32.135675,13.105316
-19.648320,-33.733540,16.710044,8.154519,38.424897,76.503171,122.543495,82.158121,11.224372,33.532529
31.662133,35.096995,-25.056795,-21.055011,-14.885644,38.666528,66.770360,25.304580,89.430008,52.298435
-21.938367,36.319716,-3.553719,38.216860,32.810708,65.412720,113.088445,50.059211,32.693848,-6.855717
10.366293,-23.482248,0.322707,-17.834999,19.920071,55.966195,68.928986,89.919898,55.655806,7.897203
-5.754682,21.833263,26.768575,14.150575,10.621439,79.226326,104.419390,61.945250,51.630991,6.578534
-7.620265,-2.773857,22.778643,4.145830,26.147526,58.829777,100.538092,53.743010,64.034865,35.464165
-6.575783,11.214374,11.538655,3.131208,13.262968,51.488649,79.698795,55.141387,50.454186,31.834999
-6.593032,5.057834,0.539801,4.109914,28.741509,54.065787,90.507197,62.051625,53.924269,26.053520
-4.045723,-0.573363,2.987173,9.189125,26.232212,62.139111,93.105462,66.979476,46.985965,24.689708
-1.787488,3.801235,2.356613,12.174500,17.634241,56.267488,96.605207,59.023965,51.030854,17.419198
5.950810,6.854425,10.038685,20.428336,21.069747,50.366040,98.691653,69.385360,47.740061,11.856356
-3.597722,1.995599,-8.054927,0.601759,12.312720,65.844092,96.339305,65.830549,35.576958,37.363234
14.908126,12.187564,-1.913802,4.801569,21.703305,75.787723,80.814897,76.840184,59.505120,8.242860
24.087986,-0.161023,21.345592,31.798786,47.380122,28.277254,101.758744,43.472333,28.178010,35.897671
29.686273,22.251362,-20.252140,26.722240,9.331911,61.917571,110.944228,34.231858,56.586148,26.960375
-45.813575,36.493915,49.704996,37.882972,41.863395,40.840926,80.182177,99.968706,4.016802,59.664583
-19.746377,24.642730,-18.724518,-1.903393,-2.451620,44.267997,118.685516,63.726230,44.176292,-15.452931
10.571836,-0.591706,46.786119,-7.022627,27.297359,44.878444,108.881134,49.896526,63.076104,-12.238398
18.054201,6.916557,-29.327408,10.672229,43.245651,87.767298,75.180470,54.115213,94.649958,41.420489
-0.388466,-28.174530,20.846972,46.234686,-6.077992,17.683614,117.494995,40.384935,44.248994,63.010153
-0.324712,5.397968,-5.980179,-29.014370,-0.312853,93.456938,97.733496,53.865154,60.032927,4.439022
-26.257868,37.472843,-9.049180,41.168497,40.800022,83.491110,76.478868,70.574921,58.945905,-10.592187
9.661905,16.663115,10.045846,-5.451712,20.403303,61.535613,103.020781,70.418793,51.751612,43.275258
30.689209,12.148551,1.562184,-22.071868,3.356124,75.296524,88.893186,38.211397,41.161032,42.915111
10.287495,30.908769,-19.264092,21.623663,-3.941875,43.718867,56.751674,24.951454,58.322088,-16.934467
24.243362,27.889694,20.107563,-11.569867,28.433071,53.182578,115.942133,28.324074,46.663408,16.944508
19.839393,2.926452,17.880846,37.218885,23.598080,97.107969,60.829149,58.369575,30.672818,48.610087
-41.664020,0.412921,54.316934,19.366400,63.689556,38.020634,78.923115,47.416299,83.587799,58.323243
21.774566,46.898169,41.680043,20.780781,63.331201,66.220919,110.400856,30.606127,63.681930,-4.436509
-39.068239,-37.835911,-2.289932,20.805177,43.775908,28.907226,91.943178,87.649077,24.976472,-12.156394
-19.780239,-1.265866,31.515157,-5.598982,58.036075,59.212880,112.620507,49.886181,21.971678,28.165470
-17.895375,-20.425978,-12.957567,-10.788100,15.253005,36.331526,87.642007,55.431442,17.438664,20.060927
18.357949,-11.252607,21.413899,22.896109,20.783577,41.736243,78.787947,52.160918,42.932797,46.673000
10.603458,-1.298570,0.944133,-8.661525,18.148515,43.665639,78.012709,42.556561,63.096946,1.919503
5.869191,6.226425,-4.737304,14.093888,31.540726,43.665953,104.868295,64.488336,55.404011,37.040803
-6.331537,12.034446,4.050443,-1.640100,35.422847,45.650383,77.966864,73.046348,41.577438,28.270196
-4.114528,1.518158,3.395349,20.796196,19.717841,68.343619,93.857480,60.647542,40.066054,9.450190
1.511457,2.117827,17.860349,-0.877277,21.821882,53.889567,79.449335,68.780667,49.465521,23.956119
-11.097850,-2.501563,-4.892780,10.374240,38.530495,63.283774,90.313113,74.784949,37.939616,15.914612
-17.939298,6.181759,6.387681,0.309057,13.009355,44.156835,106.427413,68.432502,49.880433,29.892286
26.704782,-23.733179,34.457277,-5.902061,6.450273,39.430352,66.111776,82.816418,59.352909,4.953625
24.717938,3.983118,-22.054306,-4.427589,12.571659,79.781936,115.227329,63.275566,19.651748,44.604955
-16.831295,38.878456,-23.653923,-20.085109,19.576658,72.026033,94.800704,39.128658,65.873297,14.745924
4.753912,-28.130478,29.855097,6.641757,-22.219418,66.397539,75.131452,93.577809,47.369556,59.003845
43.521914,42.351834,-38.095603,22.648812,-4.222163,36.994239,129.852851,20.965986,30.458891,69.895056
18.362636,-33.174307,19.003309,-28.935409,-8.125257,99.266133,131.717635,39.245822,14.877261,56.004820
11.598571,23.008829,53.185848,42.710524,9.686460,43.189334,122.499155,52.719902,95.755044,-12.466013
47.320362,7.096366,-1.696776,49.173490,26.686979,98.214285,97.538463,77.243204,34.561746,44.636246
37.235511,-8.072456,4.834174,-7.723912,37.887521,16.212680,58.292774,21.331230,52.370071,46.999605
32.337169,8.792735,15.404672,33.993484,61.761182,29.891421,81.484018,29.899291,43.563895,57.560391
-29.461633,-6.329018,-8.035230,7.296643,47.910621,95.402060,58.284574,71.113400,25.490739,41.789846
-9.697053,-15.422975,-26.960999,-18.778759,47.474083,51.545402,91.444539,31.937774,26.586481,51.839658
-29.135766,23.722490,9.118287,-1.886137,-0.944229,57.605401,91.611843,21.475603,84.009865,4.833801
27.029494,-18.360456,-34.069735,-17.639124,-12.548428,62.637721,90.903392,93.334877,80.298229,60.518247
34.478806,45.596144,12.967336,28.069845,-21.600674,75.801075,106.183513,76.101173,34.238801,-1.182171
8.604356,-10.653410,36.988963,32.892531,-3.010043,73.600218,126.022273,69.367161,4.039420,-6.751171
-24.773229,-30.979136,51.861909,12.016895,45.507801,61.362775,62.269192,36.135189,17.775493,64.383346
29.803293,-0.659854,-10.315344,51.324178,3.029525,21.608890,49.569539,62.595584,47.896526,14.069846
-5.544400,-13.550051,-28.962190,35.917042,30.297935,60.179353,64.980872,79.077898,12.814329,33.914215
4.377695,33.458717,-21.144550,-1.294271,-4.821517,36.815738,77.923948,84.898001,62.975239,0.882157
-17.032232,-0.475989,23.644405,17.104634,-6.942693,26.967961,67.629576,53.987708,24.100590,40.749344
-22.935183,2.327852,21.871564,-13.191734,32.251875,78.599215,85.670541,69.054410,55.015806,10.820347
-2.886682,-4.538852,21.196794,10.489255,22.196028,49.984411,70.441138,63.828762,34.880973,32.449682
-6.686170,-3.910919,0.063698,20.128086,34.405706,74.269209,101.646513,51.917876,62.746696,20.660182
-7.577084,-10.784902,1.680692,9.977535,8.109047,53.001832,90.429692,73.205646,39.482360,25.388320
-7.815767,-11.886205,6.782770,-4.864660,7.441433,49.469617,77.981028,68.963607,42.247486,12.673342
-6.341016,-15.706982,-2.043214,-5.312587,32.052290,40.373918,98.695673,73.103219,69.647705,10.622426
-12.673839,-9.202805,-16.249121,35.326016,47.290083,68.370962,74.410837,63.530276,71.172497,13.546660
8.291809,12.441600,3.054180,0.881945,36.055589,58.229781,89.931969,90.107634,52.379916,-0.994686
-26.263909,-6.072735,39.341600,-8.964293,53.708275,46.537199,86.308176,94.312063,29.400099,25.678084
-16.420693,-7.042694,10.093125,1.333911,-14.243333,66.410445,77.364894,84.929572,10.842305,29.162487
-19.784192,-23.620407,-6.130760,19.817636,-4.093996,72.590710,107.983781,41.357527,52.191562,16.754148
-31.702811,-28.191916,28.843313,2.810075,17.615596,27.065923,56.402536,105.435242,53.318829,49.927263
-13.329273,-41.142025,20.905080,-8.902039,9.443537,69.749082,42.209340,96.973178,27.523955,68.672164
-47.443664,45.955365,-22.649526,2.475071,-1.181605,65.859449,111.086662,103.311777,4.456364,40.336268
-25.252241,14.272516,30.331289,17.784976,67.548754,11.661445,63.026316,20.269593,65.365177,53.138727
14.882344,16.278553,-9.586945,0.020516,6.620633,49.568900,100.810696,65.289420,97.032053,44.796933
-34.227953,13.253046,-34.166084,35.392238,42.884388,31.182695,100.709136,36.530163,10.943207,47.630393
-3.860177,-1.923040,54.110295,19.583212,-2.111233,37.579969,102.331628,92.158011,73.362249,-11.930082
37.499365,20.208802,23.746032,32.261944,40.645953,100.794734,125.756865,103.381241,67.246752,-1.816458
-7.184607,18.188243,52.309847,-10.984559,-20.800381,41.789340,98.141444,50.839252,79.963568,-9.154341
-40.892762,50.359894,40.141408,-8.828849,61.242763,13.528135,58.445607,51.493181,55.001332,34.307713
48.295950,-24.856079,-25.509640,30.279826,8.030776,71.445702,43.914343,22.066877,7.371858,0.319888
40.251399,24.822751,23.937594,14.577231,53.308226,95.286864,125.511602,80.917778,2.428295,35.693642
34.002495,18.600727,18.996042,53.748011,-0.370696,53.856134,71.141114,15.091182,48.108104,-11.155603
28.892542,19.930576,36.101700,34.875104,-15.320251,98.607293,132.447732,40.271829,90.316290,65.139087
41.847826,-15.117464,3.163894,31.173821,-12.020578,95.376352,129.213548,48.612456,35.915588,61.362226
-3.496294,18.293484,3.613888,44.097208,49.765765,78.638501,98.537292,36.269879,25.915654,-1.669474
27.228347,-9.012017,31.901787,30.593189,11.942985,30.448001,106.049104,86.684042,17.401502,35.038747
-17.478715,15.101227,-12.720992,38.939876,40.085671,55.024591,85.298298,69.369329,24.857144,38.183011
-0.984512,16.485147,11.849742,24.562254,24.095729,81.580376,101.076277,68.415711,58.840278,32.182661
-10.733454,-18.272401,7.360440,5.883870,25.136442,34.986157,102.801810,42.230296,63.630190,3.457194
5.868719,-0.563510,14.151914,20.515637,6.834028,62.098160,84.147787,70.836037,31.968811,39.823262
-0.844712,23.971853,27.565177,6.261310,19.040013,37.593164,97.941058,55.033643,41.290392,16.382353
-1.985713,18.875965,-4.835624,12.094386,25.418884,43.984784,83.472222,67.941952,59.318251,6.927384
-13.744088,16.261536,-20.351137,37.845299,47.095310,36.027310,117.323284,34.132660,41.100630,45.362474
3.047957,4.947336,21.523660,-10.647514,30.210051,78.589003,60.738028,53.989884,29.090442,1.624195
23.561587,-21.898206,12.570619,-5.871008,12.419887,49.033832,56.061936,96.956371,45.836344,42.544390
-11.916295,26.162053,29.814245,41.064919,-12.936013,84.467272,79.880553,58.770715,45.359485,-19.540527
1.617934,35.838737,2.435470,-21.308447,-24.896292,91.236239,72.553589,106.180087,5.513447,44.002969
40.801757,18.438522,12.687331,20.456048,7.699993,105.408725,61.139273,28.759192,79.885280,34.780549
0.699421,-1.178493,6.729099,16.834476,34.755791,13.826824,82.135231,74.761928,55.497787,22.544398
-32.969249,18.274468,18.492589,15.489656,-2.765099,43.657775,43.785910,90.783741,32.780997,21.378906
-8.350160,12.158706,0.423479,15.134920,-8.837487,56.939714,96.567112,98.180275,95.594008,-2.349358
46.744800,44.773091,-23.340386,15.738992,38.529405,106.643798,136.688366,108.863068,89.703754,-15.159916
-20.761186,-17.170743,-17.492709,41.327911,18.073166,23.863204,81.566725,14.648888,35.521127,13.535645
-14.997293,-37.422295,31.925845,-1.641386,51.015227,73.914689,93.423366,99.355916,70.300566,-15.888140
-21.827972,-2.929193,-13.792748,40.216303,70.441129,91.090843,47.882001,17.700832,76.337582,47.780492
47.408434,-19.933228,47.468798,-32.110008,1.349484,71.192903,122.969719,32.396997,55.676114,41.588389
15.273982,-38.704534,-22.180700,10.986076,-18.851137,37.383424,58.824608,48.569471,42.771671,19.195173
42.289624,-24.654940,30.445252,47.992313,53.892049,37.056271,46.652958,39.387306,52.638871,44.084518
20.257020,28.381567,19.721136,54.662452,33.415111,42.265350,82.477267,47.860660,3.272578,-3.440439
-24.340486,35.195613,-4.362553,41.872969,36.273431,34.662086,112.139972,24.973563,64.169013,44.237189
44.670174,-23.359074,17.435861,40.670829,18.140276,64.363795,85.564944,100.335202,37.081376,16.335133
34.196244,11.853574,-17.908743,24.452513,29.659098,43.736647,72.668493,18.059254,16.756873,53.811959
38.672987,-5.194597,-13.711117,-1.380313,-0.058238,92.241005,92.500842,74.986395,80.527144,7.299201
8.289180,-19.195433,-25.743238,4.638949,46.750247,48.065791,64.349219,87.173154,82.873877,-10.019856
5.398566,18.848382,-14.187822,1.922309,6.795139,51.696785,106.083506,60.154599,52.781805,42.595191
25.911606,26.846490,2.526314,23.741926,27.433077,68.139269,73.684745,47.041429,36.456522,43.254954
9.492208,6.884260,4.520721,-1.277486,33.829122,64.066464,74.119845,41.742500,30.085588,9.160228
-19.676024,-5.801851,-3.064466,14.789696,16.594310,44.438254,71.627315,82.870020,54.251318,42.402105
21.331893,-6.498821,4.079973,1.122745,45.602666,72.754775,71.720744,70.936036,36.100859,34.904469
20.094645,-15.271567,1.793224,7.436558,38.100943,49.819733,97.266117,46.359700,24.185882,26.162692
10.408909,19.404575,-12.469142,-18.161651,30.278358,34.373594,72.238479,86.126723,39.301177,4.653640
-17.528570,17.136311,-25.134843,-0.710818,33.173321,58.729786,71.889594,82.511802,57.308245,12.881499
34.224667,-36.040195,-24.961799,-15.507934,46.789383,71.899953,101.705270,34.071828,42.412846,11.692917
-39.606881,-27.167042,-14.821762,10.107734,10.870636,83.929765,67.280783,78.057471,52.453404,26.390264
32.603935,9.888162,0.308439,17.129887,71.563226,33.807974,139.784436,80.810308,36.196634,61.639344
22.538008,28.939856,51.678682,43.445150,11.946247,53.511955,137.097305,87.220829,61.744865,27.479472
50.677238,37.840651,21.846219,33.479707,-3.592314,90.645078,106.625005,45.486576,83.973299,-4.451929
-36.349084,49.606373,37.347897,45.113013,14.258144,36.502799,135.142964,35.123342,50.000553,25.535761
-34.146529,-10.497004,17.324607,-33.798193,43.357614,21.429525,77.659489,59.969571,36.713861,54.398300
-27.233828,29.556812,21.479846,1.429931,47.180490,40.857024,81.370996,30.287504,59.399334,-8.170481
-29.680580,12.450382,44.770490,48.378130,-20.231035,85.967507,57.012045,35.562265,18.336536,50.363993
-22.201338,-40.030127,47.737345,47.298690,5.052713,84.436362,47.836891,96.997060,91.427112,14.553907
33.270830,-10.785818,31.830274,30.901613,16.296056,62.872046,109.181316,25.840416,69.518617,-25.474461
31.755008,7.513639,-6.801567,14.859210,59.558603,18.124405,86.500767,96.558720,22.099095,67.732285
18.115558,52.319842,24.573072,41.561110,54.457004,10.449679,108.315032,63.747852,71.921373,32.911918
8.265915,24.429305,14.079722,44.411063,4.936350,50.093190,59.640590,27.124136,36.754562,7.690611
-30.022253,20.769224,2.091620,-13.390509,61.721502,69.177881,94.156761,84.005683,92.362284,58.609218
-46.336767,-7.036323,2.674278,33.255846,8.111297,71.406147,82.039518,38.505753,92.679408,28.056637
20.415611,46.878570,-17.193230,42.645797,-23.117928,68.623887,114.052054,14.783684,38.708496,-3.259092
-36.037859,35.493013,-14.154299,43.273268,-18.791658,62.357492,52.203071,24.546957,45.480976,34.464131
-32.778657,-34.111367,29.543342,-10.183193,6.857725,82.130907,115.081059,91.949356,70.485656,10.788693
-20.252417,14.273065,18.805588,41.691832,37.456109,91.406086,82.152449,65.473404,66.611576,56.135220
-27.276320,1.689284,-18.041742,-9.318528,16.668523,47.737627,95.708937,70.677101,20.965506,-5.029177
1.242669,-15.782631,15.144569,-9.828864,37.676820,48.743266,97.702778,70.519470,67.173951,43.637580
-19.447102,-10.192173,-8.661384,5.341134,37.308070,76.780069,92.915999,80.275023,60.507998,17.912001
5.380621,4.987488,-6.032978,27.079024,40.042202,52.799483,99.183767,74.865526,58.723184,16.777322
17.368930,7.080410,23.564441,28.496980,41.249523,72.613172,73.513213,44.307074,63.420315,19.397819
5.549636,-11.552518,-15.191550,22.858208,36.075580,73.260109,114.252460,82.899700,28.250414,17.988176
1.919229,11.876663,-5.484505,9.701994,-6.371503,52.603412,72.553022,36.609724,64.633583,4.274951
-25.982577,-30.130080,22.057549,-19.504842,6.233980,57.231383,102.761623,73.284444,30.184191,-10.431979
-27.611519,-33.884633,7.911960,9.066429,1.809361,32.649408,95.358542,89.986536,47.291500,43.931448
12.780159,-2.162836,-1.334853,38.508956,63.961144,78.548414,118.724643,83.597904,71.347011,59.263703
35.712788,-38.587900,-40.172078,-0.109225,70.518302,17.727464,94.620520,14.149029,25.535306,39.225676
-8.157719,-29.202711,-34.729294,-23.585706,18.220675,74.136385,94.324339,22.221111,55.871472,47.925829
40.254454,2.042791,44.118307,44.450378,-17.295075,66.304572,56.903672,55.123769,18.756027,48.629411
-37.020150,-19.951623,53.732294,53.313664,-2.859722,21.016212,78.729451,40.499408,96.537419,41.528720
8.435883,52.130710,38.515025,56.650638,-17.324928,10.098557,116.281948,88.357070,13.679264,52.286598
-20.858252,39.431361,-14.554715,-35.297405,72.186653,64.696857,72.533081,87.425604,96.384237,-10.018647
6.131781,-4.564324,-39.061257,38.016663,1.630429,71.622259,115.804777,34.947810,47.827211,28.273259
37.857473,19.976836,23.247739,-35.919447,35.852994,21.871625,114.642538,25.628637,29.834150,-9.706178
16.059308,-8.737308,-37.292751,15.446171,-3.001877,103.049315,114.152531,21.123969,66.619034,59.516640
43.371708,-24.760405,55.789565,2.623648,17.713813,57.437796,44.097867,43.509770,62.015910,-23.209592
-45.500619,19.135457,9.651719,44.054151,-21.875146,82.890844,93.482492,45.550772,59.793253,-17.283690
24.671785,32.289462,-27.569853,37.274788,54.320895,25.670645,62.290714,68.704553,71.493154,37.902371
13.762164,9.991841,-25.376642,-16.952793,46.767270,80.665248,58.107471,102.657602,6.819670,40.509756
-2.618388,8.621326,28.047763,56.940353,-24.525047,18.342927,114.794643,101.098568,16.616573,9.875070
40.747657,-9.010904,-25.364548,-24.431565,23.959728,93.908521,73.117035,99.242081,53.129552,37.448370
20.758418,-26.356205,-2.222987,47.379960,-6.961494,61.892138,50.852591,82.335463,56.983939,39.218951
38.652351,30.683617,-9.486256,34.467823,26.423859,94.269235,55.552530,89.241108,54.546384,11.558257
8.128746,-11.529042,9.890217,0.760335,-0.346527,38.553294,105.369100,62.648907,66.611658,-4.432345
-15.396386,27.212482,-8.659376,-3.865245,2.675908,60.390013,89.943821,86.788140,57.531421,38.303389
5.029838,-4.734915,20.102983,-8.609344,30.444366,68.530404,80.469994,49.209254,55.960601,17.451288
-0.857469,6.824090,5.890540,8.180312,14.186197,50.591888,88.137820,57.931328,36.739929,31.424006
-8.926657,-6.602512,-2.744268,4.661659,34.964407,48.399618,94.378814,71.610768,58.084375,28.805824
14.694862,-1.315827,12.785996,11.583812,30.660548,41.906674,92.079990,61.814084,43.010515,11.749378
7.866342,-11.972432,7.055754,31.214086,42.239301,38.107343,109.893003,73.932093,43.180092,16.038760
22.398933,4.256009,5.787828,-3.413661,37.386802,34.528236,91.457164,72.042756,25.367596,43.744460
16.456761,-24.775740,22.313916,12.460275,5.006734,46.289547,78.031730,55.862373,52.391252,4.411615
4.057226,33.217574,21.799717,29.337320,49.276757,53.786951,70.108436,81.752336,29.373585,58.434792
-41.039061,-4.584371,-13.501986,35.939171,-14.107805,81.970928,98.444962,92.229225,72.391864,33.555593
39.721940,8.328493,-17.259233,-24.879135,16.583841,97.917749,71.823744,64.483269,93.549032,-2.421151
23.416368,50.391821,-30.904972,-24.279508,-0.059327,80.110651,100.421416,86.150027,1.506170,59.535210
-11.565127,38.835636,-22.891952,19.964596,-24.448607,7.866619,41.649883,71.209388,94.238196,62.970144
16.269840,8.182464,7.290872,-10.644442,63.431544,94.506750,45.492660,103.888777,63.457336,20.800397
-48.271838,-17.398518,17.229725,-14.385825,39.626677,103.281782,57.453309,24.213396,95.867981,54.300057
-29.434262,-16.665992,22.662674,-16.655248,70.850464,12.369678,43.321537,108.073653,33.035579,-3.537864
-36.787617,-17.173325,-9.328683,-17.600905,-6.971612,91.674522,120.117279,28.403785,84.188371,34.603561
-24.328560,-38.639273,-10.142903,-26.899636,8.206337,16.819882,111.491862,82.575961,27.585845,4.114473
13.093203,34.166898,-29.968774,54.677293,1.521406,50.104257,84.347312,55.397296,78.560250,6.791531
-1.849717,10.437611,13.249515,-31.029211,51.212697,77.804873,116.434901,47.253601,38.601987,63.834336
-15.498387,-39.900158,-19.890135,20.225591,-14.005650,36.701759,135.216499,56.831246,88.939870,-25.457211
41.842665,40.974850,-0.235807,-34.666829,12.107024,13.365889,54.696193,57.793560,72.313395,-4.217067
8.254159,-43.568076,56.510378,5.396242,-6.013424,61.002342,96.904183,21.145130,81.020784,22.204294
-32.927491,24.455334,26.322483,-14.656316,53.596222,49.142852,58.834278,44.828696,50.830779,53.887952
15.708876,20.756182,-1.172957,-32.800778,42.964197,20.130678,89.810464,62.562681,87.970788,25.883835
23.660531,44.124501,-10.418584,23.266469,30.880680,98.284874,122.417344,97.062609,29.248025,25.171053
13.228423,39.715982,-27.293211,-15.814411,5.447932,51.197406,99.793049,74.661883,40.329249,38.509959
25.188247,-18.492424,-18.244033,38.612677,38.965609,42.883162,81.034248,76.386439,63.671537,1.132723
21.297024,-19.822702,20.419086,-0.571766,26.921193,52.961914,96.766540,38.819304,58.604195,11.043417
-7.085709,-8.594684,-6.911865,18.826290,8.085180,66.796227,100.630943,60.646418,63.795672,24.800131
-5.441585,7.641125,-0.777710,3.815731,19.312379,50.858097,82.735999,57.390127,47.766327,25.340088
3.592156,9.683775,14.875620,16.082345,21.006860,60.772632,88.272943,66.581455,53.876259,15.159902
10.045750,4.551515,3.439488,17.721213,20.235269,55.307391,87.976241,69.468279,44.684132,17.821858
-11.168341,11.710612,23.205246,21.395016,19.759378,45.187062,96.771454,71.156956,64.122086,11.966259
-22.251239,20.102049,1.644363,1.124684,31.611337,53.985478,73.750323,49.204512,35.987642,11.241552
12.418825,-10.525867,25.246160,7.815211,30.339638,38.450400,60.945311,58.399191,79.664720,2.484234
-0.269882,-23.230701,-13.913509,28.217629,-6.905963,34.244531,70.859998,67.778830,35.477413,49.118878
-7.638960,26.952716,28.213832,-1.498822,46.338764,26.333529,123.465335,76.622832,56.164184,26.292543
-22.176704,-43.901546,-11.876341,-11.556128,41.821505,10.064583,107.244709,44.296193,35.744590,65.311963
-11.282290,25.001127,-39.854094,-18.106180,-6.058536,85.023430,40.054916,78.164756,13.292857,-21.541412
12.340106,-44.279985,14.594280,15.165069,68.872659,95.792734,63.269420,48.249056,23.536092,-4.285079
-22.157227,-23.532330,-36.962153,34.318884,-17.995208,59.552075,84.229683,57.209450,36.304978,-1.416812
7.094583,14.925896,8.886414,9.582495,-23.870571,34.707990,93.233537,76.400045,67.041202,-27.412579
-22.828648,27.216424,-9.893171,-10.145986,-4.229269,84.819010,110.373719,105.347170,24.973509,57.938885
10.608794,29.060723,26.853852,-9.894101,6.274671,32.069725,59.877179,37.398999,63.301073,30.353304
-11.060114,5.835429,20.691951,4.126685,16.346357,52.461759,100.583637,64.142098,66.102578,28.466163
9.878715,-21.584994,16.945999,4.978596,54.961537,56.228163,102.293818,47.946676,30.541852,5.797551
-26.018694,-16.755039,7.091560,28.821327,44.932787,57.529634,51.739702,106.911207,48.634200,61.723586
21.004188,-45.382426,-40.918539,-29.122907,56.514991,15.581387,85.791643,16.599657,6.557692,53.266835
-29.908144,-12.998295,-0.143651,24.046800,69.097215,44.228229,66.384131,93.511223,3.755536,-27.692801
-46.327571,21.320110,33.153688,-36.323177,55.229138,8.059111,69.397541,84.517873,12.030032,34.583105
13.539789,-15.238398,7.754538,21.520713,2.540397,41.324200,115.340795,31.758688,60.618268,58.999025
13.198021,22.113576,50.742926,-18.757175,45.291830,60.000576,126.785786,42.494439,82.859194,2.536103
-40.369289,25.404127,-34.997666,13.431752,6.093819,72.823686,63.441137,41.006453,33.005349,32.014025
-11.244624,-29.718294,36.881023,27.376941,53.236535,44.458994,75.395834,60.399871,77.760517,13.434055
12.884314,-24.564048,2.683226,15.646075,23.621219,47.621626,62.112146,67.761544,40.104212,-7.763256
8.119530,9.148778,9.092412,2.976962,29.124413,64.925868,95.451504,73.237172,62.672108,34.973311
-7.549577,9.396458,9.403301,19.988443,13.184291,55.541594,96.340058,58.085233,47.857461,11.685332
2.979550,5.551178,4.821011,8.848963,20.214343,57.846743,89.452364,62.768099,50.451509,19.112186
-0.008964,1.632584,7.426656,10.077355,22.797774,55.679935,91.503921,61.886649,48.862632,20.783833
-3.126814,2.096852,10.309092,13.682573,22.498226,60.591190,86.427392,62.186614,46.497070,25.131676
7.852331,-4.818787,1.402511,19.586594,15.487311,53.489558,83.924509,62.931944,58.669573,11.197065
-17.876308,12.259700,0.078333,-6.500619,14.604548,64.803709,81.164409,66.417963,47.189754,12.547212
24.807238,-15.921040,20.072946,26.511564,31.852135,72.507081,86.460815,66.482504,58.499070,33.439459
-9.348979,-4.873683,15.322553,13.401705,60.154459,68.513813,58.241288,34.340090,55.128731,17.398163
-30.671874,-1.382301,-4.694803,-18.542169,35.987430,45.102695,120.827352,60.063329,36.019682,57.656254
21.647531,-20.898999,-37.683056,-1.458562,25.423475,48.477507,54.585589,60.222082,2.942537,-12.691096
-10.570787,8.541271,23.784556,0.877400,68.245301,42.728617,43.569110,92.838097,18.138615,61.632891
-47.271524,0.593051,-8.347424,15.471612,32.234310,82.317703,109.666140,94.703622,60.736660,39.289451
20.959324,-37.523265,12.370903,42.329103,1.198682,59.863337,44.623257,76.095882,39.752338,13.824500
-30.187109,1.161822,41.994816,22.101923,58.109214,98.347706,79.914021,63.725010,4.296409,-23.914535
-3.366914,-38.137119,29.067563,0.677360,23.504808,89.707552,89.715468,70.562959,87.359449,56.162343
1.587953,8.408908,10.839347,28.831319,27.459323,46.267340,98.779709,49.715277,55.477442,4.659310
0.096715,3.592304,7.858038,10.836974,21.924937,56.761371,90.924415,60.319052,48.896358,20.969306
17.662631,13.882500,14.596590,-4.207747,9.647448,42.912937,95.505823,64.071859,40.427998,18.484830
3.550145,9.930295,-4.207379,18.659054,48.760920,55.993074,121.558053,91.309272,50.289383,-15.987553
3.328550,-36.712764,-26.179093,-27.915021,43.174747,94.279380,42.919821,68.391871,74.360602,-8.401705
47.645699,26.888573,26.194475,-4.021812,-19.004882,87.976309,79.263417,101.445308,15.258370,55.572182
42.325736,31.288778,5.444190,-17.197933,45.141220,101.479045,81.980041,27.549387,40.839594,-6.540779
21.940126,-29.317230,13.689401,-1.985298,-4.015800,85.305991,100.999733,108.077299,28.386168,59.944545
-39.950615,-25.280300,20.030622,23.789803,61.994277,38.889332,69.002500,83.985994,63.350119,-0.275563
21.533276,-18.795936,-7.838154,12.086055,46.931287,97.759461,93.335809,66.882794,6.170732,34.957268
-11.575460,-25.740521,-14.269086,27.919469,48.154800,41.576357,81.537767,61.176902,62.825671,51.954121
13.699979,-11.843058,24.094316,27.933855,-0.258845,32.026446,113.352596,50.744817,52.073196,37.236763
-9.575355,0.040988,11.101312,23.967742,19.090473,42.394170,86.800716,52.338095,60.488610,34.386265
-1.959432,9.523937,8.844786,9.332454,25.730944,66.052858,90.225301,51.898617,41.373578,20.325125
-0.351902,1.522764,7.913802,12.165725,22.260502,57.675650,91.801046,59.490576,47.882173,21.955321
1.000000,3.000000,8.000000,11.000000,23.000000,57.000000,90.000000,61.000000,49.000000,21.000000
1.594673,3.417696,9.528162,13.259927,20.425599,56.395696,92.062975,61.496176,49.997369,20.327173
0.737864,5.537273,14.910099,4.816749,18.909147,65.353970,95.755175,60.271308,54.542112,22.703433
16.719881,-11.127678,22.292165,2.413096,13.089092,68.318666,102.911145,54.449276,54.080341,30.473340
-21.206992,27.212536,-6.954202,11.323320,1.350032,35.848638,105.337896,50.521000,42.846672,50.043111
28.281487,9.459452,-19.870067,25.796072,34.227863,66.654145,68.559182,92.524908,61.178489,-16.061007
-30.161778,-26.968211,11.150413,13.776009,14.926479,77.356710,56.818594,50.564301,16.751705,24.974154
23.325826,1.193839,27.540704,-20.661248,66.740391,82.547090,50.278049,66.865326,6.466482,-13.103483
18.686446,-30.097511,11.297018,11.045817,12.430802,103.513393,131.191567,11.857067,8.029146,39.065079
29.512752,10.801927,25.650547,29.218185,42.629878,101.456712,104.428604,44.479223,50.088709,7.599227
-0.647303,45.045636,14.860792,21.659127,30.016033,101.710850,78.748061,26.299776,91.210641,42.287073
20.274113,-21.627919,48.985804,15.847948,-11.214648,55.358050,79.114306,59.240962,93.839533,59.776156
-43.084061,47.267040,49.006113,-8.059823,-7.225624,48.173745,79.722921,59.674681,12.818445,66.056047
28.966410,6.679846,24.078628,25.925073,22.807120,52.094564,86.062911,46.068047,40.928624,22.591578
-15.159091,-14.488955,8.148556,1.222155,40.181520,55.536302,105.292605,56.610796,42.079723,5.407787
21.748035,2.495646,-23.337153,26.443239,5.178355,63.385964,104.719182,63.053640,59.034059,13.937094
-13.842026,0.725733,-13.147023,45.339586,48.715486,76.607495,80.899759,67.873652,57.393789,2.328051
-48.049949,43.410633,15.691351,37.351163,61.912979,97.245070,95.113390,46.042931,11.447975,-19.886175
3.299026,10.787263,-29.899618,46.277594,-7.005435,88.867868,73.811636,90.561104,93.737990,66.758580
12.042044,47.236074,52.418928,-27.236482,3.296091,12.572061,104.214167,63.112219,32.172072,3.749651
26.399462,27.412181,26.966627,-11.241043,15.963938,73.867225,102.890624,40.842705,76.577281,-20.384485
5.117446,38.941202,45.278729,-7.143582,68.511717,90.085868,53.676937,91.873835,11.266069,-11.597520
30.920028,45.244363,3.477184,12.054083,6.965445,41.480459,125.177975,63.623519,6.157631,47.140219
-21.473319,-1.114488,-10.140240,-21.291546,58.667449,59.534128,60.576642,40.687411,12.970713,-10.292004
-22.601198,-0.152438,36.817328,31.927744,7.813605,60.421883,92.007467,78.435803,58.961459,19.028465
21.609725,-17.802206,26.274131,22.745629,1.619634,47.150538,111.439845,41.623174,28.033670,19.823152
5.368906,9.512277,1.155782,16.949387,15.295291,45.984511,96.802095,59.566440,44.702823,17.922242
-2.537839,2.345669,5.136759,5.448945,19.739930,52.666871,89.799727,59.378480,48.526274,19.332757
-0.328763,1.187230,8.166357,8.080654,23.336477,55.562612,93.129275,59.093566,46.009571,20.564739
6.545228,-0.109429,5.285367,9.524578,18.163729,55.018026,93.379236,63.489734,48.872163,15.405931
-11.265591,11.477005,0.146556,7.729807,12.187038,49.537394,77.779781,55.358436,43.298899,12.748272
8.659007,3.159118,2.179621,-2.541656,25.414505,61.700792,99.570143,70.056486,31.721757,19.008672
6.554058,-9.934721,-4.346315,-15.752708,37.312312,86.662511,88.696428,35.310511,24.255388,45.691628
-13.163674,19.544462,8.436027,26.507184,35.453525,51.457848,104.891967,47.097804,79.124327,48.780337
44.401492,-17.278315,17.276481,-24.595624,4.662052,35.995906,132.902888,20.456533,81.278605,-7.194402
28.541695,-44.039371,37.121204,56.269648,50.411923,47.454992,79.205930,22.225917,78.800266,-8.814592
-48.208116,40.538695,-36.548003,33.063503,49.750788,64.947022,127.597815,104.927516,55.829692,44.607359
0.366440,-33.581803,-10.247452,45.204356,62.972244,58.785952,60.288219,94.250154,52.385786,54.776538
6.949094,-7.217388,54.868255,14.928688,-21.715437,47.876964,136.646353,48.166720,62.217756,41.362069
-12.617161,7.904332,-21.961697,52.100797,65.922775,48.684208,76.989497,94.876271,7.384949,-7.345135
-26.397383,-42.959559,-39.947682,4.102319,21.747699,39.944631,107.719113,79.040562,9.561876,2.149675
44.436516,40.357255,-30.141524,-31.827402,-14.747114,62.115314,94.228031,24.832332,82.068894,-6.528803
-35.376788,-3.106789,41.847785,47.154267,34.297385,61.329170,133.117079,24.849271,70.470035,51.774997
38.630101,-23.680563,30.982073,53.421461,28.989500,35.052166,71.883774,98.500140,65.480408,25.479444
16.501508,-22.273632,-16.436771,22.228670,28.580897,42.532060,105.958637,77.660304,65.468603,42.080676
-46.034554,9.372744,49.253776,-32.274747,17.020340,101.257686,42.023555,51.110392,3.357484,29.197537
-3.050245,5.020500,46.114141,-17.588859,-25.956127,85.653916,54.817451,12.014901,49.297068,51.787345
-35.679073,-4.899762,-3.981047,-13.486794,69.361927,64.369719,64.371855,93.813976,36.788558,-5.312168
1.610297,-45.845561,42.690546,27.327630,52.751236,11.368731,59.999913,83.285292,15.197363,-6.134733
42.575014,1.402681,49.230729,34.388568,57.077460,81.677203,79.611008,97.657120,64.648323,62.675140
35.983743,26.369205,-13.029227,16.507032,-20.576209,53.918209,95.626185,96.645779,39.582449,46.186130
36.907585,-17.609000,20.906734,50.392659,-13.968969,35.577984,84.870116,31.661151,42.443084,34.323286
-20.655666,2.838293,35.309538,9.707286,-4.195058,25.303646,119.502722,69.495160,19.778085,30.403783
-10.695620,21.839582,21.420624,-13.544169,9.493929,36.911092,98.642425,57.226159,68.994105,34.120810
3.846634,-2.198904,16.833308,7.053795,19.739948,41.392494,90.414696,70.887107,63.427659,14.236489
12.356278,-6.805288,6.491937,20.619615,10.519475,53.446030,80.278386,52.270201,38.273784,21.744518
0.362511,13.038647,-2.519729,17.712921,14.282814,61.114809,96.887715,70.796753,42.196715,19.877899
-3.112083,6.631371,20.643279,18.770549,28.381795,46.956716,87.998529,59.935560,41.424328,12.454263
9.978000,15.931537,13.475835,-1.285540,18.163697,64.123504,99.068289,57.201637,65.043240,9.776297
-19.938960,-21.924761,16.911316,28.933177,-0.735814,65.061834,107.256104,86.706071,59.922611,36.125763
-22.809892,-6.811189,-12.735401,-12.548804,53.448755,76.913442,119.646017,82.257935,65.810360,-6.564356
-21.741027,-24.504455,25.007250,-22.316808,-13.133269,53.357767,85.004889,41.620256,71.401866,-1.221638
-16.934901,2.698392,-34.253560,-2.898628,-12.077527,68.670345,134.107266,46.417462,50.631409,57.198818
-8.180846,11.006234,17.821954,-14.690872,-9.699606,47.191419,124.369739,57.466000,89.006981,36.057598
4.907868,-11.877223,20.099729,47.069248,22.571035,29.566790,123.039693,76.811734,82.532797,18.855686
4.417812,-37.520534,-30.472212,-15.847675,9.754540,82.250212,72.701602,64.120011,80.968346,17.585018
-13.820867,22.074396,34.215599,13.446211,-26.700961,90.906977,108.862505,40.524987,37.316946,13.071966
-12.371537,-22.591561,11.557528,-15.169413,37.662379,86.245930,66.778633,64.527691,80.083921,20.546017
-19.708067,-17.845113,27.679086,-28.799751,-13.940572,59.007241,112.906307,34.956035,62.329506,-18.950701
-16.025528,-17.754749,-13.197509,54.368851,7.643844,106.492078,49.983902,52.159372,81.742876,-13.111065
6.942156,40.443791,15.668445,2.770338,18.007973,79.462581,74.243996,24.364521,53.406792,-10.113301
29.447279,25.300627,11.669343,-4.990836,7.637517,74.659500,120.582753,25.741902,73.295002,-1.150297
-32.050025,33.894822,7.054791,49.879531,26.289635,87.131411,111.540085,56.153204,54.705957,-16.105758
27.025680,43.858800,42.280789,39.508812,23.293358,47.601393,106.183856,46.666966,91.090478,37.435760
3.638120,36.164810,-39.277424,30.134451,8.605592,68.510421,85.163877,13.322598,71.107052,38.982735
2.290114,-10.045172,-34.634392,22.416898,56.929724,86.460593,76.432219,56.356750,73.561217,45.707934
-0.229051,-24.543408,-10.774748,31.466418,66.341033,76.113955,116.263014,73.662783,71.838046,11.194815
43.003058,9.916170,-4.430878,38.475816,40.822923,13.142896,111.968084,48.743369,91.250045,8.831960
27.136554,12.212740,4.201054,48.728533,65.539486,97.273509,119.786975,80.923924,67.222376,13.789847
23.401299,26.037649,5.714179,29.842125,-4.268574,32.727203,53.503414,22.781063,45.790436,22.687607
17.423804,30.134665,31.309260,45.142324,12.271548,84.587231,54.900596,77.973855,43.192112,43.323740
-23.271909,1.428603,25.652083,21.125833,-2.722905,28.731294,70.350018,31.336686,73.821873,43.316495
25.012303,10.215393,27.718606,2.956398,14.805948,71.116817,77.778650,56.961926,64.786460,4.802016
2.018261,20.574209,17.209614,4.588746,5.648112,62.057178,87.438981,54.156973,55.391785,37.690829
-7.378235,-17.157895,-4.501484,-6.383011,18.153691,40.650603,99.618589,58.416537,55.468796,5.214707
3.396604,-9.461307,8.736453,28.912164,27.359319,75.455230,69.443478,51.557274,65.112729,7.874939
-11.067856,26.579720,30.123549,31.770009,15.479186,56.132106,106.593122,70.683531,71.108134,15.970783
-22.937582,21.992021,-19.004402,40.230460,-8.432114,34.365590,90.516732,38.676936,52.937035,25.897476
24.981355,-7.077145,26.621685,-17.314257,15.036409,53.365120,69.916154,81.062192,42.088290,-11.626870
-5.015421,5.173808,38.840307,39.623719,37.091506,36.877928,68.725919,58.419349,48.572127,36.629803
-25.107617,36.721609,20.150183,56.635373,31.354570,39.570174,48.475376,55.425943,60.887218,-10.386925
-34.264979,-40.435724,-28.006820,0.480794,37.340216,97.042631,96.038318,93.089123,41.700106,67.502456
-44.954360,14.891072,-18.196978,-24.410009,55.276878,29.998130,61.551619,23.544889,19.092941,33.547202
23.895526,30.195264,51.449405,22.423453,-1.749615,26.376958,98.777548,85.269920,11.108417,7.294271
-47.356165,16.321051,-17.697150,20.843081,57.697896,30.759301,72.479674,32.933746,81.495771,12.230539
-31.063769,-19.661146,-12.364410,-4.975998,-15.330347,21.676455,92.953957,101.735788,53.658789,8.807899
45.359992,-24.956723,-41.751970,20.370473,-23.172936,66.408921,107.167843,33.451256,59.372948,66.844215
41.976538,30.571629,30.490758,1.568375,-14.905449,73.353724,64.885971,87.455807,32.815943,-15.352622
-34.983446,-6.573680,6.124823,39.092196,16.980336,47.021612,48.807326,90.353447,70.269354,17.414771
48.389587,-30.509973,43.783533,22.835490,-17.647118,44.907434,77.974658,80.322917,85.893831,34.664013
32.544779,-23.486855,31.134709,11.145811,-17.124118,98.685739,126.073501,84.535263,62.338722,45.519826
-29.985668,19.529108,-4.539279,-7.322590,44.973117,23.037274,84.392278,110.948422,67.077510,46.591980
48.098958,-9.546787,-35.469052,37.493415,-20.405118,90.485270,134.867310,86.258895,86.054908,9.262932
17.063982,3.450205,49.807132,2.893188,64.249178,99.439770,104.262888,69.767482,25.094647,-19.865886
-19.618865,-35.895857,34.588584,-35.029464,4.100107,29.157966,53.803413,62.696745,38.678957,-25.900247
28.379335,18.204270,7.625252,20.004783,-7.750899,57.798932,49.266502,35.574603,7.302356,31.840620
11.201610,36.161704,-1.376749,-35.333812,23.856244,32.789481,84.381778,91.371569,77.551378,-24.372667
-13.998046,-31.269509,-27.687371,41.053542,35.989643,50.656366,97.948329,52.996260,58.693826,30.322896
3.606811,-36.692933,-13.681616,22.790870,-11.672393,94.273546,127.727989,37.912062,45.070288,53.663730
21.655646,1.180471,21.031809,28.762077,22.653798,79.832218,62.343129,52.165759,47.478185,17.161373
14.136966,-26.383415,34.345047,44.411122,50.004693,54.746965,67.613704,80.927682,59.035732,28.436151
-6.380166,-22.976340,6.221986,34.214865,36.315521,37.503331,69.475353,60.254921,19.657862,-3.664808
16.408950,-17.421564,-1.995244,26.762108,25.268400,62.849826,85.893865,80.158736,73.069081,15.998273
-12.265228,-22.701234,15.277643,6.316160,16.143357,73.323379,103.042353,44.443511,50.196483,49.743853
-8.275698,-16.200555,0.950758,-3.442584,12.009997,61.533246,69.192751,42.430432,47.241516,34.443595
-18.088569,39.801253,-14.675906,33.268351,-3.986358,26.722330,99.053953,47.813396,78.913637,48.308476
35.472622,30.480022,-18.149072,-19.527525,-14.427709,45.077448,75.507772,98.562689,71.753367,-18.818567
41.756477,-40.916186,1.701339,54.183164,36.116272,73.328441,50.632090,78.721389,89.863386,-11.224621
38.070597,8.675031,0.023421,39.254060,48.080280,30.269293,47.946168,17.068970,61.619295,59.809143
